league_id,league_name,week,matchup_id,roster_id,display_name,player_name,position,is_starter
1252802326628933632,League 1,1,5.0,1,Calcarro,Sam LaPorta,TE,True
1252802326628933632,League 1,1,5.0,1,Calcarro,Jake Bates,K,True
1252802326628933632,League 1,1,5.0,1,Calcarro,Rome Odunze,WR,True
1252802326628933632,League 1,1,5.0,1,Calcarro,Marvin Harrison,WR,True
1252802326628933632,League 1,1,5.0,1,Calcarro,Luther Burden,WR,False
1252802326628933632,League 1,1,5.0,1,Calcarro,Jacory Croskey-Merritt,RB,False
1252802326628933632,League 1,1,5.0,1,Calcarro,Isaac TeSlaa,WR,False
1252802326628933632,League 1,1,5.0,1,Calcarro,Christian Kirk,WR,False
1252802326628933632,League 1,1,5.0,1,Calcarro,Terry McLaurin,WR,True
1252802326628933632,League 1,1,5.0,1,Calcarro,Justin Herbert,QB,True
1252802326628933632,League 1,1,5.0,1,Calcarro,Jonathan Taylor,RB,True
1252802326628933632,League 1,1,5.0,1,Calcarro,Joshua Palmer,WR,False
1252802326628933632,League 1,1,5.0,1,Calcarro,Brian Robinson,RB,False
1252802326628933632,League 1,1,5.0,1,Calcarro,Jahmyr Gibbs,RB,True
1252802326628933632,League 1,1,5.0,1,Calcarro,Pittsburgh Steelers,DEF,True
1252802326628933632,League 1,1,3.0,2,garrettmowery,Ray Davis,RB,False
1252802326628933632,League 1,1,3.0,2,garrettmowery,Christian McCaffrey,RB,True
1252802326628933632,League 1,1,3.0,2,garrettmowery,Chris Godwin,WR,False
1252802326628933632,League 1,1,3.0,2,garrettmowery,Patrick Mahomes,QB,True
1252802326628933632,League 1,1,3.0,2,garrettmowery,George Kittle,TE,True
1252802326628933632,League 1,1,3.0,2,garrettmowery,Austin Ekeler,RB,False
1252802326628933632,League 1,1,3.0,2,garrettmowery,A.J. Brown,WR,True
1252802326628933632,League 1,1,3.0,2,garrettmowery,Michael Pittman,WR,False
1252802326628933632,League 1,1,3.0,2,garrettmowery,Travis Etienne,RB,False
1252802326628933632,League 1,1,3.0,2,garrettmowery,Evan McPherson,K,True
1252802326628933632,League 1,1,3.0,2,garrettmowery,Chris Olave,WR,True
1252802326628933632,League 1,1,3.0,2,garrettmowery,Garrett Wilson,WR,True
1252802326628933632,League 1,1,3.0,2,garrettmowery,Kenneth Walker,RB,True
1252802326628933632,League 1,1,3.0,2,garrettmowery,Kendre Miller,RB,False
1252802326628933632,League 1,1,3.0,2,garrettmowery,Kansas City Chiefs,DEF,True
1252802326628933632,League 1,1,6.0,3,Ouriginal,Jayden Reed,WR,False
1252802326628933632,League 1,1,6.0,3,Ouriginal,Dalton Kincaid,TE,False
1252802326628933632,League 1,1,6.0,3,Ouriginal,Brock Bowers,TE,True
1252802326628933632,League 1,1,6.0,3,Ouriginal,Ladd McConkey,WR,True
1252802326628933632,League 1,1,6.0,3,Ouriginal,Kaleb Johnson,RB,False
1252802326628933632,League 1,1,6.0,3,Ouriginal,Tre' Harris,WR,False
1252802326628933632,League 1,1,6.0,3,Ouriginal,Jake Elliott,K,True
1252802326628933632,League 1,1,6.0,3,Ouriginal,Saquon Barkley,RB,True
1252802326628933632,League 1,1,6.0,3,Ouriginal,DK Metcalf,WR,True
1252802326628933632,League 1,1,6.0,3,Ouriginal,Kyler Murray,QB,True
1252802326628933632,League 1,1,6.0,3,Ouriginal,Jaylen Waddle,WR,True
1252802326628933632,League 1,1,6.0,3,Ouriginal,Rashod Bateman,WR,False
1252802326628933632,League 1,1,6.0,3,Ouriginal,Brock Purdy,QB,False
1252802326628933632,League 1,1,6.0,3,Ouriginal,Isiah Pacheco,RB,True
1252802326628933632,League 1,1,6.0,3,Ouriginal,Philadelphia Eagles,DEF,True
1252802326628933632,League 1,1,4.0,4,pattycan,Rashee Rice,WR,False
1252802326628933632,League 1,1,4.0,4,pattycan,Drake Maye,QB,False
1252802326628933632,League 1,1,4.0,4,pattycan,Bhayshul Tuten,RB,False
1252802326628933632,League 1,1,4.0,4,pattycan,Emeka Egbuka,WR,True
1252802326628933632,League 1,1,4.0,4,pattycan,Adam Thielen,WR,False
1252802326628933632,League 1,1,4.0,4,pattycan,Joe Mixon,RB,False
1252802326628933632,League 1,1,4.0,4,pattycan,Lamar Jackson,QB,True
1252802326628933632,League 1,1,4.0,4,pattycan,Dallas Goedert,TE,False
1252802326628933632,League 1,1,4.0,4,pattycan,T.J. Hockenson,TE,True
1252802326628933632,League 1,1,4.0,4,pattycan,CeeDee Lamb,WR,True
1252802326628933632,League 1,1,4.0,4,pattycan,Jauan Jennings,WR,True
1252802326628933632,League 1,1,4.0,4,pattycan,Breece Hall,RB,True
1252802326628933632,League 1,1,4.0,4,pattycan,Cameron Dicker,K,True
1252802326628933632,League 1,1,4.0,4,pattycan,De'Von Achane,RB,True
1252802326628933632,League 1,1,4.0,4,pattycan,Baltimore Ravens,DEF,True
1252802326628933632,League 1,1,2.0,5,declancarroll,Bo Nix,QB,True
1252802326628933632,League 1,1,2.0,5,declancarroll,J.J. McCarthy,QB,False
1252802326628933632,League 1,1,2.0,5,declancarroll,Trey Benson,RB,False
1252802326628933632,League 1,1,2.0,5,declancarroll,Jalen Coker,WR,False
1252802326628933632,League 1,1,2.0,5,declancarroll,Mike Evans,WR,True
1252802326628933632,League 1,1,2.0,5,declancarroll,Darren Waller,TE,False
1252802326628933632,League 1,1,2.0,5,declancarroll,James Conner,RB,True
1252802326628933632,League 1,1,2.0,5,declancarroll,Younghoe Koo,K,True
1252802326628933632,League 1,1,2.0,5,declancarroll,Courtland Sutton,WR,True
1252802326628933632,League 1,1,2.0,5,declancarroll,David Montgomery,RB,False
1252802326628933632,League 1,1,2.0,5,declancarroll,J.K. Dobbins,RB,False
1252802326628933632,League 1,1,2.0,5,declancarroll,Darnell Mooney,WR,False
1252802326628933632,League 1,1,2.0,5,declancarroll,Ja'Marr Chase,WR,True
1252802326628933632,League 1,1,2.0,5,declancarroll,Chase Brown,RB,True
1252802326628933632,League 1,1,2.0,5,declancarroll,Tucker Kraft,TE,True
1252802326628933632,League 1,1,2.0,5,declancarroll,Josh Downs,WR,False
1252802326628933632,League 1,1,2.0,5,declancarroll,Jordan Addison,WR,False
1252802326628933632,League 1,1,2.0,5,declancarroll,Arizona Cardinals,DEF,True
1252802326628933632,League 1,1,6.0,6,kingcarrillo,Cam Skattebo,RB,False
1252802326628933632,League 1,1,6.0,6,kingcarrillo,Omarion Hampton,RB,True
1252802326628933632,League 1,1,6.0,6,kingcarrillo,Cam Ward,QB,False
1252802326628933632,League 1,1,6.0,6,kingcarrillo,David Njoku,TE,True
1252802326628933632,League 1,1,6.0,6,kingcarrillo,Alvin Kamara,RB,True
1252802326628933632,League 1,1,6.0,6,kingcarrillo,Baker Mayfield,QB,True
1252802326628933632,League 1,1,6.0,6,kingcarrillo,Nick Chubb,RB,False
1252802326628933632,League 1,1,6.0,6,kingcarrillo,Jakobi Meyers,WR,True
1252802326628933632,League 1,1,6.0,6,kingcarrillo,Chase McLaughlin,K,True
1252802326628933632,League 1,1,6.0,6,kingcarrillo,Nico Collins,WR,True
1252802326628933632,League 1,1,6.0,6,kingcarrillo,George Pickens,WR,False
1252802326628933632,League 1,1,6.0,6,kingcarrillo,Jerome Ford,RB,False
1252802326628933632,League 1,1,6.0,6,kingcarrillo,Rashid Shaheed,WR,False
1252802326628933632,League 1,1,6.0,6,kingcarrillo,Puka Nacua,WR,True
1252802326628933632,League 1,1,6.0,6,kingcarrillo,Buffalo Bills,DEF,True
1252802326628933632,League 1,1,1.0,7,NotKool,Malik Nabers,WR,True
1252802326628933632,League 1,1,1.0,7,NotKool,Ricky Pearsall,WR,False
1252802326628933632,League 1,1,1.0,7,NotKool,Elic Ayomanor,WR,False
1252802326628933632,League 1,1,1.0,7,NotKool,Tyler Warren,TE,True
1252802326628933632,League 1,1,1.0,7,NotKool,Dont'e Thornton,WR,False
1252802326628933632,League 1,1,1.0,7,NotKool,Tahj Brooks,RB,False
1252802326628933632,League 1,1,1.0,7,NotKool,Chris Boswell,K,True
1252802326628933632,League 1,1,1.0,7,NotKool,Tyreek Hill,WR,True
1252802326628933632,League 1,1,1.0,7,NotKool,Josh Allen,QB,True
1252802326628933632,League 1,1,1.0,7,NotKool,Tony Pollard,RB,True
1252802326628933632,League 1,1,1.0,7,NotKool,Chuba Hubbard,RB,True
1252802326628933632,League 1,1,1.0,7,NotKool,Tank Bigsby,RB,False
1252802326628933632,League 1,1,1.0,7,NotKool,Zach Charbonnet,RB,False
1252802326628933632,League 1,1,1.0,7,NotKool,Zay Flowers,WR,True
1252802326628933632,League 1,1,1.0,7,NotKool,Houston Texans,DEF,True
1252802326628933632,League 1,1,3.0,8,Shnickel,Jayden Daniels,QB,True
1252802326628933632,League 1,1,3.0,8,Shnickel,Braelon Allen,RB,False
1252802326628933632,League 1,1,3.0,8,Shnickel,Brian Thomas,WR,True
1252802326628933632,League 1,1,3.0,8,Shnickel,RJ Harvey,RB,False
1252802326628933632,League 1,1,3.0,8,Shnickel,Ashton Jeanty,RB,True
1252802326628933632,League 1,1,3.0,8,Shnickel,Travis Hunter,WR,False
1252802326628933632,League 1,1,3.0,8,Shnickel,Wil Lutz,K,True
1252802326628933632,League 1,1,3.0,8,Shnickel,Evan Engram,TE,True
1252802326628933632,League 1,1,3.0,8,Shnickel,Tee Higgins,WR,True
1252802326628933632,League 1,1,3.0,8,Shnickel,Brandon Aiyuk,WR,False
1252802326628933632,League 1,1,3.0,8,Shnickel,Najee Harris,RB,False
1252802326628933632,League 1,1,3.0,8,Shnickel,Rachaad White,RB,False
1252802326628933632,League 1,1,3.0,8,Shnickel,Jameson Williams,WR,True
1252802326628933632,League 1,1,3.0,8,Shnickel,Jaylen Warren,RB,True
1252802326628933632,League 1,1,3.0,8,Shnickel,Jordan Mason,RB,False
1252802326628933632,League 1,1,3.0,8,Shnickel,San Francisco 49ers,DEF,True
1252802326628933632,League 1,1,2.0,9,HurricaneEich,Brandon Aubrey,K,True
1252802326628933632,League 1,1,2.0,9,HurricaneEich,Colston Loveland,TE,True
1252802326628933632,League 1,1,2.0,9,HurricaneEich,Tyler Loop,K,False
1252802326628933632,League 1,1,2.0,9,HurricaneEich,Davante Adams,WR,True
1252802326628933632,League 1,1,2.0,9,HurricaneEich,Derrick Henry,RB,True
1252802326628933632,League 1,1,2.0,9,HurricaneEich,Josh Jacobs,RB,True
1252802326628933632,League 1,1,2.0,9,HurricaneEich,Deebo Samuel,WR,False
1252802326628933632,League 1,1,2.0,9,HurricaneEich,Jerry Jeudy,WR,True
1252802326628933632,League 1,1,2.0,9,HurricaneEich,Jalen Hurts,QB,True
1252802326628933632,League 1,1,2.0,9,HurricaneEich,DeVonta Smith,WR,True
1252802326628933632,League 1,1,2.0,9,HurricaneEich,Jake Ferguson,TE,False
1252802326628933632,League 1,1,2.0,9,HurricaneEich,Marvin Mims,WR,False
1252802326628933632,League 1,1,2.0,9,HurricaneEich,C.J. Stroud,QB,False
1252802326628933632,League 1,1,2.0,9,HurricaneEich,Denver Broncos,DEF,True
1252802326628933632,League 1,1,2.0,9,HurricaneEich,Detroit Lions,DEF,False
1252802326628933632,League 1,1,1.0,10,arturowong,Bucky Irving,RB,True
1252802326628933632,League 1,1,1.0,10,arturowong,Cam Little,K,True
1252802326628933632,League 1,1,1.0,10,arturowong,Ollie Gordon,RB,False
1252802326628933632,League 1,1,1.0,10,arturowong,Tetairoa McMillan,WR,True
1252802326628933632,League 1,1,1.0,10,arturowong,Keenan Allen,WR,False
1252802326628933632,League 1,1,1.0,10,arturowong,Stefon Diggs,WR,False
1252802326628933632,League 1,1,1.0,10,arturowong,Dak Prescott,QB,True
1252802326628933632,League 1,1,1.0,10,arturowong,Aaron Jones,RB,False
1252802326628933632,League 1,1,1.0,10,arturowong,DJ Moore,WR,True
1252802326628933632,League 1,1,1.0,10,arturowong,Mark Andrews,TE,True
1252802326628933632,League 1,1,1.0,10,arturowong,Kyle Pitts,TE,False
1252802326628933632,League 1,1,1.0,10,arturowong,Justin Fields,QB,False
1252802326628933632,League 1,1,1.0,10,arturowong,Jaxon Smith-Njigba,WR,True
1252802326628933632,League 1,1,1.0,10,arturowong,Bijan Robinson,RB,True
1252802326628933632,League 1,1,1.0,10,arturowong,Green Bay Packers,DEF,True
1252802326628933632,League 1,1,4.0,11,ChexMixChester,Tyrone Tracy,RB,False
1252802326628933632,League 1,1,4.0,11,ChexMixChester,Jaydon Blue,RB,False
1252802326628933632,League 1,1,4.0,11,ChexMixChester,Quinshon Judkins,RB,False
1252802326628933632,League 1,1,4.0,11,ChexMixChester,TreVeyon Henderson,RB,True
1252802326628933632,League 1,1,4.0,11,ChexMixChester,Travis Kelce,TE,True
1252802326628933632,League 1,1,4.0,11,ChexMixChester,Jared Goff,QB,True
1252802326628933632,League 1,1,4.0,11,ChexMixChester,Jonnu Smith,TE,False
1252802326628933632,League 1,1,4.0,11,ChexMixChester,Harrison Butker,K,True
1252802326628933632,League 1,1,4.0,11,ChexMixChester,Calvin Ridley,WR,True
1252802326628933632,League 1,1,4.0,11,ChexMixChester,Amon-Ra St. Brown,WR,True
1252802326628933632,League 1,1,4.0,11,ChexMixChester,Rhamondre Stevenson,RB,False
1252802326628933632,League 1,1,4.0,11,ChexMixChester,Drake London,WR,True
1252802326628933632,League 1,1,4.0,11,ChexMixChester,Khalil Shakir,WR,False
1252802326628933632,League 1,1,4.0,11,ChexMixChester,James Cook,RB,True
1252802326628933632,League 1,1,4.0,11,ChexMixChester,Washington Commanders,DEF,True
1252802326628933632,League 1,1,5.0,12,Vishiga,Caleb Williams,QB,False
1252802326628933632,League 1,1,5.0,12,Vishiga,Xavier Worthy,WR,True
1252802326628933632,League 1,1,5.0,12,Vishiga,Keon Coleman,WR,False
1252802326628933632,League 1,1,5.0,12,Vishiga,Jayden Higgins,WR,False
1252802326628933632,League 1,1,5.0,12,Vishiga,Matthew Golden,WR,False
1252802326628933632,League 1,1,5.0,12,Vishiga,Zach Ertz,TE,False
1252802326628933632,League 1,1,5.0,12,Vishiga,Ka'imi Fairbairn,K,True
1252802326628933632,League 1,1,5.0,12,Vishiga,Cooper Kupp,WR,False
1252802326628933632,League 1,1,5.0,12,Vishiga,Joe Burrow,QB,True
1252802326628933632,League 1,1,5.0,12,Vishiga,D'Andre Swift,RB,True
1252802326628933632,League 1,1,5.0,12,Vishiga,Justin Jefferson,WR,True
1252802326628933632,League 1,1,5.0,12,Vishiga,Javonte Williams,RB,True
1252802326628933632,League 1,1,5.0,12,Vishiga,Trey McBride,TE,True
1252802326628933632,League 1,1,5.0,12,Vishiga,Kyren Williams,RB,True
1252802326628933632,League 1,1,5.0,12,Vishiga,Minnesota Vikings,DEF,True
1252802326628933632,League 1,2,6.0,1,Calcarro,Sam LaPorta,TE,True
1252802326628933632,League 1,2,6.0,1,Calcarro,Jake Bates,K,True
1252802326628933632,League 1,2,6.0,1,Calcarro,Rome Odunze,WR,False
1252802326628933632,League 1,2,6.0,1,Calcarro,Marvin Harrison,WR,True
1252802326628933632,League 1,2,6.0,1,Calcarro,Luther Burden,WR,False
1252802326628933632,League 1,2,6.0,1,Calcarro,Jacory Croskey-Merritt,RB,True
1252802326628933632,League 1,2,6.0,1,Calcarro,Isaac TeSlaa,WR,False
1252802326628933632,League 1,2,6.0,1,Calcarro,Christian Kirk,WR,False
1252802326628933632,League 1,2,6.0,1,Calcarro,Terry McLaurin,WR,True
1252802326628933632,League 1,2,6.0,1,Calcarro,Justin Herbert,QB,True
1252802326628933632,League 1,2,6.0,1,Calcarro,Jonathan Taylor,RB,True
1252802326628933632,League 1,2,6.0,1,Calcarro,Joshua Palmer,WR,False
1252802326628933632,League 1,2,6.0,1,Calcarro,Brian Robinson,RB,False
1252802326628933632,League 1,2,6.0,1,Calcarro,Jahmyr Gibbs,RB,True
1252802326628933632,League 1,2,6.0,1,Calcarro,Pittsburgh Steelers,DEF,True
1252802326628933632,League 1,2,3.0,2,garrettmowery,Ray Davis,RB,False
1252802326628933632,League 1,2,3.0,2,garrettmowery,Hunter Henry,TE,True
1252802326628933632,League 1,2,3.0,2,garrettmowery,Christian McCaffrey,RB,True
1252802326628933632,League 1,2,3.0,2,garrettmowery,Chris Godwin,WR,False
1252802326628933632,League 1,2,3.0,2,garrettmowery,Patrick Mahomes,QB,True
1252802326628933632,League 1,2,3.0,2,garrettmowery,George Kittle,TE,False
1252802326628933632,League 1,2,3.0,2,garrettmowery,Austin Ekeler,RB,False
1252802326628933632,League 1,2,3.0,2,garrettmowery,A.J. Brown,WR,True
1252802326628933632,League 1,2,3.0,2,garrettmowery,Michael Pittman,WR,False
1252802326628933632,League 1,2,3.0,2,garrettmowery,Travis Etienne,RB,True
1252802326628933632,League 1,2,3.0,2,garrettmowery,Evan McPherson,K,True
1252802326628933632,League 1,2,3.0,2,garrettmowery,Chris Olave,WR,True
1252802326628933632,League 1,2,3.0,2,garrettmowery,Garrett Wilson,WR,True
1252802326628933632,League 1,2,3.0,2,garrettmowery,Kenneth Walker,RB,False
1252802326628933632,League 1,2,3.0,2,garrettmowery,Kendre Miller,RB,False
1252802326628933632,League 1,2,3.0,2,garrettmowery,Kansas City Chiefs,DEF,True
1252802326628933632,League 1,2,5.0,3,Ouriginal,Jayden Reed,WR,False
1252802326628933632,League 1,2,5.0,3,Ouriginal,Dalton Kincaid,TE,False
1252802326628933632,League 1,2,5.0,3,Ouriginal,Brock Bowers,TE,True
1252802326628933632,League 1,2,5.0,3,Ouriginal,Ladd McConkey,WR,True
1252802326628933632,League 1,2,5.0,3,Ouriginal,Kaleb Johnson,RB,False
1252802326628933632,League 1,2,5.0,3,Ouriginal,Tre' Harris,WR,False
1252802326628933632,League 1,2,5.0,3,Ouriginal,Jake Elliott,K,True
1252802326628933632,League 1,2,5.0,3,Ouriginal,Saquon Barkley,RB,True
1252802326628933632,League 1,2,5.0,3,Ouriginal,DK Metcalf,WR,True
1252802326628933632,League 1,2,5.0,3,Ouriginal,Kyler Murray,QB,True
1252802326628933632,League 1,2,5.0,3,Ouriginal,Jaylen Waddle,WR,True
1252802326628933632,League 1,2,5.0,3,Ouriginal,Rashod Bateman,WR,False
1252802326628933632,League 1,2,5.0,3,Ouriginal,Wan'Dale Robinson,WR,False
1252802326628933632,League 1,2,5.0,3,Ouriginal,Brock Purdy,QB,False
1252802326628933632,League 1,2,5.0,3,Ouriginal,Isiah Pacheco,RB,True
1252802326628933632,League 1,2,5.0,3,Ouriginal,Philadelphia Eagles,DEF,True
1252802326628933632,League 1,2,4.0,4,pattycan,Rashee Rice,WR,False
1252802326628933632,League 1,2,4.0,4,pattycan,Drake Maye,QB,False
1252802326628933632,League 1,2,4.0,4,pattycan,Bhayshul Tuten,RB,False
1252802326628933632,League 1,2,4.0,4,pattycan,Emeka Egbuka,WR,True
1252802326628933632,League 1,2,4.0,4,pattycan,Adam Thielen,WR,False
1252802326628933632,League 1,2,4.0,4,pattycan,Joe Mixon,RB,False
1252802326628933632,League 1,2,4.0,4,pattycan,Lamar Jackson,QB,True
1252802326628933632,League 1,2,4.0,4,pattycan,Dallas Goedert,TE,False
1252802326628933632,League 1,2,4.0,4,pattycan,T.J. Hockenson,TE,True
1252802326628933632,League 1,2,4.0,4,pattycan,CeeDee Lamb,WR,True
1252802326628933632,League 1,2,4.0,4,pattycan,Jauan Jennings,WR,True
1252802326628933632,League 1,2,4.0,4,pattycan,Breece Hall,RB,True
1252802326628933632,League 1,2,4.0,4,pattycan,Cameron Dicker,K,True
1252802326628933632,League 1,2,4.0,4,pattycan,De'Von Achane,RB,True
1252802326628933632,League 1,2,4.0,4,pattycan,Baltimore Ravens,DEF,True
1252802326628933632,League 1,2,1.0,5,declancarroll,Bo Nix,QB,False
1252802326628933632,League 1,2,1.0,5,declancarroll,J.J. McCarthy,QB,True
1252802326628933632,League 1,2,1.0,5,declancarroll,Trey Benson,RB,False
1252802326628933632,League 1,2,1.0,5,declancarroll,Dylan Sampson,RB,False
1252802326628933632,League 1,2,1.0,5,declancarroll,Mike Evans,WR,True
1252802326628933632,League 1,2,1.0,5,declancarroll,James Conner,RB,True
1252802326628933632,League 1,2,1.0,5,declancarroll,Courtland Sutton,WR,True
1252802326628933632,League 1,2,1.0,5,declancarroll,Daniel Carlson,K,True
1252802326628933632,League 1,2,1.0,5,declancarroll,David Montgomery,RB,False
1252802326628933632,League 1,2,1.0,5,declancarroll,J.K. Dobbins,RB,False
1252802326628933632,League 1,2,1.0,5,declancarroll,Darnell Mooney,WR,False
1252802326628933632,League 1,2,1.0,5,declancarroll,Ja'Marr Chase,WR,True
1252802326628933632,League 1,2,1.0,5,declancarroll,Chase Brown,RB,True
1252802326628933632,League 1,2,1.0,5,declancarroll,Tucker Kraft,TE,True
1252802326628933632,League 1,2,1.0,5,declancarroll,Jordan Addison,WR,False
1252802326628933632,League 1,2,1.0,5,declancarroll,Arizona Cardinals,DEF,True
1252802326628933632,League 1,2,6.0,6,kingcarrillo,Harold Fannin,TE,True
1252802326628933632,League 1,2,6.0,6,kingcarrillo,Omarion Hampton,RB,False
1252802326628933632,League 1,2,6.0,6,kingcarrillo,David Njoku,TE,False
1252802326628933632,League 1,2,6.0,6,kingcarrillo,Alvin Kamara,RB,True
1252802326628933632,League 1,2,6.0,6,kingcarrillo,Baker Mayfield,QB,True
1252802326628933632,League 1,2,6.0,6,kingcarrillo,Nick Chubb,RB,True
1252802326628933632,League 1,2,6.0,6,kingcarrillo,Jakobi Meyers,WR,True
1252802326628933632,League 1,2,6.0,6,kingcarrillo,Chase McLaughlin,K,True
1252802326628933632,League 1,2,6.0,6,kingcarrillo,Nico Collins,WR,True
1252802326628933632,League 1,2,6.0,6,kingcarrillo,Calvin Austin,WR,False
1252802326628933632,League 1,2,6.0,6,kingcarrillo,George Pickens,WR,False
1252802326628933632,League 1,2,6.0,6,kingcarrillo,Rashid Shaheed,WR,False
1252802326628933632,League 1,2,6.0,6,kingcarrillo,Puka Nacua,WR,True
1252802326628933632,League 1,2,6.0,6,kingcarrillo,Quentin Johnston,WR,False
1252802326628933632,League 1,2,6.0,6,kingcarrillo,Dallas Cowboys,DEF,True
1252802326628933632,League 1,2,1.0,7,NotKool,Malik Nabers,WR,True
1252802326628933632,League 1,2,1.0,7,NotKool,Ricky Pearsall,WR,True
1252802326628933632,League 1,2,1.0,7,NotKool,Elic Ayomanor,WR,False
1252802326628933632,League 1,2,1.0,7,NotKool,Tyler Warren,TE,True
1252802326628933632,League 1,2,1.0,7,NotKool,Dont'e Thornton,WR,False
1252802326628933632,League 1,2,1.0,7,NotKool,Chris Boswell,K,True
1252802326628933632,League 1,2,1.0,7,NotKool,Tyreek Hill,WR,False
1252802326628933632,League 1,2,1.0,7,NotKool,Josh Allen,QB,True
1252802326628933632,League 1,2,1.0,7,NotKool,Tony Pollard,RB,True
1252802326628933632,League 1,2,1.0,7,NotKool,Chuba Hubbard,RB,True
1252802326628933632,League 1,2,1.0,7,NotKool,Tank Bigsby,RB,False
1252802326628933632,League 1,2,1.0,7,NotKool,Kayshon Boutte,WR,False
1252802326628933632,League 1,2,1.0,7,NotKool,Zach Charbonnet,RB,False
1252802326628933632,League 1,2,1.0,7,NotKool,Zay Flowers,WR,True
1252802326628933632,League 1,2,1.0,7,NotKool,Houston Texans,DEF,True
1252802326628933632,League 1,2,4.0,8,Shnickel,Jayden Daniels,QB,True
1252802326628933632,League 1,2,4.0,8,Shnickel,Braelon Allen,RB,False
1252802326628933632,League 1,2,4.0,8,Shnickel,Brian Thomas,WR,True
1252802326628933632,League 1,2,4.0,8,Shnickel,RJ Harvey,RB,False
1252802326628933632,League 1,2,4.0,8,Shnickel,Ashton Jeanty,RB,True
1252802326628933632,League 1,2,4.0,8,Shnickel,Travis Hunter,WR,False
1252802326628933632,League 1,2,4.0,8,Shnickel,Wil Lutz,K,True
1252802326628933632,League 1,2,4.0,8,Shnickel,Evan Engram,TE,False
1252802326628933632,League 1,2,4.0,8,Shnickel,Tee Higgins,WR,True
1252802326628933632,League 1,2,4.0,8,Shnickel,Brandon Aiyuk,WR,False
1252802326628933632,League 1,2,4.0,8,Shnickel,Juwan Johnson,TE,True
1252802326628933632,League 1,2,4.0,8,Shnickel,Najee Harris,RB,False
1252802326628933632,League 1,2,4.0,8,Shnickel,Jameson Williams,WR,True
1252802326628933632,League 1,2,4.0,8,Shnickel,Jaylen Warren,RB,True
1252802326628933632,League 1,2,4.0,8,Shnickel,Jordan Mason,RB,False
1252802326628933632,League 1,2,4.0,8,Shnickel,San Francisco 49ers,DEF,True
1252802326628933632,League 1,2,2.0,9,HurricaneEich,Brandon Aubrey,K,True
1252802326628933632,League 1,2,2.0,9,HurricaneEich,Colston Loveland,TE,False
1252802326628933632,League 1,2,2.0,9,HurricaneEich,Tyler Loop,K,False
1252802326628933632,League 1,2,2.0,9,HurricaneEich,Davante Adams,WR,True
1252802326628933632,League 1,2,2.0,9,HurricaneEich,Derrick Henry,RB,True
1252802326628933632,League 1,2,2.0,9,HurricaneEich,Josh Jacobs,RB,True
1252802326628933632,League 1,2,2.0,9,HurricaneEich,Deebo Samuel,WR,True
1252802326628933632,League 1,2,2.0,9,HurricaneEich,Jerry Jeudy,WR,False
1252802326628933632,League 1,2,2.0,9,HurricaneEich,Jalen Hurts,QB,True
1252802326628933632,League 1,2,2.0,9,HurricaneEich,DeVonta Smith,WR,True
1252802326628933632,League 1,2,2.0,9,HurricaneEich,Jake Ferguson,TE,True
1252802326628933632,League 1,2,2.0,9,HurricaneEich,Marvin Mims,WR,False
1252802326628933632,League 1,2,2.0,9,HurricaneEich,C.J. Stroud,QB,False
1252802326628933632,League 1,2,2.0,9,HurricaneEich,Denver Broncos,DEF,True
1252802326628933632,League 1,2,2.0,9,HurricaneEich,Detroit Lions,DEF,False
1252802326628933632,League 1,2,2.0,10,arturowong,Bucky Irving,RB,True
1252802326628933632,League 1,2,2.0,10,arturowong,Cam Little,K,True
1252802326628933632,League 1,2,2.0,10,arturowong,Cam Skattebo,RB,False
1252802326628933632,League 1,2,2.0,10,arturowong,Tetairoa McMillan,WR,True
1252802326628933632,League 1,2,2.0,10,arturowong,Keenan Allen,WR,True
1252802326628933632,League 1,2,2.0,10,arturowong,Stefon Diggs,WR,False
1252802326628933632,League 1,2,2.0,10,arturowong,Dak Prescott,QB,False
1252802326628933632,League 1,2,2.0,10,arturowong,Aaron Jones,RB,False
1252802326628933632,League 1,2,2.0,10,arturowong,DJ Moore,WR,False
1252802326628933632,League 1,2,2.0,10,arturowong,Mark Andrews,TE,False
1252802326628933632,League 1,2,2.0,10,arturowong,Kyle Pitts,TE,True
1252802326628933632,League 1,2,2.0,10,arturowong,Justin Fields,QB,True
1252802326628933632,League 1,2,2.0,10,arturowong,Jaxon Smith-Njigba,WR,True
1252802326628933632,League 1,2,2.0,10,arturowong,Bijan Robinson,RB,True
1252802326628933632,League 1,2,2.0,10,arturowong,Green Bay Packers,DEF,True
1252802326628933632,League 1,2,3.0,11,ChexMixChester,Tyrone Tracy,RB,False
1252802326628933632,League 1,2,3.0,11,ChexMixChester,Jaydon Blue,RB,False
1252802326628933632,League 1,2,3.0,11,ChexMixChester,Quinshon Judkins,RB,False
1252802326628933632,League 1,2,3.0,11,ChexMixChester,TreVeyon Henderson,RB,True
1252802326628933632,League 1,2,3.0,11,ChexMixChester,Travis Kelce,TE,True
1252802326628933632,League 1,2,3.0,11,ChexMixChester,Jared Goff,QB,True
1252802326628933632,League 1,2,3.0,11,ChexMixChester,Jonnu Smith,TE,False
1252802326628933632,League 1,2,3.0,11,ChexMixChester,Harrison Butker,K,True
1252802326628933632,League 1,2,3.0,11,ChexMixChester,Calvin Ridley,WR,True
1252802326628933632,League 1,2,3.0,11,ChexMixChester,Amon-Ra St. Brown,WR,True
1252802326628933632,League 1,2,3.0,11,ChexMixChester,Rhamondre Stevenson,RB,False
1252802326628933632,League 1,2,3.0,11,ChexMixChester,Drake London,WR,True
1252802326628933632,League 1,2,3.0,11,ChexMixChester,Khalil Shakir,WR,False
1252802326628933632,League 1,2,3.0,11,ChexMixChester,James Cook,RB,True
1252802326628933632,League 1,2,3.0,11,ChexMixChester,Washington Commanders,DEF,True
1252802326628933632,League 1,2,5.0,12,Vishiga,Caleb Williams,QB,False
1252802326628933632,League 1,2,5.0,12,Vishiga,Xavier Worthy,WR,False
1252802326628933632,League 1,2,5.0,12,Vishiga,Keon Coleman,WR,True
1252802326628933632,League 1,2,5.0,12,Vishiga,Jayden Higgins,WR,False
1252802326628933632,League 1,2,5.0,12,Vishiga,Matthew Golden,WR,False
1252802326628933632,League 1,2,5.0,12,Vishiga,Zach Ertz,TE,False
1252802326628933632,League 1,2,5.0,12,Vishiga,Ka'imi Fairbairn,K,True
1252802326628933632,League 1,2,5.0,12,Vishiga,Cooper Kupp,WR,False
1252802326628933632,League 1,2,5.0,12,Vishiga,Marquise Brown,WR,True
1252802326628933632,League 1,2,5.0,12,Vishiga,Joe Burrow,QB,True
1252802326628933632,League 1,2,5.0,12,Vishiga,D'Andre Swift,RB,False
1252802326628933632,League 1,2,5.0,12,Vishiga,Justin Jefferson,WR,True
1252802326628933632,League 1,2,5.0,12,Vishiga,Javonte Williams,RB,True
1252802326628933632,League 1,2,5.0,12,Vishiga,Trey McBride,TE,True
1252802326628933632,League 1,2,5.0,12,Vishiga,Kyren Williams,RB,True
1252802326628933632,League 1,2,5.0,12,Vishiga,Minnesota Vikings,DEF,True
1252802326628933632,League 1,3,6.0,1,Calcarro,Sam LaPorta,TE,True
1252802326628933632,League 1,3,6.0,1,Calcarro,Jake Bates,K,True
1252802326628933632,League 1,3,6.0,1,Calcarro,Rome Odunze,WR,True
1252802326628933632,League 1,3,6.0,1,Calcarro,Marvin Harrison,WR,True
1252802326628933632,League 1,3,6.0,1,Calcarro,Luther Burden,WR,False
1252802326628933632,League 1,3,6.0,1,Calcarro,Jacory Croskey-Merritt,RB,False
1252802326628933632,League 1,3,6.0,1,Calcarro,Isaac TeSlaa,WR,False
1252802326628933632,League 1,3,6.0,1,Calcarro,Terry McLaurin,WR,True
1252802326628933632,League 1,3,6.0,1,Calcarro,Justin Herbert,QB,True
1252802326628933632,League 1,3,6.0,1,Calcarro,Jonathan Taylor,RB,True
1252802326628933632,League 1,3,6.0,1,Calcarro,Joshua Palmer,WR,False
1252802326628933632,League 1,3,6.0,1,Calcarro,Tyler Allgeier,RB,False
1252802326628933632,League 1,3,6.0,1,Calcarro,Brian Robinson,RB,False
1252802326628933632,League 1,3,6.0,1,Calcarro,Jahmyr Gibbs,RB,True
1252802326628933632,League 1,3,6.0,1,Calcarro,Pittsburgh Steelers,DEF,True
1252802326628933632,League 1,3,3.0,2,garrettmowery,Ray Davis,RB,False
1252802326628933632,League 1,3,3.0,2,garrettmowery,Zach Ertz,TE,True
1252802326628933632,League 1,3,3.0,2,garrettmowery,Christian McCaffrey,RB,True
1252802326628933632,League 1,3,3.0,2,garrettmowery,Chris Godwin,WR,False
1252802326628933632,League 1,3,3.0,2,garrettmowery,Patrick Mahomes,QB,True
1252802326628933632,League 1,3,3.0,2,garrettmowery,George Kittle,TE,False
1252802326628933632,League 1,3,3.0,2,garrettmowery,Austin Ekeler,RB,False
1252802326628933632,League 1,3,3.0,2,garrettmowery,Christian Kirk,WR,False
1252802326628933632,League 1,3,3.0,2,garrettmowery,A.J. Brown,WR,True
1252802326628933632,League 1,3,3.0,2,garrettmowery,Michael Pittman,WR,False
1252802326628933632,League 1,3,3.0,2,garrettmowery,Travis Etienne,RB,True
1252802326628933632,League 1,3,3.0,2,garrettmowery,Evan McPherson,K,True
1252802326628933632,League 1,3,3.0,2,garrettmowery,Chris Olave,WR,False
1252802326628933632,League 1,3,3.0,2,garrettmowery,Garrett Wilson,WR,True
1252802326628933632,League 1,3,3.0,2,garrettmowery,Kenneth Walker,RB,True
1252802326628933632,League 1,3,3.0,2,garrettmowery,Kendre Miller,RB,False
1252802326628933632,League 1,3,3.0,2,garrettmowery,Kansas City Chiefs,DEF,True
1252802326628933632,League 1,3,6.0,3,Ouriginal,Jayden Reed,WR,False
1252802326628933632,League 1,3,6.0,3,Ouriginal,Dalton Kincaid,TE,False
1252802326628933632,League 1,3,6.0,3,Ouriginal,Brock Bowers,TE,True
1252802326628933632,League 1,3,6.0,3,Ouriginal,Ladd McConkey,WR,True
1252802326628933632,League 1,3,6.0,3,Ouriginal,Kaleb Johnson,RB,False
1252802326628933632,League 1,3,6.0,3,Ouriginal,Jake Elliott,K,True
1252802326628933632,League 1,3,6.0,3,Ouriginal,Saquon Barkley,RB,True
1252802326628933632,League 1,3,6.0,3,Ouriginal,DK Metcalf,WR,True
1252802326628933632,League 1,3,6.0,3,Ouriginal,Kyler Murray,QB,True
1252802326628933632,League 1,3,6.0,3,Ouriginal,Jaylen Waddle,WR,False
1252802326628933632,League 1,3,6.0,3,Ouriginal,Rashod Bateman,WR,False
1252802326628933632,League 1,3,6.0,3,Ouriginal,Wan'Dale Robinson,WR,True
1252802326628933632,League 1,3,6.0,3,Ouriginal,Brock Purdy,QB,False
1252802326628933632,League 1,3,6.0,3,Ouriginal,Isiah Pacheco,RB,True
1252802326628933632,League 1,3,6.0,3,Ouriginal,New England Patriots,DEF,False
1252802326628933632,League 1,3,6.0,3,Ouriginal,Philadelphia Eagles,DEF,True
1252802326628933632,League 1,3,3.0,4,pattycan,Drake Maye,QB,False
1252802326628933632,League 1,3,3.0,4,pattycan,Bhayshul Tuten,RB,False
1252802326628933632,League 1,3,3.0,4,pattycan,Emeka Egbuka,WR,True
1252802326628933632,League 1,3,3.0,4,pattycan,Adam Thielen,WR,False
1252802326628933632,League 1,3,3.0,4,pattycan,Joe Mixon,RB,False
1252802326628933632,League 1,3,3.0,4,pattycan,Kendrick Bourne,WR,True
1252802326628933632,League 1,3,3.0,4,pattycan,Lamar Jackson,QB,True
1252802326628933632,League 1,3,3.0,4,pattycan,Dallas Goedert,TE,False
1252802326628933632,League 1,3,3.0,4,pattycan,T.J. Hockenson,TE,True
1252802326628933632,League 1,3,3.0,4,pattycan,CeeDee Lamb,WR,True
1252802326628933632,League 1,3,3.0,4,pattycan,Jauan Jennings,WR,False
1252802326628933632,League 1,3,3.0,4,pattycan,Breece Hall,RB,True
1252802326628933632,League 1,3,3.0,4,pattycan,Cameron Dicker,K,True
1252802326628933632,League 1,3,3.0,4,pattycan,De'Von Achane,RB,True
1252802326628933632,League 1,3,3.0,4,pattycan,Baltimore Ravens,DEF,True
1252802326628933632,League 1,3,2.0,5,declancarroll,Bo Nix,QB,True
1252802326628933632,League 1,3,2.0,5,declancarroll,Trey Benson,RB,False
1252802326628933632,League 1,3,2.0,5,declancarroll,Xavier Worthy,WR,False
1252802326628933632,League 1,3,2.0,5,declancarroll,Dylan Sampson,RB,False
1252802326628933632,League 1,3,2.0,5,declancarroll,Mike Evans,WR,True
1252802326628933632,League 1,3,2.0,5,declancarroll,James Conner,RB,True
1252802326628933632,League 1,3,2.0,5,declancarroll,Courtland Sutton,WR,False
1252802326628933632,League 1,3,2.0,5,declancarroll,Daniel Carlson,K,True
1252802326628933632,League 1,3,2.0,5,declancarroll,David Montgomery,RB,False
1252802326628933632,League 1,3,2.0,5,declancarroll,J.K. Dobbins,RB,True
1252802326628933632,League 1,3,2.0,5,declancarroll,Darnell Mooney,WR,False
1252802326628933632,League 1,3,2.0,5,declancarroll,Ja'Marr Chase,WR,True
1252802326628933632,League 1,3,2.0,5,declancarroll,Chase Brown,RB,True
1252802326628933632,League 1,3,2.0,5,declancarroll,Tucker Kraft,TE,True
1252802326628933632,League 1,3,2.0,5,declancarroll,Jordan Addison,WR,False
1252802326628933632,League 1,3,2.0,5,declancarroll,Tampa Bay Buccaneers,DEF,True
1252802326628933632,League 1,3,5.0,6,kingcarrillo,Harold Fannin,TE,True
1252802326628933632,League 1,3,5.0,6,kingcarrillo,Omarion Hampton,RB,False
1252802326628933632,League 1,3,5.0,6,kingcarrillo,Matt Prater,K,True
1252802326628933632,League 1,3,5.0,6,kingcarrillo,David Njoku,TE,False
1252802326628933632,League 1,3,5.0,6,kingcarrillo,Alvin Kamara,RB,True
1252802326628933632,League 1,3,5.0,6,kingcarrillo,Baker Mayfield,QB,True
1252802326628933632,League 1,3,5.0,6,kingcarrillo,Nick Chubb,RB,True
1252802326628933632,League 1,3,5.0,6,kingcarrillo,Jakobi Meyers,WR,False
1252802326628933632,League 1,3,5.0,6,kingcarrillo,Nico Collins,WR,True
1252802326628933632,League 1,3,5.0,6,kingcarrillo,Calvin Austin,WR,False
1252802326628933632,League 1,3,5.0,6,kingcarrillo,George Pickens,WR,True
1252802326628933632,League 1,3,5.0,6,kingcarrillo,Rashid Shaheed,WR,False
1252802326628933632,League 1,3,5.0,6,kingcarrillo,Puka Nacua,WR,True
1252802326628933632,League 1,3,5.0,6,kingcarrillo,Quentin Johnston,WR,False
1252802326628933632,League 1,3,5.0,6,kingcarrillo,Seattle Seahawks,DEF,True
1252802326628933632,League 1,3,1.0,7,NotKool,Malik Nabers,WR,True
1252802326628933632,League 1,3,1.0,7,NotKool,Ricky Pearsall,WR,True
1252802326628933632,League 1,3,1.0,7,NotKool,Elic Ayomanor,WR,False
1252802326628933632,League 1,3,1.0,7,NotKool,Tyler Warren,TE,True
1252802326628933632,League 1,3,1.0,7,NotKool,Chris Boswell,K,True
1252802326628933632,League 1,3,1.0,7,NotKool,Tyreek Hill,WR,False
1252802326628933632,League 1,3,1.0,7,NotKool,Josh Allen,QB,True
1252802326628933632,League 1,3,1.0,7,NotKool,Tony Pollard,RB,True
1252802326628933632,League 1,3,1.0,7,NotKool,Chuba Hubbard,RB,True
1252802326628933632,League 1,3,1.0,7,NotKool,Rachaad White,RB,False
1252802326628933632,League 1,3,1.0,7,NotKool,Kayshon Boutte,WR,False
1252802326628933632,League 1,3,1.0,7,NotKool,Zach Charbonnet,RB,False
1252802326628933632,League 1,3,1.0,7,NotKool,Zay Flowers,WR,True
1252802326628933632,League 1,3,1.0,7,NotKool,Atlanta Falcons,DEF,True
1252802326628933632,League 1,3,1.0,7,NotKool,Houston Texans,DEF,False
1252802326628933632,League 1,3,4.0,8,Shnickel,Caleb Williams,QB,True
1252802326628933632,League 1,3,4.0,8,Shnickel,Jayden Daniels,QB,False
1252802326628933632,League 1,3,4.0,8,Shnickel,Brian Thomas,WR,True
1252802326628933632,League 1,3,4.0,8,Shnickel,RJ Harvey,RB,False
1252802326628933632,League 1,3,4.0,8,Shnickel,Ashton Jeanty,RB,True
1252802326628933632,League 1,3,4.0,8,Shnickel,Travis Hunter,WR,False
1252802326628933632,League 1,3,4.0,8,Shnickel,Kyle Monangai,RB,False
1252802326628933632,League 1,3,4.0,8,Shnickel,Evan Engram,TE,False
1252802326628933632,League 1,3,4.0,8,Shnickel,Kareem Hunt,RB,False
1252802326628933632,League 1,3,4.0,8,Shnickel,Tee Higgins,WR,False
1252802326628933632,League 1,3,4.0,8,Shnickel,Brandon Aiyuk,WR,False
1252802326628933632,League 1,3,4.0,8,Shnickel,Juwan Johnson,TE,True
1252802326628933632,League 1,3,4.0,8,Shnickel,Najee Harris,RB,False
1252802326628933632,League 1,3,4.0,8,Shnickel,Jameson Williams,WR,True
1252802326628933632,League 1,3,4.0,8,Shnickel,Jaylen Warren,RB,True
1252802326628933632,League 1,3,4.0,8,Shnickel,Jordan Mason,RB,True
1252802326628933632,League 1,3,4.0,8,Shnickel,Parker Romo,K,True
1252802326628933632,League 1,3,4.0,8,Shnickel,San Francisco 49ers,DEF,True
1252802326628933632,League 1,3,1.0,9,HurricaneEich,Brandon Aubrey,K,True
1252802326628933632,League 1,3,1.0,9,HurricaneEich,Colston Loveland,TE,False
1252802326628933632,League 1,3,1.0,9,HurricaneEich,Tyler Loop,K,False
1252802326628933632,League 1,3,1.0,9,HurricaneEich,Davante Adams,WR,True
1252802326628933632,League 1,3,1.0,9,HurricaneEich,Derrick Henry,RB,True
1252802326628933632,League 1,3,1.0,9,HurricaneEich,Josh Jacobs,RB,True
1252802326628933632,League 1,3,1.0,9,HurricaneEich,Deebo Samuel,WR,True
1252802326628933632,League 1,3,1.0,9,HurricaneEich,Jerry Jeudy,WR,False
1252802326628933632,League 1,3,1.0,9,HurricaneEich,Jalen Hurts,QB,True
1252802326628933632,League 1,3,1.0,9,HurricaneEich,DeVonta Smith,WR,True
1252802326628933632,League 1,3,1.0,9,HurricaneEich,Jake Ferguson,TE,True
1252802326628933632,League 1,3,1.0,9,HurricaneEich,Marvin Mims,WR,False
1252802326628933632,League 1,3,1.0,9,HurricaneEich,C.J. Stroud,QB,False
1252802326628933632,League 1,3,1.0,9,HurricaneEich,Buffalo Bills,DEF,True
1252802326628933632,League 1,3,1.0,9,HurricaneEich,Detroit Lions,DEF,False
1252802326628933632,League 1,3,2.0,10,arturowong,Bucky Irving,RB,True
1252802326628933632,League 1,3,2.0,10,arturowong,Blake Corum,RB,False
1252802326628933632,League 1,3,2.0,10,arturowong,Cam Little,K,True
1252802326628933632,League 1,3,2.0,10,arturowong,Cam Skattebo,RB,False
1252802326628933632,League 1,3,2.0,10,arturowong,Tetairoa McMillan,WR,True
1252802326628933632,League 1,3,2.0,10,arturowong,Keenan Allen,WR,True
1252802326628933632,League 1,3,2.0,10,arturowong,Stefon Diggs,WR,False
1252802326628933632,League 1,3,2.0,10,arturowong,Dak Prescott,QB,True
1252802326628933632,League 1,3,2.0,10,arturowong,Aaron Jones,RB,False
1252802326628933632,League 1,3,2.0,10,arturowong,DJ Moore,WR,False
1252802326628933632,League 1,3,2.0,10,arturowong,Mark Andrews,TE,False
1252802326628933632,League 1,3,2.0,10,arturowong,Jake Browning,QB,False
1252802326628933632,League 1,3,2.0,10,arturowong,Kyle Pitts,TE,True
1252802326628933632,League 1,3,2.0,10,arturowong,Justin Fields,QB,False
1252802326628933632,League 1,3,2.0,10,arturowong,Jaxon Smith-Njigba,WR,True
1252802326628933632,League 1,3,2.0,10,arturowong,Bijan Robinson,RB,True
1252802326628933632,League 1,3,2.0,10,arturowong,Green Bay Packers,DEF,True
1252802326628933632,League 1,3,4.0,11,ChexMixChester,Tyrone Tracy,RB,False
1252802326628933632,League 1,3,4.0,11,ChexMixChester,Jaydon Blue,RB,False
1252802326628933632,League 1,3,4.0,11,ChexMixChester,Quinshon Judkins,RB,False
1252802326628933632,League 1,3,4.0,11,ChexMixChester,TreVeyon Henderson,RB,True
1252802326628933632,League 1,3,4.0,11,ChexMixChester,Travis Kelce,TE,True
1252802326628933632,League 1,3,4.0,11,ChexMixChester,Jared Goff,QB,True
1252802326628933632,League 1,3,4.0,11,ChexMixChester,Jonnu Smith,TE,False
1252802326628933632,League 1,3,4.0,11,ChexMixChester,Harrison Butker,K,True
1252802326628933632,League 1,3,4.0,11,ChexMixChester,Calvin Ridley,WR,True
1252802326628933632,League 1,3,4.0,11,ChexMixChester,Amon-Ra St. Brown,WR,True
1252802326628933632,League 1,3,4.0,11,ChexMixChester,Rhamondre Stevenson,RB,False
1252802326628933632,League 1,3,4.0,11,ChexMixChester,Drake London,WR,True
1252802326628933632,League 1,3,4.0,11,ChexMixChester,Khalil Shakir,WR,False
1252802326628933632,League 1,3,4.0,11,ChexMixChester,James Cook,RB,True
1252802326628933632,League 1,3,4.0,11,ChexMixChester,Indianapolis Colts,DEF,True
1252802326628933632,League 1,3,5.0,12,Vishiga,Troy Franklin,WR,False
1252802326628933632,League 1,3,5.0,12,Vishiga,Keon Coleman,WR,True
1252802326628933632,League 1,3,5.0,12,Vishiga,Spencer Shrader,K,True
1252802326628933632,League 1,3,5.0,12,Vishiga,Jayden Higgins,WR,False
1252802326628933632,League 1,3,5.0,12,Vishiga,Matthew Golden,WR,False
1252802326628933632,League 1,3,5.0,12,Vishiga,Cooper Kupp,WR,False
1252802326628933632,League 1,3,5.0,12,Vishiga,Marquise Brown,WR,False
1252802326628933632,League 1,3,5.0,12,Vishiga,Daniel Jones,QB,True
1252802326628933632,League 1,3,5.0,12,Vishiga,Hunter Renfrow,WR,False
1252802326628933632,League 1,3,5.0,12,Vishiga,Joe Burrow,QB,False
1252802326628933632,League 1,3,5.0,12,Vishiga,D'Andre Swift,RB,True
1252802326628933632,League 1,3,5.0,12,Vishiga,Justin Jefferson,WR,True
1252802326628933632,League 1,3,5.0,12,Vishiga,Javonte Williams,RB,True
1252802326628933632,League 1,3,5.0,12,Vishiga,Trey McBride,TE,True
1252802326628933632,League 1,3,5.0,12,Vishiga,Kyren Williams,RB,True
1252802326628933632,League 1,3,5.0,12,Vishiga,Minnesota Vikings,DEF,True
1252802326628933632,League 1,4,4.0,1,Calcarro,Sam LaPorta,TE,True
1252802326628933632,League 1,4,4.0,1,Calcarro,Jake Bates,K,True
1252802326628933632,League 1,4,4.0,1,Calcarro,Rome Odunze,WR,True
1252802326628933632,League 1,4,4.0,1,Calcarro,Marvin Harrison,WR,True
1252802326628933632,League 1,4,4.0,1,Calcarro,Luther Burden,WR,False
1252802326628933632,League 1,4,4.0,1,Calcarro,Jacory Croskey-Merritt,RB,True
1252802326628933632,League 1,4,4.0,1,Calcarro,Isaac TeSlaa,WR,False
1252802326628933632,League 1,4,4.0,1,Calcarro,Terry McLaurin,WR,False
1252802326628933632,League 1,4,4.0,1,Calcarro,Justin Herbert,QB,True
1252802326628933632,League 1,4,4.0,1,Calcarro,Jonathan Taylor,RB,True
1252802326628933632,League 1,4,4.0,1,Calcarro,Joshua Palmer,WR,False
1252802326628933632,League 1,4,4.0,1,Calcarro,Tyler Allgeier,RB,False
1252802326628933632,League 1,4,4.0,1,Calcarro,Brian Robinson,RB,False
1252802326628933632,League 1,4,4.0,1,Calcarro,Jahmyr Gibbs,RB,True
1252802326628933632,League 1,4,4.0,1,Calcarro,Pittsburgh Steelers,DEF,True
1252802326628933632,League 1,4,1.0,2,garrettmowery,Ray Davis,RB,False
1252802326628933632,League 1,4,1.0,2,garrettmowery,Zach Ertz,TE,True
1252802326628933632,League 1,4,1.0,2,garrettmowery,Christian McCaffrey,RB,True
1252802326628933632,League 1,4,1.0,2,garrettmowery,Chris Godwin,WR,False
1252802326628933632,League 1,4,1.0,2,garrettmowery,Patrick Mahomes,QB,True
1252802326628933632,League 1,4,1.0,2,garrettmowery,George Kittle,TE,False
1252802326628933632,League 1,4,1.0,2,garrettmowery,Austin Ekeler,RB,False
1252802326628933632,League 1,4,1.0,2,garrettmowery,Christian Kirk,WR,False
1252802326628933632,League 1,4,1.0,2,garrettmowery,A.J. Brown,WR,True
1252802326628933632,League 1,4,1.0,2,garrettmowery,Michael Pittman,WR,False
1252802326628933632,League 1,4,1.0,2,garrettmowery,Travis Etienne,RB,False
1252802326628933632,League 1,4,1.0,2,garrettmowery,Evan McPherson,K,True
1252802326628933632,League 1,4,1.0,2,garrettmowery,Chris Olave,WR,True
1252802326628933632,League 1,4,1.0,2,garrettmowery,Garrett Wilson,WR,True
1252802326628933632,League 1,4,1.0,2,garrettmowery,Kenneth Walker,RB,True
1252802326628933632,League 1,4,1.0,2,garrettmowery,Kendre Miller,RB,False
1252802326628933632,League 1,4,1.0,2,garrettmowery,Indianapolis Colts,DEF,True
1252802326628933632,League 1,4,5.0,3,Ouriginal,Jayden Reed,WR,False
1252802326628933632,League 1,4,5.0,3,Ouriginal,Dalton Kincaid,TE,False
1252802326628933632,League 1,4,5.0,3,Ouriginal,Brock Bowers,TE,True
1252802326628933632,League 1,4,5.0,3,Ouriginal,Ladd McConkey,WR,True
1252802326628933632,League 1,4,5.0,3,Ouriginal,Kaleb Johnson,RB,False
1252802326628933632,League 1,4,5.0,3,Ouriginal,Jake Elliott,K,True
1252802326628933632,League 1,4,5.0,3,Ouriginal,Saquon Barkley,RB,True
1252802326628933632,League 1,4,5.0,3,Ouriginal,DK Metcalf,WR,True
1252802326628933632,League 1,4,5.0,3,Ouriginal,Kyler Murray,QB,True
1252802326628933632,League 1,4,5.0,3,Ouriginal,Jaylen Waddle,WR,True
1252802326628933632,League 1,4,5.0,3,Ouriginal,Rashod Bateman,WR,False
1252802326628933632,League 1,4,5.0,3,Ouriginal,Wan'Dale Robinson,WR,False
1252802326628933632,League 1,4,5.0,3,Ouriginal,Brock Purdy,QB,False
1252802326628933632,League 1,4,5.0,3,Ouriginal,Isiah Pacheco,RB,True
1252802326628933632,League 1,4,5.0,3,Ouriginal,New England Patriots,DEF,True
1252802326628933632,League 1,4,5.0,3,Ouriginal,Philadelphia Eagles,DEF,False
1252802326628933632,League 1,4,6.0,4,pattycan,Rashee Rice,WR,False
1252802326628933632,League 1,4,6.0,4,pattycan,Drake Maye,QB,False
1252802326628933632,League 1,4,6.0,4,pattycan,Bhayshul Tuten,RB,False
1252802326628933632,League 1,4,6.0,4,pattycan,Emeka Egbuka,WR,True
1252802326628933632,League 1,4,6.0,4,pattycan,Adam Thielen,WR,False
1252802326628933632,League 1,4,6.0,4,pattycan,Joe Mixon,RB,False
1252802326628933632,League 1,4,6.0,4,pattycan,Lamar Jackson,QB,True
1252802326628933632,League 1,4,6.0,4,pattycan,Dallas Goedert,TE,True
1252802326628933632,League 1,4,6.0,4,pattycan,T.J. Hockenson,TE,True
1252802326628933632,League 1,4,6.0,4,pattycan,CeeDee Lamb,WR,False
1252802326628933632,League 1,4,6.0,4,pattycan,Jauan Jennings,WR,True
1252802326628933632,League 1,4,6.0,4,pattycan,Breece Hall,RB,True
1252802326628933632,League 1,4,6.0,4,pattycan,Cameron Dicker,K,True
1252802326628933632,League 1,4,6.0,4,pattycan,De'Von Achane,RB,True
1252802326628933632,League 1,4,6.0,4,pattycan,Baltimore Ravens,DEF,True
1252802326628933632,League 1,4,3.0,5,declancarroll,Bo Nix,QB,True
1252802326628933632,League 1,4,3.0,5,declancarroll,Trey Benson,RB,True
1252802326628933632,League 1,4,3.0,5,declancarroll,Xavier Worthy,WR,False
1252802326628933632,League 1,4,3.0,5,declancarroll,Dylan Sampson,RB,False
1252802326628933632,League 1,4,3.0,5,declancarroll,Mike Evans,WR,False
1252802326628933632,League 1,4,3.0,5,declancarroll,James Conner,RB,False
1252802326628933632,League 1,4,3.0,5,declancarroll,Courtland Sutton,WR,True
1252802326628933632,League 1,4,3.0,5,declancarroll,Daniel Carlson,K,True
1252802326628933632,League 1,4,3.0,5,declancarroll,David Montgomery,RB,True
1252802326628933632,League 1,4,3.0,5,declancarroll,J.K. Dobbins,RB,True
1252802326628933632,League 1,4,3.0,5,declancarroll,Darnell Mooney,WR,False
1252802326628933632,League 1,4,3.0,5,declancarroll,Ja'Marr Chase,WR,True
1252802326628933632,League 1,4,3.0,5,declancarroll,Chase Brown,RB,False
1252802326628933632,League 1,4,3.0,5,declancarroll,Tucker Kraft,TE,True
1252802326628933632,League 1,4,3.0,5,declancarroll,Jordan Addison,WR,False
1252802326628933632,League 1,4,3.0,5,declancarroll,Houston Texans,DEF,True
1252802326628933632,League 1,4,6.0,6,kingcarrillo,Harold Fannin,TE,True
1252802326628933632,League 1,4,6.0,6,kingcarrillo,Omarion Hampton,RB,True
1252802326628933632,League 1,4,6.0,6,kingcarrillo,Matt Prater,K,True
1252802326628933632,League 1,4,6.0,6,kingcarrillo,David Njoku,TE,False
1252802326628933632,League 1,4,6.0,6,kingcarrillo,Alvin Kamara,RB,True
1252802326628933632,League 1,4,6.0,6,kingcarrillo,Baker Mayfield,QB,True
1252802326628933632,League 1,4,6.0,6,kingcarrillo,Nick Chubb,RB,False
1252802326628933632,League 1,4,6.0,6,kingcarrillo,Jakobi Meyers,WR,False
1252802326628933632,League 1,4,6.0,6,kingcarrillo,Nico Collins,WR,True
1252802326628933632,League 1,4,6.0,6,kingcarrillo,Calvin Austin,WR,False
1252802326628933632,League 1,4,6.0,6,kingcarrillo,George Pickens,WR,False
1252802326628933632,League 1,4,6.0,6,kingcarrillo,Tyquan Thornton,WR,False
1252802326628933632,League 1,4,6.0,6,kingcarrillo,Puka Nacua,WR,True
1252802326628933632,League 1,4,6.0,6,kingcarrillo,Quentin Johnston,WR,True
1252802326628933632,League 1,4,6.0,6,kingcarrillo,Seattle Seahawks,DEF,True
1252802326628933632,League 1,4,1.0,7,NotKool,Malik Nabers,WR,True
1252802326628933632,League 1,4,1.0,7,NotKool,Ricky Pearsall,WR,True
1252802326628933632,League 1,4,1.0,7,NotKool,Tory Horton,WR,False
1252802326628933632,League 1,4,1.0,7,NotKool,Elic Ayomanor,WR,False
1252802326628933632,League 1,4,1.0,7,NotKool,Tyler Warren,TE,True
1252802326628933632,League 1,4,1.0,7,NotKool,Chris Boswell,K,True
1252802326628933632,League 1,4,1.0,7,NotKool,Hunter Henry,TE,False
1252802326628933632,League 1,4,1.0,7,NotKool,Tyreek Hill,WR,True
1252802326628933632,League 1,4,1.0,7,NotKool,Josh Allen,QB,True
1252802326628933632,League 1,4,1.0,7,NotKool,Tony Pollard,RB,True
1252802326628933632,League 1,4,1.0,7,NotKool,Chuba Hubbard,RB,True
1252802326628933632,League 1,4,1.0,7,NotKool,Rachaad White,RB,False
1252802326628933632,League 1,4,1.0,7,NotKool,Zach Charbonnet,RB,False
1252802326628933632,League 1,4,1.0,7,NotKool,Zay Flowers,WR,False
1252802326628933632,League 1,4,1.0,7,NotKool,Denver Broncos,DEF,True
1252802326628933632,League 1,4,2.0,8,Shnickel,Caleb Williams,QB,True
1252802326628933632,League 1,4,2.0,8,Shnickel,Jayden Daniels,QB,False
1252802326628933632,League 1,4,2.0,8,Shnickel,Brian Thomas,WR,True
1252802326628933632,League 1,4,2.0,8,Shnickel,RJ Harvey,RB,False
1252802326628933632,League 1,4,2.0,8,Shnickel,Ashton Jeanty,RB,True
1252802326628933632,League 1,4,2.0,8,Shnickel,Travis Hunter,WR,False
1252802326628933632,League 1,4,2.0,8,Shnickel,Kyle Monangai,RB,False
1252802326628933632,League 1,4,2.0,8,Shnickel,Ka'imi Fairbairn,K,True
1252802326628933632,League 1,4,2.0,8,Shnickel,Evan Engram,TE,False
1252802326628933632,League 1,4,2.0,8,Shnickel,Kareem Hunt,RB,False
1252802326628933632,League 1,4,2.0,8,Shnickel,Tee Higgins,WR,False
1252802326628933632,League 1,4,2.0,8,Shnickel,Brandon Aiyuk,WR,False
1252802326628933632,League 1,4,2.0,8,Shnickel,Juwan Johnson,TE,True
1252802326628933632,League 1,4,2.0,8,Shnickel,Jameson Williams,WR,True
1252802326628933632,League 1,4,2.0,8,Shnickel,Jaylen Warren,RB,True
1252802326628933632,League 1,4,2.0,8,Shnickel,Jordan Mason,RB,True
1252802326628933632,League 1,4,2.0,8,Shnickel,Washington Commanders,DEF,True
1252802326628933632,League 1,4,4.0,9,HurricaneEich,Brandon Aubrey,K,True
1252802326628933632,League 1,4,4.0,9,HurricaneEich,Colston Loveland,TE,False
1252802326628933632,League 1,4,4.0,9,HurricaneEich,Tyler Loop,K,False
1252802326628933632,League 1,4,4.0,9,HurricaneEich,Davante Adams,WR,True
1252802326628933632,League 1,4,4.0,9,HurricaneEich,Derrick Henry,RB,True
1252802326628933632,League 1,4,4.0,9,HurricaneEich,Josh Jacobs,RB,True
1252802326628933632,League 1,4,4.0,9,HurricaneEich,Deebo Samuel,WR,True
1252802326628933632,League 1,4,4.0,9,HurricaneEich,Jerry Jeudy,WR,False
1252802326628933632,League 1,4,4.0,9,HurricaneEich,Jalen Hurts,QB,True
1252802326628933632,League 1,4,4.0,9,HurricaneEich,DeVonta Smith,WR,True
1252802326628933632,League 1,4,4.0,9,HurricaneEich,Jake Ferguson,TE,True
1252802326628933632,League 1,4,4.0,9,HurricaneEich,Marvin Mims,WR,False
1252802326628933632,League 1,4,4.0,9,HurricaneEich,C.J. Stroud,QB,False
1252802326628933632,League 1,4,4.0,9,HurricaneEich,Buffalo Bills,DEF,True
1252802326628933632,League 1,4,4.0,9,HurricaneEich,Detroit Lions,DEF,False
1252802326628933632,League 1,4,2.0,10,arturowong,Bucky Irving,RB,True
1252802326628933632,League 1,4,2.0,10,arturowong,Blake Corum,RB,False
1252802326628933632,League 1,4,2.0,10,arturowong,Woody Marks,RB,False
1252802326628933632,League 1,4,2.0,10,arturowong,Cam Skattebo,RB,True
1252802326628933632,League 1,4,2.0,10,arturowong,Tetairoa McMillan,WR,False
1252802326628933632,League 1,4,2.0,10,arturowong,Keenan Allen,WR,True
1252802326628933632,League 1,4,2.0,10,arturowong,Dak Prescott,QB,False
1252802326628933632,League 1,4,2.0,10,arturowong,Aaron Jones,RB,False
1252802326628933632,League 1,4,2.0,10,arturowong,DJ Moore,WR,False
1252802326628933632,League 1,4,2.0,10,arturowong,Mark Andrews,TE,True
1252802326628933632,League 1,4,2.0,10,arturowong,Joey Slye,K,True
1252802326628933632,League 1,4,2.0,10,arturowong,Kyle Pitts,TE,False
1252802326628933632,League 1,4,2.0,10,arturowong,Justin Fields,QB,False
1252802326628933632,League 1,4,2.0,10,arturowong,Jaxon Smith-Njigba,WR,True
1252802326628933632,League 1,4,2.0,10,arturowong,Bijan Robinson,RB,True
1252802326628933632,League 1,4,2.0,10,arturowong,Green Bay Packers,DEF,False
1252802326628933632,League 1,4,5.0,11,ChexMixChester,Chris Rodriguez,RB,False
1252802326628933632,League 1,4,5.0,11,ChexMixChester,Tyrone Tracy,RB,False
1252802326628933632,League 1,4,5.0,11,ChexMixChester,Quinshon Judkins,RB,True
1252802326628933632,League 1,4,5.0,11,ChexMixChester,TreVeyon Henderson,RB,False
1252802326628933632,League 1,4,5.0,11,ChexMixChester,Travis Kelce,TE,True
1252802326628933632,League 1,4,5.0,11,ChexMixChester,Stefon Diggs,WR,False
1252802326628933632,League 1,4,5.0,11,ChexMixChester,Jared Goff,QB,True
1252802326628933632,League 1,4,5.0,11,ChexMixChester,Jonnu Smith,TE,False
1252802326628933632,League 1,4,5.0,11,ChexMixChester,Harrison Butker,K,True
1252802326628933632,League 1,4,5.0,11,ChexMixChester,Calvin Ridley,WR,True
1252802326628933632,League 1,4,5.0,11,ChexMixChester,Amon-Ra St. Brown,WR,True
1252802326628933632,League 1,4,5.0,11,ChexMixChester,Rhamondre Stevenson,RB,False
1252802326628933632,League 1,4,5.0,11,ChexMixChester,Drake London,WR,True
1252802326628933632,League 1,4,5.0,11,ChexMixChester,Khalil Shakir,WR,False
1252802326628933632,League 1,4,5.0,11,ChexMixChester,James Cook,RB,True
1252802326628933632,League 1,4,5.0,11,ChexMixChester,Los Angeles Chargers,DEF,True
1252802326628933632,League 1,4,3.0,12,Vishiga,Tre Tucker,WR,False
1252802326628933632,League 1,4,3.0,12,Vishiga,Keon Coleman,WR,False
1252802326628933632,League 1,4,3.0,12,Vishiga,Spencer Shrader,K,True
1252802326628933632,League 1,4,3.0,12,Vishiga,Matthew Golden,WR,True
1252802326628933632,League 1,4,3.0,12,Vishiga,Cooper Kupp,WR,False
1252802326628933632,League 1,4,3.0,12,Vishiga,Marquise Brown,WR,False
1252802326628933632,League 1,4,3.0,12,Vishiga,Daniel Jones,QB,True
1252802326628933632,League 1,4,3.0,12,Vishiga,Hunter Renfrow,WR,False
1252802326628933632,League 1,4,3.0,12,Vishiga,Joe Burrow,QB,False
1252802326628933632,League 1,4,3.0,12,Vishiga,D'Andre Swift,RB,True
1252802326628933632,League 1,4,3.0,12,Vishiga,Justin Jefferson,WR,True
1252802326628933632,League 1,4,3.0,12,Vishiga,Javonte Williams,RB,True
1252802326628933632,League 1,4,3.0,12,Vishiga,Trey McBride,TE,True
1252802326628933632,League 1,4,3.0,12,Vishiga,Kyren Williams,RB,True
1252802326628933632,League 1,4,3.0,12,Vishiga,Parker Washington,WR,False
1252802326628933632,League 1,4,3.0,12,Vishiga,Minnesota Vikings,DEF,True
1252802326628933632,League 1,5,3.0,1,Calcarro,Sam LaPorta,TE,True
1252802326628933632,League 1,5,3.0,1,Calcarro,Jake Bates,K,True
1252802326628933632,League 1,5,3.0,1,Calcarro,Rome Odunze,WR,False
1252802326628933632,League 1,5,3.0,1,Calcarro,Marvin Harrison,WR,True
1252802326628933632,League 1,5,3.0,1,Calcarro,Luther Burden,WR,False
1252802326628933632,League 1,5,3.0,1,Calcarro,Jacory Croskey-Merritt,RB,True
1252802326628933632,League 1,5,3.0,1,Calcarro,Isaac TeSlaa,WR,False
1252802326628933632,League 1,5,3.0,1,Calcarro,Terry McLaurin,WR,False
1252802326628933632,League 1,5,3.0,1,Calcarro,Justin Herbert,QB,True
1252802326628933632,League 1,5,3.0,1,Calcarro,Jonathan Taylor,RB,True
1252802326628933632,League 1,5,3.0,1,Calcarro,Jalen Tolbert,WR,True
1252802326628933632,League 1,5,3.0,1,Calcarro,Brian Robinson,RB,False
1252802326628933632,League 1,5,3.0,1,Calcarro,Jahmyr Gibbs,RB,True
1252802326628933632,League 1,5,3.0,1,Calcarro,New York Giants,DEF,True
1252802326628933632,League 1,5,3.0,1,Calcarro,Pittsburgh Steelers,DEF,False
1252802326628933632,League 1,5,2.0,2,garrettmowery,Ray Davis,RB,False
1252802326628933632,League 1,5,2.0,2,garrettmowery,Zach Ertz,TE,True
1252802326628933632,League 1,5,2.0,2,garrettmowery,Christian McCaffrey,RB,True
1252802326628933632,League 1,5,2.0,2,garrettmowery,Chris Godwin,WR,False
1252802326628933632,League 1,5,2.0,2,garrettmowery,Patrick Mahomes,QB,True
1252802326628933632,League 1,5,2.0,2,garrettmowery,George Kittle,TE,False
1252802326628933632,League 1,5,2.0,2,garrettmowery,Austin Ekeler,RB,False
1252802326628933632,League 1,5,2.0,2,garrettmowery,Christian Kirk,WR,False
1252802326628933632,League 1,5,2.0,2,garrettmowery,A.J. Brown,WR,True
1252802326628933632,League 1,5,2.0,2,garrettmowery,Matt Gay,K,True
1252802326628933632,League 1,5,2.0,2,garrettmowery,Michael Pittman,WR,True
1252802326628933632,League 1,5,2.0,2,garrettmowery,Travis Etienne,RB,True
1252802326628933632,League 1,5,2.0,2,garrettmowery,Chris Olave,WR,False
1252802326628933632,League 1,5,2.0,2,garrettmowery,Garrett Wilson,WR,True
1252802326628933632,League 1,5,2.0,2,garrettmowery,Kenneth Walker,RB,False
1252802326628933632,League 1,5,2.0,2,garrettmowery,Kendre Miller,RB,False
1252802326628933632,League 1,5,2.0,2,garrettmowery,Indianapolis Colts,DEF,True
1252802326628933632,League 1,5,6.0,3,Ouriginal,Jayden Reed,WR,False
1252802326628933632,League 1,5,6.0,3,Ouriginal,Dalton Kincaid,TE,True
1252802326628933632,League 1,5,6.0,3,Ouriginal,Brock Bowers,TE,False
1252802326628933632,League 1,5,6.0,3,Ouriginal,Ladd McConkey,WR,True
1252802326628933632,League 1,5,6.0,3,Ouriginal,Jake Elliott,K,True
1252802326628933632,League 1,5,6.0,3,Ouriginal,Saquon Barkley,RB,True
1252802326628933632,League 1,5,6.0,3,Ouriginal,DK Metcalf,WR,False
1252802326628933632,League 1,5,6.0,3,Ouriginal,Kyler Murray,QB,True
1252802326628933632,League 1,5,6.0,3,Ouriginal,Darius Slayton,WR,False
1252802326628933632,League 1,5,6.0,3,Ouriginal,Jaylen Waddle,WR,True
1252802326628933632,League 1,5,6.0,3,Ouriginal,Rashod Bateman,WR,False
1252802326628933632,League 1,5,6.0,3,Ouriginal,Wan'Dale Robinson,WR,True
1252802326628933632,League 1,5,6.0,3,Ouriginal,Brock Purdy,QB,False
1252802326628933632,League 1,5,6.0,3,Ouriginal,Isiah Pacheco,RB,True
1252802326628933632,League 1,5,6.0,3,Ouriginal,New England Patriots,DEF,False
1252802326628933632,League 1,5,6.0,3,Ouriginal,Philadelphia Eagles,DEF,True
1252802326628933632,League 1,5,6.0,4,pattycan,Rashee Rice,WR,False
1252802326628933632,League 1,5,6.0,4,pattycan,Drake Maye,QB,True
1252802326628933632,League 1,5,6.0,4,pattycan,Bhayshul Tuten,RB,False
1252802326628933632,League 1,5,6.0,4,pattycan,Emeka Egbuka,WR,True
1252802326628933632,League 1,5,6.0,4,pattycan,Adam Thielen,WR,True
1252802326628933632,League 1,5,6.0,4,pattycan,Joe Mixon,RB,False
1252802326628933632,League 1,5,6.0,4,pattycan,Lamar Jackson,QB,False
1252802326628933632,League 1,5,6.0,4,pattycan,Dallas Goedert,TE,True
1252802326628933632,League 1,5,6.0,4,pattycan,T.J. Hockenson,TE,True
1252802326628933632,League 1,5,6.0,4,pattycan,CeeDee Lamb,WR,False
1252802326628933632,League 1,5,6.0,4,pattycan,Jauan Jennings,WR,False
1252802326628933632,League 1,5,6.0,4,pattycan,Breece Hall,RB,True
1252802326628933632,League 1,5,6.0,4,pattycan,Cameron Dicker,K,True
1252802326628933632,League 1,5,6.0,4,pattycan,De'Von Achane,RB,True
1252802326628933632,League 1,5,6.0,4,pattycan,Baltimore Ravens,DEF,True
1252802326628933632,League 1,5,6.0,4,pattycan,Green Bay Packers,DEF,False
1252802326628933632,League 1,5,3.0,5,declancarroll,Emari Demercado,RB,False
1252802326628933632,League 1,5,3.0,5,declancarroll,Bo Nix,QB,True
1252802326628933632,League 1,5,3.0,5,declancarroll,Trey Benson,RB,False
1252802326628933632,League 1,5,3.0,5,declancarroll,Xavier Worthy,WR,True
1252802326628933632,League 1,5,3.0,5,declancarroll,Dylan Sampson,RB,False
1252802326628933632,League 1,5,3.0,5,declancarroll,Mike Evans,WR,False
1252802326628933632,League 1,5,3.0,5,declancarroll,Dalton Schultz,TE,True
1252802326628933632,League 1,5,3.0,5,declancarroll,Courtland Sutton,WR,True
1252802326628933632,League 1,5,3.0,5,declancarroll,Daniel Carlson,K,True
1252802326628933632,League 1,5,3.0,5,declancarroll,David Montgomery,RB,False
1252802326628933632,League 1,5,3.0,5,declancarroll,J.K. Dobbins,RB,True
1252802326628933632,League 1,5,3.0,5,declancarroll,Ja'Marr Chase,WR,True
1252802326628933632,League 1,5,3.0,5,declancarroll,Rashid Shaheed,WR,False
1252802326628933632,League 1,5,3.0,5,declancarroll,Chase Brown,RB,True
1252802326628933632,League 1,5,3.0,5,declancarroll,Tucker Kraft,TE,False
1252802326628933632,League 1,5,3.0,5,declancarroll,Jordan Addison,WR,False
1252802326628933632,League 1,5,3.0,5,declancarroll,Arizona Cardinals,DEF,True
1252802326628933632,League 1,5,5.0,6,kingcarrillo,Harold Fannin,TE,True
1252802326628933632,League 1,5,5.0,6,kingcarrillo,Omarion Hampton,RB,True
1252802326628933632,League 1,5,5.0,6,kingcarrillo,Matt Prater,K,True
1252802326628933632,League 1,5,5.0,6,kingcarrillo,David Njoku,TE,False
1252802326628933632,League 1,5,5.0,6,kingcarrillo,Alvin Kamara,RB,True
1252802326628933632,League 1,5,5.0,6,kingcarrillo,Baker Mayfield,QB,True
1252802326628933632,League 1,5,5.0,6,kingcarrillo,Nick Chubb,RB,False
1252802326628933632,League 1,5,5.0,6,kingcarrillo,Jakobi Meyers,WR,False
1252802326628933632,League 1,5,5.0,6,kingcarrillo,Nico Collins,WR,True
1252802326628933632,League 1,5,5.0,6,kingcarrillo,Tyler Allgeier,RB,False
1252802326628933632,League 1,5,5.0,6,kingcarrillo,George Pickens,WR,False
1252802326628933632,League 1,5,5.0,6,kingcarrillo,Tyquan Thornton,WR,False
1252802326628933632,League 1,5,5.0,6,kingcarrillo,Brenton Strange,TE,False
1252802326628933632,League 1,5,5.0,6,kingcarrillo,Puka Nacua,WR,True
1252802326628933632,League 1,5,5.0,6,kingcarrillo,Quentin Johnston,WR,True
1252802326628933632,League 1,5,5.0,6,kingcarrillo,Seattle Seahawks,DEF,True
1252802326628933632,League 1,5,1.0,7,NotKool,Malik Washington,WR,False
1252802326628933632,League 1,5,1.0,7,NotKool,Brashard Smith,RB,False
1252802326628933632,League 1,5,1.0,7,NotKool,Cam Skattebo,RB,True
1252802326628933632,League 1,5,1.0,7,NotKool,Elic Ayomanor,WR,False
1252802326628933632,League 1,5,1.0,7,NotKool,Tyler Warren,TE,True
1252802326628933632,League 1,5,1.0,7,NotKool,Keenan Allen,WR,True
1252802326628933632,League 1,5,1.0,7,NotKool,Chris Boswell,K,False
1252802326628933632,League 1,5,1.0,7,NotKool,Jason Myers,K,True
1252802326628933632,League 1,5,1.0,7,NotKool,Hunter Henry,TE,False
1252802326628933632,League 1,5,1.0,7,NotKool,Dak Prescott,QB,True
1252802326628933632,League 1,5,1.0,7,NotKool,Tony Pollard,RB,True
1252802326628933632,League 1,5,1.0,7,NotKool,Rico Dowdle,RB,True
1252802326628933632,League 1,5,1.0,7,NotKool,Chuba Hubbard,RB,False
1252802326628933632,League 1,5,1.0,7,NotKool,Zach Charbonnet,RB,False
1252802326628933632,League 1,5,1.0,7,NotKool,Zay Flowers,WR,True
1252802326628933632,League 1,5,1.0,7,NotKool,Denver Broncos,DEF,False
1252802326628933632,League 1,5,1.0,7,NotKool,Jacksonville Jaguars,DEF,True
1252802326628933632,League 1,5,1.0,8,Shnickel,Caleb Williams,QB,False
1252802326628933632,League 1,5,1.0,8,Shnickel,Jayden Daniels,QB,True
1252802326628933632,League 1,5,1.0,8,Shnickel,Brian Thomas,WR,True
1252802326628933632,League 1,5,1.0,8,Shnickel,RJ Harvey,RB,False
1252802326628933632,League 1,5,1.0,8,Shnickel,Ashton Jeanty,RB,True
1252802326628933632,League 1,5,1.0,8,Shnickel,Travis Hunter,WR,False
1252802326628933632,League 1,5,1.0,8,Shnickel,Ka'imi Fairbairn,K,True
1252802326628933632,League 1,5,1.0,8,Shnickel,Evan Engram,TE,False
1252802326628933632,League 1,5,1.0,8,Shnickel,Kareem Hunt,RB,False
1252802326628933632,League 1,5,1.0,8,Shnickel,Tee Higgins,WR,False
1252802326628933632,League 1,5,1.0,8,Shnickel,Brandon Aiyuk,WR,False
1252802326628933632,League 1,5,1.0,8,Shnickel,Juwan Johnson,TE,True
1252802326628933632,League 1,5,1.0,8,Shnickel,Michael Carter,RB,True
1252802326628933632,League 1,5,1.0,8,Shnickel,Jameson Williams,WR,True
1252802326628933632,League 1,5,1.0,8,Shnickel,Jaylen Warren,RB,False
1252802326628933632,League 1,5,1.0,8,Shnickel,Jordan Mason,RB,True
1252802326628933632,League 1,5,1.0,8,Shnickel,New Orleans Saints,DEF,True
1252802326628933632,League 1,5,4.0,9,HurricaneEich,Brandon Aubrey,K,True
1252802326628933632,League 1,5,4.0,9,HurricaneEich,Ollie Gordon,RB,True
1252802326628933632,League 1,5,4.0,9,HurricaneEich,Colston Loveland,TE,False
1252802326628933632,League 1,5,4.0,9,HurricaneEich,Tyler Loop,K,False
1252802326628933632,League 1,5,4.0,9,HurricaneEich,Davante Adams,WR,True
1252802326628933632,League 1,5,4.0,9,HurricaneEich,Derrick Henry,RB,True
1252802326628933632,League 1,5,4.0,9,HurricaneEich,Josh Jacobs,RB,False
1252802326628933632,League 1,5,4.0,9,HurricaneEich,Deebo Samuel,WR,True
1252802326628933632,League 1,5,4.0,9,HurricaneEich,Jerry Jeudy,WR,False
1252802326628933632,League 1,5,4.0,9,HurricaneEich,Jalen Hurts,QB,True
1252802326628933632,League 1,5,4.0,9,HurricaneEich,DeVonta Smith,WR,True
1252802326628933632,League 1,5,4.0,9,HurricaneEich,Jake Ferguson,TE,True
1252802326628933632,League 1,5,4.0,9,HurricaneEich,Marvin Mims,WR,False
1252802326628933632,League 1,5,4.0,9,HurricaneEich,C.J. Stroud,QB,False
1252802326628933632,League 1,5,4.0,9,HurricaneEich,Detroit Lions,DEF,True
1252802326628933632,League 1,5,2.0,10,arturowong,Tre Tucker,WR,True
1252802326628933632,League 1,5,2.0,10,arturowong,Chad Ryland,K,True
1252802326628933632,League 1,5,2.0,10,arturowong,Bucky Irving,RB,False
1252802326628933632,League 1,5,2.0,10,arturowong,Ricky Pearsall,WR,False
1252802326628933632,League 1,5,2.0,10,arturowong,Woody Marks,RB,True
1252802326628933632,League 1,5,2.0,10,arturowong,Tetairoa McMillan,WR,True
1252802326628933632,League 1,5,2.0,10,arturowong,Aaron Jones,RB,False
1252802326628933632,League 1,5,2.0,10,arturowong,DJ Moore,WR,False
1252802326628933632,League 1,5,2.0,10,arturowong,Josh Allen,QB,True
1252802326628933632,League 1,5,2.0,10,arturowong,Mark Andrews,TE,True
1252802326628933632,League 1,5,2.0,10,arturowong,Kyle Pitts,TE,False
1252802326628933632,League 1,5,2.0,10,arturowong,Justin Fields,QB,False
1252802326628933632,League 1,5,2.0,10,arturowong,Romeo Doubs,WR,False
1252802326628933632,League 1,5,2.0,10,arturowong,Rachaad White,RB,True
1252802326628933632,League 1,5,2.0,10,arturowong,Jaxon Smith-Njigba,WR,True
1252802326628933632,League 1,5,2.0,10,arturowong,Bijan Robinson,RB,False
1252802326628933632,League 1,5,2.0,10,arturowong,Los Angeles Rams,DEF,True
1252802326628933632,League 1,5,5.0,11,ChexMixChester,Chris Rodriguez,RB,False
1252802326628933632,League 1,5,5.0,11,ChexMixChester,Troy Franklin,WR,False
1252802326628933632,League 1,5,5.0,11,ChexMixChester,Tyrone Tracy,RB,False
1252802326628933632,League 1,5,5.0,11,ChexMixChester,Quinshon Judkins,RB,True
1252802326628933632,League 1,5,5.0,11,ChexMixChester,TreVeyon Henderson,RB,False
1252802326628933632,League 1,5,5.0,11,ChexMixChester,Travis Kelce,TE,True
1252802326628933632,League 1,5,5.0,11,ChexMixChester,Stefon Diggs,WR,True
1252802326628933632,League 1,5,5.0,11,ChexMixChester,Jared Goff,QB,True
1252802326628933632,League 1,5,5.0,11,ChexMixChester,Harrison Butker,K,True
1252802326628933632,League 1,5,5.0,11,ChexMixChester,Calvin Ridley,WR,False
1252802326628933632,League 1,5,5.0,11,ChexMixChester,Amon-Ra St. Brown,WR,True
1252802326628933632,League 1,5,5.0,11,ChexMixChester,Rhamondre Stevenson,RB,False
1252802326628933632,League 1,5,5.0,11,ChexMixChester,Drake London,WR,False
1252802326628933632,League 1,5,5.0,11,ChexMixChester,Khalil Shakir,WR,True
1252802326628933632,League 1,5,5.0,11,ChexMixChester,James Cook,RB,True
1252802326628933632,League 1,5,5.0,11,ChexMixChester,Buffalo Bills,DEF,True
1252802326628933632,League 1,5,4.0,12,Vishiga,Keon Coleman,WR,True
1252802326628933632,League 1,5,4.0,12,Vishiga,Spencer Shrader,K,True
1252802326628933632,League 1,5,4.0,12,Vishiga,Matthew Golden,WR,False
1252802326628933632,League 1,5,4.0,12,Vishiga,Darren Waller,TE,False
1252802326628933632,League 1,5,4.0,12,Vishiga,Cooper Kupp,WR,False
1252802326628933632,League 1,5,4.0,12,Vishiga,Marquise Brown,WR,True
1252802326628933632,League 1,5,4.0,12,Vishiga,Daniel Jones,QB,True
1252802326628933632,League 1,5,4.0,12,Vishiga,Joe Burrow,QB,False
1252802326628933632,League 1,5,4.0,12,Vishiga,D'Andre Swift,RB,False
1252802326628933632,League 1,5,4.0,12,Vishiga,Justin Jefferson,WR,True
1252802326628933632,League 1,5,4.0,12,Vishiga,Kenneth Gainwell,RB,False
1252802326628933632,League 1,5,4.0,12,Vishiga,Javonte Williams,RB,True
1252802326628933632,League 1,5,4.0,12,Vishiga,Trey McBride,TE,True
1252802326628933632,League 1,5,4.0,12,Vishiga,Kyren Williams,RB,True
1252802326628933632,League 1,5,4.0,12,Vishiga,Parker Washington,WR,False
1252802326628933632,League 1,5,4.0,12,Vishiga,Minnesota Vikings,DEF,True
1252802326628933632,League 1,6,6.0,1,Calcarro,Sam LaPorta,TE,True
1252802326628933632,League 1,6,6.0,1,Calcarro,Jake Bates,K,True
1252802326628933632,League 1,6,6.0,1,Calcarro,Rome Odunze,WR,True
1252802326628933632,League 1,6,6.0,1,Calcarro,Marvin Harrison,WR,True
1252802326628933632,League 1,6,6.0,1,Calcarro,Luther Burden,WR,False
1252802326628933632,League 1,6,6.0,1,Calcarro,Jacory Croskey-Merritt,RB,True
1252802326628933632,League 1,6,6.0,1,Calcarro,Isaac TeSlaa,WR,False
1252802326628933632,League 1,6,6.0,1,Calcarro,Kendrick Bourne,WR,False
1252802326628933632,League 1,6,6.0,1,Calcarro,Terry McLaurin,WR,False
1252802326628933632,League 1,6,6.0,1,Calcarro,Justin Herbert,QB,True
1252802326628933632,League 1,6,6.0,1,Calcarro,Jonathan Taylor,RB,True
1252802326628933632,League 1,6,6.0,1,Calcarro,Jalen Tolbert,WR,False
1252802326628933632,League 1,6,6.0,1,Calcarro,Brian Robinson,RB,False
1252802326628933632,League 1,6,6.0,1,Calcarro,Jahmyr Gibbs,RB,True
1252802326628933632,League 1,6,6.0,1,Calcarro,Pittsburgh Steelers,DEF,True
1252802326628933632,League 1,6,5.0,2,garrettmowery,Mason Taylor,TE,False
1252802326628933632,League 1,6,5.0,2,garrettmowery,Zach Ertz,TE,True
1252802326628933632,League 1,6,5.0,2,garrettmowery,Christian McCaffrey,RB,True
1252802326628933632,League 1,6,5.0,2,garrettmowery,Chris Godwin,WR,False
1252802326628933632,League 1,6,5.0,2,garrettmowery,Patrick Mahomes,QB,True
1252802326628933632,League 1,6,5.0,2,garrettmowery,George Kittle,TE,False
1252802326628933632,League 1,6,5.0,2,garrettmowery,Austin Ekeler,RB,False
1252802326628933632,League 1,6,5.0,2,garrettmowery,Christian Kirk,WR,False
1252802326628933632,League 1,6,5.0,2,garrettmowery,A.J. Brown,WR,True
1252802326628933632,League 1,6,5.0,2,garrettmowery,Matt Gay,K,True
1252802326628933632,League 1,6,5.0,2,garrettmowery,Michael Pittman,WR,True
1252802326628933632,League 1,6,5.0,2,garrettmowery,Travis Etienne,RB,True
1252802326628933632,League 1,6,5.0,2,garrettmowery,Chris Olave,WR,False
1252802326628933632,League 1,6,5.0,2,garrettmowery,Garrett Wilson,WR,True
1252802326628933632,League 1,6,5.0,2,garrettmowery,Kenneth Walker,RB,False
1252802326628933632,League 1,6,5.0,2,garrettmowery,Kendre Miller,RB,False
1252802326628933632,League 1,6,5.0,2,garrettmowery,Indianapolis Colts,DEF,True
1252802326628933632,League 1,6,3.0,3,Ouriginal,Jayden Reed,WR,False
1252802326628933632,League 1,6,3.0,3,Ouriginal,Dalton Kincaid,TE,True
1252802326628933632,League 1,6,3.0,3,Ouriginal,Brock Bowers,TE,False
1252802326628933632,League 1,6,3.0,3,Ouriginal,Ladd McConkey,WR,True
1252802326628933632,League 1,6,3.0,3,Ouriginal,Jake Elliott,K,True
1252802326628933632,League 1,6,3.0,3,Ouriginal,Saquon Barkley,RB,True
1252802326628933632,League 1,6,3.0,3,Ouriginal,DK Metcalf,WR,True
1252802326628933632,League 1,6,3.0,3,Ouriginal,Kyler Murray,QB,True
1252802326628933632,League 1,6,3.0,3,Ouriginal,Darius Slayton,WR,False
1252802326628933632,League 1,6,3.0,3,Ouriginal,Jaylen Waddle,WR,True
1252802326628933632,League 1,6,3.0,3,Ouriginal,Rashod Bateman,WR,False
1252802326628933632,League 1,6,3.0,3,Ouriginal,Wan'Dale Robinson,WR,False
1252802326628933632,League 1,6,3.0,3,Ouriginal,Brock Purdy,QB,False
1252802326628933632,League 1,6,3.0,3,Ouriginal,Isiah Pacheco,RB,True
1252802326628933632,League 1,6,3.0,3,Ouriginal,New England Patriots,DEF,False
1252802326628933632,League 1,6,3.0,3,Ouriginal,Philadelphia Eagles,DEF,True
1252802326628933632,League 1,6,2.0,4,pattycan,Tre Tucker,WR,True
1252802326628933632,League 1,6,2.0,4,pattycan,Rashee Rice,WR,False
1252802326628933632,League 1,6,2.0,4,pattycan,Drake Maye,QB,True
1252802326628933632,League 1,6,2.0,4,pattycan,Emeka Egbuka,WR,True
1252802326628933632,League 1,6,2.0,4,pattycan,Joe Mixon,RB,False
1252802326628933632,League 1,6,2.0,4,pattycan,Lamar Jackson,QB,False
1252802326628933632,League 1,6,2.0,4,pattycan,Dallas Goedert,TE,True
1252802326628933632,League 1,6,2.0,4,pattycan,T.J. Hockenson,TE,False
1252802326628933632,League 1,6,2.0,4,pattycan,CeeDee Lamb,WR,False
1252802326628933632,League 1,6,2.0,4,pattycan,Jauan Jennings,WR,True
1252802326628933632,League 1,6,2.0,4,pattycan,Darnell Mooney,WR,False
1252802326628933632,League 1,6,2.0,4,pattycan,Breece Hall,RB,True
1252802326628933632,League 1,6,2.0,4,pattycan,Cameron Dicker,K,True
1252802326628933632,League 1,6,2.0,4,pattycan,De'Von Achane,RB,True
1252802326628933632,League 1,6,2.0,4,pattycan,Green Bay Packers,DEF,True
1252802326628933632,League 1,6,3.0,5,declancarroll,Bo Nix,QB,True
1252802326628933632,League 1,6,3.0,5,declancarroll,Trey Benson,RB,False
1252802326628933632,League 1,6,3.0,5,declancarroll,Xavier Worthy,WR,True
1252802326628933632,League 1,6,3.0,5,declancarroll,Jalen Coker,WR,False
1252802326628933632,League 1,6,3.0,5,declancarroll,Kimani Vidal,RB,False
1252802326628933632,League 1,6,3.0,5,declancarroll,Mike Evans,WR,False
1252802326628933632,League 1,6,3.0,5,declancarroll,Courtland Sutton,WR,True
1252802326628933632,League 1,6,3.0,5,declancarroll,Daniel Carlson,K,True
1252802326628933632,League 1,6,3.0,5,declancarroll,David Montgomery,RB,False
1252802326628933632,League 1,6,3.0,5,declancarroll,J.K. Dobbins,RB,True
1252802326628933632,League 1,6,3.0,5,declancarroll,Ja'Marr Chase,WR,True
1252802326628933632,League 1,6,3.0,5,declancarroll,Hassan Haskins,RB,False
1252802326628933632,League 1,6,3.0,5,declancarroll,Rashid Shaheed,WR,False
1252802326628933632,League 1,6,3.0,5,declancarroll,Chase Brown,RB,True
1252802326628933632,League 1,6,3.0,5,declancarroll,Tucker Kraft,TE,True
1252802326628933632,League 1,6,3.0,5,declancarroll,Jordan Addison,WR,False
1252802326628933632,League 1,6,3.0,5,declancarroll,Arizona Cardinals,DEF,True
1252802326628933632,League 1,6,4.0,6,kingcarrillo,Harold Fannin,TE,False
1252802326628933632,League 1,6,4.0,6,kingcarrillo,Omarion Hampton,RB,False
1252802326628933632,League 1,6,4.0,6,kingcarrillo,Matt Prater,K,True
1252802326628933632,League 1,6,4.0,6,kingcarrillo,David Njoku,TE,True
1252802326628933632,League 1,6,4.0,6,kingcarrillo,Alvin Kamara,RB,True
1252802326628933632,League 1,6,4.0,6,kingcarrillo,Baker Mayfield,QB,False
1252802326628933632,League 1,6,4.0,6,kingcarrillo,Sam Darnold,QB,True
1252802326628933632,League 1,6,4.0,6,kingcarrillo,Nick Chubb,RB,False
1252802326628933632,League 1,6,4.0,6,kingcarrillo,Jakobi Meyers,WR,True
1252802326628933632,League 1,6,4.0,6,kingcarrillo,Nico Collins,WR,False
1252802326628933632,League 1,6,4.0,6,kingcarrillo,Tyler Allgeier,RB,True
1252802326628933632,League 1,6,4.0,6,kingcarrillo,George Pickens,WR,True
1252802326628933632,League 1,6,4.0,6,kingcarrillo,Tyquan Thornton,WR,False
1252802326628933632,League 1,6,4.0,6,kingcarrillo,Brenton Strange,TE,False
1252802326628933632,League 1,6,4.0,6,kingcarrillo,Puka Nacua,WR,True
1252802326628933632,League 1,6,4.0,6,kingcarrillo,Quentin Johnston,WR,False
1252802326628933632,League 1,6,4.0,6,kingcarrillo,Seattle Seahawks,DEF,True
1252802326628933632,League 1,6,1.0,7,NotKool,Cam Skattebo,RB,True
1252802326628933632,League 1,6,1.0,7,NotKool,Tory Horton,WR,False
1252802326628933632,League 1,6,1.0,7,NotKool,Elic Ayomanor,WR,False
1252802326628933632,League 1,6,1.0,7,NotKool,Tyler Warren,TE,True
1252802326628933632,League 1,6,1.0,7,NotKool,Keenan Allen,WR,True
1252802326628933632,League 1,6,1.0,7,NotKool,Chris Boswell,K,True
1252802326628933632,League 1,6,1.0,7,NotKool,Hunter Henry,TE,False
1252802326628933632,League 1,6,1.0,7,NotKool,Dak Prescott,QB,True
1252802326628933632,League 1,6,1.0,7,NotKool,Tony Pollard,RB,True
1252802326628933632,League 1,6,1.0,7,NotKool,Rico Dowdle,RB,True
1252802326628933632,League 1,6,1.0,7,NotKool,Chuba Hubbard,RB,False
1252802326628933632,League 1,6,1.0,7,NotKool,Zach Charbonnet,RB,False
1252802326628933632,League 1,6,1.0,7,NotKool,Zay Flowers,WR,True
1252802326628933632,League 1,6,1.0,7,NotKool,Denver Broncos,DEF,True
1252802326628933632,League 1,6,1.0,7,NotKool,Jacksonville Jaguars,DEF,False
1252802326628933632,League 1,6,6.0,8,Shnickel,Caleb Williams,QB,False
1252802326628933632,League 1,6,6.0,8,Shnickel,Jayden Daniels,QB,True
1252802326628933632,League 1,6,6.0,8,Shnickel,AJ Barner,TE,True
1252802326628933632,League 1,6,6.0,8,Shnickel,Brian Thomas,WR,True
1252802326628933632,League 1,6,6.0,8,Shnickel,RJ Harvey,RB,False
1252802326628933632,League 1,6,6.0,8,Shnickel,Ashton Jeanty,RB,True
1252802326628933632,League 1,6,6.0,8,Shnickel,Travis Hunter,WR,False
1252802326628933632,League 1,6,6.0,8,Shnickel,Evan Engram,TE,False
1252802326628933632,League 1,6,6.0,8,Shnickel,Kareem Hunt,RB,False
1252802326628933632,League 1,6,6.0,8,Shnickel,Tee Higgins,WR,True
1252802326628933632,League 1,6,6.0,8,Shnickel,Brandon Aiyuk,WR,False
1252802326628933632,League 1,6,6.0,8,Shnickel,Michael Carter,RB,False
1252802326628933632,League 1,6,6.0,8,Shnickel,Jameson Williams,WR,True
1252802326628933632,League 1,6,6.0,8,Shnickel,Jaylen Warren,RB,True
1252802326628933632,League 1,6,6.0,8,Shnickel,Jordan Mason,RB,False
1252802326628933632,League 1,6,6.0,8,Shnickel,Parker Romo,K,True
1252802326628933632,League 1,6,6.0,8,Shnickel,Los Angeles Chargers,DEF,True
1252802326628933632,League 1,6,4.0,9,HurricaneEich,Brandon Aubrey,K,True
1252802326628933632,League 1,6,4.0,9,HurricaneEich,Colston Loveland,TE,False
1252802326628933632,League 1,6,4.0,9,HurricaneEich,Tyler Loop,K,False
1252802326628933632,League 1,6,4.0,9,HurricaneEich,Davante Adams,WR,True
1252802326628933632,League 1,6,4.0,9,HurricaneEich,Derrick Henry,RB,True
1252802326628933632,League 1,6,4.0,9,HurricaneEich,Josh Jacobs,RB,True
1252802326628933632,League 1,6,4.0,9,HurricaneEich,Deebo Samuel,WR,True
1252802326628933632,League 1,6,4.0,9,HurricaneEich,Miles Sanders,RB,False
1252802326628933632,League 1,6,4.0,9,HurricaneEich,Jerry Jeudy,WR,False
1252802326628933632,League 1,6,4.0,9,HurricaneEich,Jalen Hurts,QB,True
1252802326628933632,League 1,6,4.0,9,HurricaneEich,DeVonta Smith,WR,True
1252802326628933632,League 1,6,4.0,9,HurricaneEich,Jake Ferguson,TE,True
1252802326628933632,League 1,6,4.0,9,HurricaneEich,Marvin Mims,WR,False
1252802326628933632,League 1,6,4.0,9,HurricaneEich,C.J. Stroud,QB,False
1252802326628933632,League 1,6,4.0,9,HurricaneEich,Detroit Lions,DEF,True
1252802326628933632,League 1,6,2.0,10,arturowong,Bucky Irving,RB,False
1252802326628933632,League 1,6,2.0,10,arturowong,Ricky Pearsall,WR,False
1252802326628933632,League 1,6,2.0,10,arturowong,Jaydon Blue,RB,False
1252802326628933632,League 1,6,2.0,10,arturowong,Woody Marks,RB,False
1252802326628933632,League 1,6,2.0,10,arturowong,Tetairoa McMillan,WR,True
1252802326628933632,League 1,6,2.0,10,arturowong,Aaron Jones,RB,False
1252802326628933632,League 1,6,2.0,10,arturowong,DJ Moore,WR,False
1252802326628933632,League 1,6,2.0,10,arturowong,Josh Allen,QB,True
1252802326628933632,League 1,6,2.0,10,arturowong,Mark Andrews,TE,False
1252802326628933632,League 1,6,2.0,10,arturowong,Eddy Pineiro,K,True
1252802326628933632,League 1,6,2.0,10,arturowong,Kyle Pitts,TE,True
1252802326628933632,League 1,6,2.0,10,arturowong,Justin Fields,QB,False
1252802326628933632,League 1,6,2.0,10,arturowong,Romeo Doubs,WR,True
1252802326628933632,League 1,6,2.0,10,arturowong,Rachaad White,RB,True
1252802326628933632,League 1,6,2.0,10,arturowong,Jaxon Smith-Njigba,WR,True
1252802326628933632,League 1,6,2.0,10,arturowong,Bijan Robinson,RB,True
1252802326628933632,League 1,6,2.0,10,arturowong,Los Angeles Rams,DEF,True
1252802326628933632,League 1,6,1.0,11,ChexMixChester,Troy Franklin,WR,False
1252802326628933632,League 1,6,1.0,11,ChexMixChester,Tyrone Tracy,RB,False
1252802326628933632,League 1,6,1.0,11,ChexMixChester,Quinshon Judkins,RB,True
1252802326628933632,League 1,6,1.0,11,ChexMixChester,TreVeyon Henderson,RB,False
1252802326628933632,League 1,6,1.0,11,ChexMixChester,Travis Kelce,TE,True
1252802326628933632,League 1,6,1.0,11,ChexMixChester,Stefon Diggs,WR,True
1252802326628933632,League 1,6,1.0,11,ChexMixChester,Jared Goff,QB,True
1252802326628933632,League 1,6,1.0,11,ChexMixChester,Harrison Butker,K,True
1252802326628933632,League 1,6,1.0,11,ChexMixChester,Calvin Ridley,WR,True
1252802326628933632,League 1,6,1.0,11,ChexMixChester,Amon-Ra St. Brown,WR,True
1252802326628933632,League 1,6,1.0,11,ChexMixChester,Rhamondre Stevenson,RB,False
1252802326628933632,League 1,6,1.0,11,ChexMixChester,Drake London,WR,False
1252802326628933632,League 1,6,1.0,11,ChexMixChester,Khalil Shakir,WR,False
1252802326628933632,League 1,6,1.0,11,ChexMixChester,James Cook,RB,True
1252802326628933632,League 1,6,1.0,11,ChexMixChester,Buffalo Bills,DEF,True
1252802326628933632,League 1,6,5.0,12,Vishiga,Keon Coleman,WR,True
1252802326628933632,League 1,6,5.0,12,Vishiga,Matthew Golden,WR,False
1252802326628933632,League 1,6,5.0,12,Vishiga,Darren Waller,TE,False
1252802326628933632,League 1,6,5.0,12,Vishiga,Cooper Kupp,WR,True
1252802326628933632,League 1,6,5.0,12,Vishiga,Marquise Brown,WR,False
1252802326628933632,League 1,6,5.0,12,Vishiga,Daniel Jones,QB,True
1252802326628933632,League 1,6,5.0,12,Vishiga,Chase McLaughlin,K,True
1252802326628933632,League 1,6,5.0,12,Vishiga,Joe Burrow,QB,False
1252802326628933632,League 1,6,5.0,12,Vishiga,D'Andre Swift,RB,True
1252802326628933632,League 1,6,5.0,12,Vishiga,Justin Jefferson,WR,False
1252802326628933632,League 1,6,5.0,12,Vishiga,Kenneth Gainwell,RB,False
1252802326628933632,League 1,6,5.0,12,Vishiga,Javonte Williams,RB,True
1252802326628933632,League 1,6,5.0,12,Vishiga,Trey McBride,TE,True
1252802326628933632,League 1,6,5.0,12,Vishiga,Kyren Williams,RB,True
1252802326628933632,League 1,6,5.0,12,Vishiga,Las Vegas Raiders,DEF,True
1252802326628933632,League 1,6,5.0,12,Vishiga,Minnesota Vikings,DEF,False
1252802326628933632,League 1,7,5.0,1,Calcarro,Sam LaPorta,TE,True
1252802326628933632,League 1,7,5.0,1,Calcarro,Jake Bates,K,True
1252802326628933632,League 1,7,5.0,1,Calcarro,Rome Odunze,WR,True
1252802326628933632,League 1,7,5.0,1,Calcarro,Marvin Harrison,WR,False
1252802326628933632,League 1,7,5.0,1,Calcarro,Luther Burden,WR,False
1252802326628933632,League 1,7,5.0,1,Calcarro,Jacory Croskey-Merritt,RB,True
1252802326628933632,League 1,7,5.0,1,Calcarro,Isaac TeSlaa,WR,False
1252802326628933632,League 1,7,5.0,1,Calcarro,Kendrick Bourne,WR,True
1252802326628933632,League 1,7,5.0,1,Calcarro,Terry McLaurin,WR,False
1252802326628933632,League 1,7,5.0,1,Calcarro,Justin Herbert,QB,True
1252802326628933632,League 1,7,5.0,1,Calcarro,Jonathan Taylor,RB,True
1252802326628933632,League 1,7,5.0,1,Calcarro,Jalen Tolbert,WR,False
1252802326628933632,League 1,7,5.0,1,Calcarro,Brian Robinson,RB,False
1252802326628933632,League 1,7,5.0,1,Calcarro,Jahmyr Gibbs,RB,True
1252802326628933632,League 1,7,5.0,1,Calcarro,Pittsburgh Steelers,DEF,True
1252802326628933632,League 1,7,5.0,2,garrettmowery,Zach Ertz,TE,False
1252802326628933632,League 1,7,5.0,2,garrettmowery,Christian McCaffrey,RB,True
1252802326628933632,League 1,7,5.0,2,garrettmowery,Chris Godwin,WR,False
1252802326628933632,League 1,7,5.0,2,garrettmowery,Patrick Mahomes,QB,True
1252802326628933632,League 1,7,5.0,2,garrettmowery,George Kittle,TE,True
1252802326628933632,League 1,7,5.0,2,garrettmowery,Christian Kirk,WR,False
1252802326628933632,League 1,7,5.0,2,garrettmowery,A.J. Brown,WR,True
1252802326628933632,League 1,7,5.0,2,garrettmowery,Matt Gay,K,True
1252802326628933632,League 1,7,5.0,2,garrettmowery,Michael Pittman,WR,True
1252802326628933632,League 1,7,5.0,2,garrettmowery,Travis Etienne,RB,True
1252802326628933632,League 1,7,5.0,2,garrettmowery,Chris Olave,WR,True
1252802326628933632,League 1,7,5.0,2,garrettmowery,Garrett Wilson,WR,False
1252802326628933632,League 1,7,5.0,2,garrettmowery,Kenneth Walker,RB,False
1252802326628933632,League 1,7,5.0,2,garrettmowery,Kendre Miller,RB,False
1252802326628933632,League 1,7,5.0,2,garrettmowery,Indianapolis Colts,DEF,True
1252802326628933632,League 1,7,4.0,3,Ouriginal,Jayden Reed,WR,False
1252802326628933632,League 1,7,4.0,3,Ouriginal,Dalton Kincaid,TE,False
1252802326628933632,League 1,7,4.0,3,Ouriginal,Brock Bowers,TE,False
1252802326628933632,League 1,7,4.0,3,Ouriginal,Ladd McConkey,WR,True
1252802326628933632,League 1,7,4.0,3,Ouriginal,Jake Elliott,K,True
1252802326628933632,League 1,7,4.0,3,Ouriginal,Matthew Stafford,QB,True
1252802326628933632,League 1,7,4.0,3,Ouriginal,Saquon Barkley,RB,True
1252802326628933632,League 1,7,4.0,3,Ouriginal,DK Metcalf,WR,True
1252802326628933632,League 1,7,4.0,3,Ouriginal,Kyler Murray,QB,False
1252802326628933632,League 1,7,4.0,3,Ouriginal,Jaylen Waddle,WR,True
1252802326628933632,League 1,7,4.0,3,Ouriginal,Rashod Bateman,WR,False
1252802326628933632,League 1,7,4.0,3,Ouriginal,Wan'Dale Robinson,WR,False
1252802326628933632,League 1,7,4.0,3,Ouriginal,Brock Purdy,QB,False
1252802326628933632,League 1,7,4.0,3,Ouriginal,Isiah Pacheco,RB,True
1252802326628933632,League 1,7,4.0,3,Ouriginal,Michael Mayer,TE,True
1252802326628933632,League 1,7,4.0,3,Ouriginal,New England Patriots,DEF,True
1252802326628933632,League 1,7,4.0,3,Ouriginal,Philadelphia Eagles,DEF,False
1252802326628933632,League 1,7,1.0,4,pattycan,Tre Tucker,WR,True
1252802326628933632,League 1,7,1.0,4,pattycan,Rashee Rice,WR,True
1252802326628933632,League 1,7,1.0,4,pattycan,Drake Maye,QB,True
1252802326628933632,League 1,7,1.0,4,pattycan,Emeka Egbuka,WR,False
1252802326628933632,League 1,7,1.0,4,pattycan,Joe Mixon,RB,False
1252802326628933632,League 1,7,1.0,4,pattycan,Lamar Jackson,QB,False
1252802326628933632,League 1,7,1.0,4,pattycan,Dallas Goedert,TE,True
1252802326628933632,League 1,7,1.0,4,pattycan,T.J. Hockenson,TE,False
1252802326628933632,League 1,7,1.0,4,pattycan,CeeDee Lamb,WR,True
1252802326628933632,League 1,7,1.0,4,pattycan,Jauan Jennings,WR,False
1252802326628933632,League 1,7,1.0,4,pattycan,Darnell Mooney,WR,False
1252802326628933632,League 1,7,1.0,4,pattycan,Breece Hall,RB,True
1252802326628933632,League 1,7,1.0,4,pattycan,Cameron Dicker,K,True
1252802326628933632,League 1,7,1.0,4,pattycan,De'Von Achane,RB,True
1252802326628933632,League 1,7,1.0,4,pattycan,Green Bay Packers,DEF,True
1252802326628933632,League 1,7,3.0,5,declancarroll,Bo Nix,QB,True
1252802326628933632,League 1,7,3.0,5,declancarroll,Trey Benson,RB,False
1252802326628933632,League 1,7,3.0,5,declancarroll,Xavier Worthy,WR,False
1252802326628933632,League 1,7,3.0,5,declancarroll,Jalen Coker,WR,False
1252802326628933632,League 1,7,3.0,5,declancarroll,Kimani Vidal,RB,True
1252802326628933632,League 1,7,3.0,5,declancarroll,Mike Evans,WR,True
1252802326628933632,League 1,7,3.0,5,declancarroll,Courtland Sutton,WR,True
1252802326628933632,League 1,7,3.0,5,declancarroll,Daniel Carlson,K,True
1252802326628933632,League 1,7,3.0,5,declancarroll,David Montgomery,RB,False
1252802326628933632,League 1,7,3.0,5,declancarroll,J.K. Dobbins,RB,True
1252802326628933632,League 1,7,3.0,5,declancarroll,Ja'Marr Chase,WR,True
1252802326628933632,League 1,7,3.0,5,declancarroll,Zonovan Knight,RB,False
1252802326628933632,League 1,7,3.0,5,declancarroll,Rashid Shaheed,WR,False
1252802326628933632,League 1,7,3.0,5,declancarroll,Chase Brown,RB,False
1252802326628933632,League 1,7,3.0,5,declancarroll,Tucker Kraft,TE,True
1252802326628933632,League 1,7,3.0,5,declancarroll,Jordan Addison,WR,False
1252802326628933632,League 1,7,3.0,5,declancarroll,Chicago Bears,DEF,True
1252802326628933632,League 1,7,3.0,6,kingcarrillo,Harold Fannin,TE,True
1252802326628933632,League 1,7,3.0,6,kingcarrillo,Omarion Hampton,RB,False
1252802326628933632,League 1,7,3.0,6,kingcarrillo,Wil Lutz,K,True
1252802326628933632,League 1,7,3.0,6,kingcarrillo,David Njoku,TE,False
1252802326628933632,League 1,7,3.0,6,kingcarrillo,Alvin Kamara,RB,True
1252802326628933632,League 1,7,3.0,6,kingcarrillo,Baker Mayfield,QB,True
1252802326628933632,League 1,7,3.0,6,kingcarrillo,Nick Chubb,RB,True
1252802326628933632,League 1,7,3.0,6,kingcarrillo,Jakobi Meyers,WR,False
1252802326628933632,League 1,7,3.0,6,kingcarrillo,Nico Collins,WR,True
1252802326628933632,League 1,7,3.0,6,kingcarrillo,Tyler Allgeier,RB,False
1252802326628933632,League 1,7,3.0,6,kingcarrillo,George Pickens,WR,True
1252802326628933632,League 1,7,3.0,6,kingcarrillo,Tyquan Thornton,WR,False
1252802326628933632,League 1,7,3.0,6,kingcarrillo,Brenton Strange,TE,False
1252802326628933632,League 1,7,3.0,6,kingcarrillo,Puka Nacua,WR,False
1252802326628933632,League 1,7,3.0,6,kingcarrillo,Quentin Johnston,WR,True
1252802326628933632,League 1,7,3.0,6,kingcarrillo,Buffalo Bills,DEF,False
1252802326628933632,League 1,7,3.0,6,kingcarrillo,Seattle Seahawks,DEF,True
1252802326628933632,League 1,7,1.0,7,NotKool,Cam Skattebo,RB,True
1252802326628933632,League 1,7,1.0,7,NotKool,Tory Horton,WR,False
1252802326628933632,League 1,7,1.0,7,NotKool,Elic Ayomanor,WR,True
1252802326628933632,League 1,7,1.0,7,NotKool,Tyler Warren,TE,True
1252802326628933632,League 1,7,1.0,7,NotKool,Keenan Allen,WR,True
1252802326628933632,League 1,7,1.0,7,NotKool,Chris Boswell,K,True
1252802326628933632,League 1,7,1.0,7,NotKool,Sterling Shepard,WR,False
1252802326628933632,League 1,7,1.0,7,NotKool,Hunter Henry,TE,False
1252802326628933632,League 1,7,1.0,7,NotKool,Dak Prescott,QB,True
1252802326628933632,League 1,7,1.0,7,NotKool,Tony Pollard,RB,False
1252802326628933632,League 1,7,1.0,7,NotKool,Rico Dowdle,RB,True
1252802326628933632,League 1,7,1.0,7,NotKool,Chuba Hubbard,RB,False
1252802326628933632,League 1,7,1.0,7,NotKool,Zach Charbonnet,RB,True
1252802326628933632,League 1,7,1.0,7,NotKool,Zay Flowers,WR,False
1252802326628933632,League 1,7,1.0,7,NotKool,Denver Broncos,DEF,True
1252802326628933632,League 1,7,6.0,8,Shnickel,Caleb Williams,QB,False
1252802326628933632,League 1,7,6.0,8,Shnickel,Jayden Daniels,QB,True
1252802326628933632,League 1,7,6.0,8,Shnickel,AJ Barner,TE,True
1252802326628933632,League 1,7,6.0,8,Shnickel,Brian Thomas,WR,True
1252802326628933632,League 1,7,6.0,8,Shnickel,Jayden Higgins,WR,False
1252802326628933632,League 1,7,6.0,8,Shnickel,RJ Harvey,RB,False
1252802326628933632,League 1,7,6.0,8,Shnickel,Ashton Jeanty,RB,True
1252802326628933632,League 1,7,6.0,8,Shnickel,Travis Hunter,WR,False
1252802326628933632,League 1,7,6.0,8,Shnickel,Ka'imi Fairbairn,K,True
1252802326628933632,League 1,7,6.0,8,Shnickel,Evan Engram,TE,False
1252802326628933632,League 1,7,6.0,8,Shnickel,Tee Higgins,WR,True
1252802326628933632,League 1,7,6.0,8,Shnickel,Brandon Aiyuk,WR,False
1252802326628933632,League 1,7,6.0,8,Shnickel,Jameson Williams,WR,False
1252802326628933632,League 1,7,6.0,8,Shnickel,Jaylen Warren,RB,True
1252802326628933632,League 1,7,6.0,8,Shnickel,Jordan Mason,RB,True
1252802326628933632,League 1,7,6.0,8,Shnickel,Tyjae Spears,RB,False
1252802326628933632,League 1,7,6.0,8,Shnickel,Cleveland Browns,DEF,True
1252802326628933632,League 1,7,4.0,9,HurricaneEich,Brandon Aubrey,K,True
1252802326628933632,League 1,7,4.0,9,HurricaneEich,Colston Loveland,TE,False
1252802326628933632,League 1,7,4.0,9,HurricaneEich,Davante Adams,WR,True
1252802326628933632,League 1,7,4.0,9,HurricaneEich,Derrick Henry,RB,False
1252802326628933632,League 1,7,4.0,9,HurricaneEich,Josh Jacobs,RB,True
1252802326628933632,League 1,7,4.0,9,HurricaneEich,Deebo Samuel,WR,False
1252802326628933632,League 1,7,4.0,9,HurricaneEich,Miles Sanders,RB,False
1252802326628933632,League 1,7,4.0,9,HurricaneEich,Jerry Jeudy,WR,True
1252802326628933632,League 1,7,4.0,9,HurricaneEich,Jalen Hurts,QB,True
1252802326628933632,League 1,7,4.0,9,HurricaneEich,DeVonta Smith,WR,True
1252802326628933632,League 1,7,4.0,9,HurricaneEich,Michael Carter,RB,True
1252802326628933632,League 1,7,4.0,9,HurricaneEich,Jake Ferguson,TE,True
1252802326628933632,League 1,7,4.0,9,HurricaneEich,Marvin Mims,WR,False
1252802326628933632,League 1,7,4.0,9,HurricaneEich,C.J. Stroud,QB,False
1252802326628933632,League 1,7,4.0,9,HurricaneEich,Detroit Lions,DEF,True
1252802326628933632,League 1,7,2.0,10,arturowong,Bucky Irving,RB,False
1252802326628933632,League 1,7,2.0,10,arturowong,Ricky Pearsall,WR,False
1252802326628933632,League 1,7,2.0,10,arturowong,Woody Marks,RB,False
1252802326628933632,League 1,7,2.0,10,arturowong,Jaxson Dart,QB,False
1252802326628933632,League 1,7,2.0,10,arturowong,Tetairoa McMillan,WR,True
1252802326628933632,League 1,7,2.0,10,arturowong,Aaron Jones,RB,False
1252802326628933632,League 1,7,2.0,10,arturowong,DJ Moore,WR,False
1252802326628933632,League 1,7,2.0,10,arturowong,Josh Allen,QB,False
1252802326628933632,League 1,7,2.0,10,arturowong,Eddy Pineiro,K,True
1252802326628933632,League 1,7,2.0,10,arturowong,Kyle Pitts,TE,True
1252802326628933632,League 1,7,2.0,10,arturowong,Justin Fields,QB,True
1252802326628933632,League 1,7,2.0,10,arturowong,Romeo Doubs,WR,True
1252802326628933632,League 1,7,2.0,10,arturowong,Rachaad White,RB,True
1252802326628933632,League 1,7,2.0,10,arturowong,Jaxon Smith-Njigba,WR,True
1252802326628933632,League 1,7,2.0,10,arturowong,Bijan Robinson,RB,True
1252802326628933632,League 1,7,2.0,10,arturowong,Los Angeles Rams,DEF,True
1252802326628933632,League 1,7,2.0,11,ChexMixChester,Keon Coleman,WR,False
1252802326628933632,League 1,7,2.0,11,ChexMixChester,Tyrone Tracy,RB,False
1252802326628933632,League 1,7,2.0,11,ChexMixChester,Quinshon Judkins,RB,True
1252802326628933632,League 1,7,2.0,11,ChexMixChester,TreVeyon Henderson,RB,True
1252802326628933632,League 1,7,2.0,11,ChexMixChester,Travis Kelce,TE,True
1252802326628933632,League 1,7,2.0,11,ChexMixChester,Stefon Diggs,WR,True
1252802326628933632,League 1,7,2.0,11,ChexMixChester,Jared Goff,QB,True
1252802326628933632,League 1,7,2.0,11,ChexMixChester,Harrison Butker,K,True
1252802326628933632,League 1,7,2.0,11,ChexMixChester,Calvin Ridley,WR,False
1252802326628933632,League 1,7,2.0,11,ChexMixChester,Amon-Ra St. Brown,WR,True
1252802326628933632,League 1,7,2.0,11,ChexMixChester,Rhamondre Stevenson,RB,False
1252802326628933632,League 1,7,2.0,11,ChexMixChester,Drake London,WR,True
1252802326628933632,League 1,7,2.0,11,ChexMixChester,Khalil Shakir,WR,False
1252802326628933632,League 1,7,2.0,11,ChexMixChester,James Cook,RB,False
1252802326628933632,League 1,7,2.0,11,ChexMixChester,Josh Downs,WR,False
1252802326628933632,League 1,7,2.0,11,ChexMixChester,Kansas City Chiefs,DEF,True
1252802326628933632,League 1,7,6.0,12,Vishiga,Kameron Johnson,WR,True
1252802326628933632,League 1,7,6.0,12,Vishiga,Matthew Golden,WR,False
1252802326628933632,League 1,7,6.0,12,Vishiga,Darren Waller,TE,False
1252802326628933632,League 1,7,6.0,12,Vishiga,Cooper Kupp,WR,False
1252802326628933632,League 1,7,6.0,12,Vishiga,Marquise Brown,WR,False
1252802326628933632,League 1,7,6.0,12,Vishiga,Daniel Jones,QB,True
1252802326628933632,League 1,7,6.0,12,Vishiga,Chase McLaughlin,K,True
1252802326628933632,League 1,7,6.0,12,Vishiga,Joe Burrow,QB,False
1252802326628933632,League 1,7,6.0,12,Vishiga,D'Andre Swift,RB,True
1252802326628933632,League 1,7,6.0,12,Vishiga,Justin Jefferson,WR,True
1252802326628933632,League 1,7,6.0,12,Vishiga,Kenneth Gainwell,RB,False
1252802326628933632,League 1,7,6.0,12,Vishiga,Javonte Williams,RB,True
1252802326628933632,League 1,7,6.0,12,Vishiga,Trey McBride,TE,True
1252802326628933632,League 1,7,6.0,12,Vishiga,Kyren Williams,RB,True
1252802326628933632,League 1,7,6.0,12,Vishiga,Las Vegas Raiders,DEF,True
1252802326628933632,League 1,7,6.0,12,Vishiga,Minnesota Vikings,DEF,False
1252802326628933632,League 1,8,2.0,1,Calcarro,Sam LaPorta,TE,False
1252802326628933632,League 1,8,2.0,1,Calcarro,Jake Bates,K,False
1252802326628933632,League 1,8,2.0,1,Calcarro,Rome Odunze,WR,True
1252802326628933632,League 1,8,2.0,1,Calcarro,Marvin Harrison,WR,False
1252802326628933632,League 1,8,2.0,1,Calcarro,Will Reichard,K,True
1252802326628933632,League 1,8,2.0,1,Calcarro,Luther Burden,WR,False
1252802326628933632,League 1,8,2.0,1,Calcarro,Jacory Croskey-Merritt,RB,True
1252802326628933632,League 1,8,2.0,1,Calcarro,Kendrick Bourne,WR,True
1252802326628933632,League 1,8,2.0,1,Calcarro,Terry McLaurin,WR,True
1252802326628933632,League 1,8,2.0,1,Calcarro,Justin Herbert,QB,True
1252802326628933632,League 1,8,2.0,1,Calcarro,Jonathan Taylor,RB,True
1252802326628933632,League 1,8,2.0,1,Calcarro,Cade Otton,TE,True
1252802326628933632,League 1,8,2.0,1,Calcarro,Brian Robinson,RB,False
1252802326628933632,League 1,8,2.0,1,Calcarro,Jahmyr Gibbs,RB,False
1252802326628933632,League 1,8,2.0,1,Calcarro,Pittsburgh Steelers,DEF,True
1252802326628933632,League 1,8,5.0,2,garrettmowery,Brashard Smith,RB,True
1252802326628933632,League 1,8,5.0,2,garrettmowery,Zach Ertz,TE,True
1252802326628933632,League 1,8,5.0,2,garrettmowery,Christian McCaffrey,RB,True
1252802326628933632,League 1,8,5.0,2,garrettmowery,Chris Godwin,WR,False
1252802326628933632,League 1,8,5.0,2,garrettmowery,Patrick Mahomes,QB,True
1252802326628933632,League 1,8,5.0,2,garrettmowery,George Kittle,TE,True
1252802326628933632,League 1,8,5.0,2,garrettmowery,Christian Kirk,WR,False
1252802326628933632,League 1,8,5.0,2,garrettmowery,A.J. Brown,WR,False
1252802326628933632,League 1,8,5.0,2,garrettmowery,Matthew Wright,K,True
1252802326628933632,League 1,8,5.0,2,garrettmowery,Michael Pittman,WR,True
1252802326628933632,League 1,8,5.0,2,garrettmowery,Travis Etienne,RB,False
1252802326628933632,League 1,8,5.0,2,garrettmowery,Chris Olave,WR,True
1252802326628933632,League 1,8,5.0,2,garrettmowery,Garrett Wilson,WR,False
1252802326628933632,League 1,8,5.0,2,garrettmowery,Kenneth Walker,RB,False
1252802326628933632,League 1,8,5.0,2,garrettmowery,Kendre Miller,RB,False
1252802326628933632,League 1,8,5.0,2,garrettmowery,Indianapolis Colts,DEF,True
1252802326628933632,League 1,8,5.0,3,Ouriginal,Dalton Kincaid,TE,True
1252802326628933632,League 1,8,5.0,3,Ouriginal,Bucky Irving,RB,False
1252802326628933632,League 1,8,5.0,3,Ouriginal,Ladd McConkey,WR,True
1252802326628933632,League 1,8,5.0,3,Ouriginal,Marcus Mariota,QB,True
1252802326628933632,League 1,8,5.0,3,Ouriginal,Jake Elliott,K,True
1252802326628933632,League 1,8,5.0,3,Ouriginal,Matthew Stafford,QB,False
1252802326628933632,League 1,8,5.0,3,Ouriginal,DK Metcalf,WR,True
1252802326628933632,League 1,8,5.0,3,Ouriginal,Jaylen Waddle,WR,False
1252802326628933632,League 1,8,5.0,3,Ouriginal,Rashod Bateman,WR,False
1252802326628933632,League 1,8,5.0,3,Ouriginal,Romeo Doubs,WR,False
1252802326628933632,League 1,8,5.0,3,Ouriginal,Wan'Dale Robinson,WR,True
1252802326628933632,League 1,8,5.0,3,Ouriginal,Rachaad White,RB,True
1252802326628933632,League 1,8,5.0,3,Ouriginal,Brock Purdy,QB,False
1252802326628933632,League 1,8,5.0,3,Ouriginal,Isiah Pacheco,RB,True
1252802326628933632,League 1,8,5.0,3,Ouriginal,New England Patriots,DEF,True
1252802326628933632,League 1,8,5.0,3,Ouriginal,Philadelphia Eagles,DEF,False
1252802326628933632,League 1,8,4.0,4,pattycan,Tre Tucker,WR,False
1252802326628933632,League 1,8,4.0,4,pattycan,Rashee Rice,WR,True
1252802326628933632,League 1,8,4.0,4,pattycan,Drake Maye,QB,True
1252802326628933632,League 1,8,4.0,4,pattycan,Emeka Egbuka,WR,True
1252802326628933632,League 1,8,4.0,4,pattycan,Joe Mixon,RB,False
1252802326628933632,League 1,8,4.0,4,pattycan,Lamar Jackson,QB,False
1252802326628933632,League 1,8,4.0,4,pattycan,Dallas Goedert,TE,True
1252802326628933632,League 1,8,4.0,4,pattycan,T.J. Hockenson,TE,False
1252802326628933632,League 1,8,4.0,4,pattycan,CeeDee Lamb,WR,True
1252802326628933632,League 1,8,4.0,4,pattycan,Jauan Jennings,WR,False
1252802326628933632,League 1,8,4.0,4,pattycan,Darnell Mooney,WR,False
1252802326628933632,League 1,8,4.0,4,pattycan,Breece Hall,RB,True
1252802326628933632,League 1,8,4.0,4,pattycan,Cameron Dicker,K,True
1252802326628933632,League 1,8,4.0,4,pattycan,De'Von Achane,RB,True
1252802326628933632,League 1,8,4.0,4,pattycan,Green Bay Packers,DEF,True
1252802326628933632,League 1,8,3.0,5,declancarroll,Bo Nix,QB,True
1252802326628933632,League 1,8,3.0,5,declancarroll,Isaiah Davis,RB,False
1252802326628933632,League 1,8,3.0,5,declancarroll,Trey Benson,RB,False
1252802326628933632,League 1,8,3.0,5,declancarroll,Xavier Worthy,WR,False
1252802326628933632,League 1,8,3.0,5,declancarroll,Kimani Vidal,RB,False
1252802326628933632,League 1,8,3.0,5,declancarroll,Mike Evans,WR,False
1252802326628933632,League 1,8,3.0,5,declancarroll,Courtland Sutton,WR,True
1252802326628933632,League 1,8,3.0,5,declancarroll,David Montgomery,RB,False
1252802326628933632,League 1,8,3.0,5,declancarroll,Nick Folk,K,True
1252802326628933632,League 1,8,3.0,5,declancarroll,J.K. Dobbins,RB,True
1252802326628933632,League 1,8,3.0,5,declancarroll,Ja'Marr Chase,WR,True
1252802326628933632,League 1,8,3.0,5,declancarroll,Zonovan Knight,RB,False
1252802326628933632,League 1,8,3.0,5,declancarroll,Rashid Shaheed,WR,False
1252802326628933632,League 1,8,3.0,5,declancarroll,Chase Brown,RB,True
1252802326628933632,League 1,8,3.0,5,declancarroll,Tucker Kraft,TE,True
1252802326628933632,League 1,8,3.0,5,declancarroll,Jordan Addison,WR,True
1252802326628933632,League 1,8,3.0,5,declancarroll,Atlanta Falcons,DEF,True
1252802326628933632,League 1,8,6.0,6,kingcarrillo,Woody Marks,RB,True
1252802326628933632,League 1,8,6.0,6,kingcarrillo,Harold Fannin,TE,True
1252802326628933632,League 1,8,6.0,6,kingcarrillo,Omarion Hampton,RB,False
1252802326628933632,League 1,8,6.0,6,kingcarrillo,Joe Flacco,QB,False
1252802326628933632,League 1,8,6.0,6,kingcarrillo,Wil Lutz,K,True
1252802326628933632,League 1,8,6.0,6,kingcarrillo,David Njoku,TE,False
1252802326628933632,League 1,8,6.0,6,kingcarrillo,Alvin Kamara,RB,True
1252802326628933632,League 1,8,6.0,6,kingcarrillo,Baker Mayfield,QB,True
1252802326628933632,League 1,8,6.0,6,kingcarrillo,Nick Chubb,RB,True
1252802326628933632,League 1,8,6.0,6,kingcarrillo,Jakobi Meyers,WR,False
1252802326628933632,League 1,8,6.0,6,kingcarrillo,Nico Collins,WR,False
1252802326628933632,League 1,8,6.0,6,kingcarrillo,George Pickens,WR,True
1252802326628933632,League 1,8,6.0,6,kingcarrillo,Brenton Strange,TE,False
1252802326628933632,League 1,8,6.0,6,kingcarrillo,Puka Nacua,WR,False
1252802326628933632,League 1,8,6.0,6,kingcarrillo,Quentin Johnston,WR,True
1252802326628933632,League 1,8,6.0,6,kingcarrillo,Buffalo Bills,DEF,True
1252802326628933632,League 1,8,6.0,6,kingcarrillo,Seattle Seahawks,DEF,False
1252802326628933632,League 1,8,1.0,7,NotKool,Cam Skattebo,RB,True
1252802326628933632,League 1,8,1.0,7,NotKool,Tory Horton,WR,False
1252802326628933632,League 1,8,1.0,7,NotKool,Tyler Warren,TE,True
1252802326628933632,League 1,8,1.0,7,NotKool,Kyle Monangai,RB,False
1252802326628933632,League 1,8,1.0,7,NotKool,Keenan Allen,WR,True
1252802326628933632,League 1,8,1.0,7,NotKool,Chris Boswell,K,True
1252802326628933632,League 1,8,1.0,7,NotKool,Sterling Shepard,WR,True
1252802326628933632,League 1,8,1.0,7,NotKool,Dak Prescott,QB,True
1252802326628933632,League 1,8,1.0,7,NotKool,Tony Pollard,RB,False
1252802326628933632,League 1,8,1.0,7,NotKool,Rico Dowdle,RB,True
1252802326628933632,League 1,8,1.0,7,NotKool,Chuba Hubbard,RB,False
1252802326628933632,League 1,8,1.0,7,NotKool,Kayshon Boutte,WR,False
1252802326628933632,League 1,8,1.0,7,NotKool,Zach Charbonnet,RB,False
1252802326628933632,League 1,8,1.0,7,NotKool,Zay Flowers,WR,True
1252802326628933632,League 1,8,1.0,7,NotKool,Denver Broncos,DEF,True
1252802326628933632,League 1,8,6.0,8,Shnickel,Caleb Williams,QB,True
1252802326628933632,League 1,8,6.0,8,Shnickel,Jayden Daniels,QB,False
1252802326628933632,League 1,8,6.0,8,Shnickel,Xavier Legette,WR,True
1252802326628933632,League 1,8,6.0,8,Shnickel,Brian Thomas,WR,False
1252802326628933632,League 1,8,6.0,8,Shnickel,RJ Harvey,RB,False
1252802326628933632,League 1,8,6.0,8,Shnickel,Ashton Jeanty,RB,False
1252802326628933632,League 1,8,6.0,8,Shnickel,Travis Hunter,WR,False
1252802326628933632,League 1,8,6.0,8,Shnickel,Ka'imi Fairbairn,K,True
1252802326628933632,League 1,8,6.0,8,Shnickel,Evan Engram,TE,True
1252802326628933632,League 1,8,6.0,8,Shnickel,Tee Higgins,WR,True
1252802326628933632,League 1,8,6.0,8,Shnickel,Brandon Aiyuk,WR,False
1252802326628933632,League 1,8,6.0,8,Shnickel,Alec Pierce,WR,True
1252802326628933632,League 1,8,6.0,8,Shnickel,Jameson Williams,WR,False
1252802326628933632,League 1,8,6.0,8,Shnickel,Jaylen Warren,RB,True
1252802326628933632,League 1,8,6.0,8,Shnickel,Jordan Mason,RB,True
1252802326628933632,League 1,8,6.0,8,Shnickel,Tyjae Spears,RB,False
1252802326628933632,League 1,8,6.0,8,Shnickel,Cleveland Browns,DEF,True
1252802326628933632,League 1,8,4.0,9,HurricaneEich,Brandon Aubrey,K,True
1252802326628933632,League 1,8,4.0,9,HurricaneEich,Colston Loveland,TE,False
1252802326628933632,League 1,8,4.0,9,HurricaneEich,Davante Adams,WR,False
1252802326628933632,League 1,8,4.0,9,HurricaneEich,Derrick Henry,RB,True
1252802326628933632,League 1,8,4.0,9,HurricaneEich,Josh Jacobs,RB,True
1252802326628933632,League 1,8,4.0,9,HurricaneEich,Deebo Samuel,WR,True
1252802326628933632,League 1,8,4.0,9,HurricaneEich,Miles Sanders,RB,False
1252802326628933632,League 1,8,4.0,9,HurricaneEich,Jerry Jeudy,WR,False
1252802326628933632,League 1,8,4.0,9,HurricaneEich,Jalen Hurts,QB,True
1252802326628933632,League 1,8,4.0,9,HurricaneEich,DeVonta Smith,WR,True
1252802326628933632,League 1,8,4.0,9,HurricaneEich,Jake Ferguson,TE,True
1252802326628933632,League 1,8,4.0,9,HurricaneEich,Marvin Mims,WR,True
1252802326628933632,League 1,8,4.0,9,HurricaneEich,C.J. Stroud,QB,False
1252802326628933632,League 1,8,4.0,9,HurricaneEich,Detroit Lions,DEF,False
1252802326628933632,League 1,8,4.0,9,HurricaneEich,Tampa Bay Buccaneers,DEF,True
1252802326628933632,League 1,8,2.0,10,arturowong,Brock Bowers,TE,False
1252802326628933632,League 1,8,2.0,10,arturowong,Ricky Pearsall,WR,False
1252802326628933632,League 1,8,2.0,10,arturowong,Oronde Gadsden,TE,True
1252802326628933632,League 1,8,2.0,10,arturowong,Jaxson Dart,QB,False
1252802326628933632,League 1,8,2.0,10,arturowong,Tetairoa McMillan,WR,True
1252802326628933632,League 1,8,2.0,10,arturowong,Aaron Jones,RB,False
1252802326628933632,League 1,8,2.0,10,arturowong,Saquon Barkley,RB,True
1252802326628933632,League 1,8,2.0,10,arturowong,DJ Moore,WR,True
1252802326628933632,League 1,8,2.0,10,arturowong,Josh Allen,QB,True
1252802326628933632,League 1,8,2.0,10,arturowong,Eddy Pineiro,K,True
1252802326628933632,League 1,8,2.0,10,arturowong,Kyle Pitts,TE,True
1252802326628933632,League 1,8,2.0,10,arturowong,Tyler Allgeier,RB,False
1252802326628933632,League 1,8,2.0,10,arturowong,Jaxon Smith-Njigba,WR,False
1252802326628933632,League 1,8,2.0,10,arturowong,Bijan Robinson,RB,True
1252802326628933632,League 1,8,2.0,10,arturowong,Houston Texans,DEF,True
1252802326628933632,League 1,8,2.0,10,arturowong,Los Angeles Rams,DEF,False
1252802326628933632,League 1,8,3.0,11,ChexMixChester,Keon Coleman,WR,False
1252802326628933632,League 1,8,3.0,11,ChexMixChester,Tyrone Tracy,RB,False
1252802326628933632,League 1,8,3.0,11,ChexMixChester,Quinshon Judkins,RB,True
1252802326628933632,League 1,8,3.0,11,ChexMixChester,TreVeyon Henderson,RB,False
1252802326628933632,League 1,8,3.0,11,ChexMixChester,Travis Kelce,TE,True
1252802326628933632,League 1,8,3.0,11,ChexMixChester,Stefon Diggs,WR,True
1252802326628933632,League 1,8,3.0,11,ChexMixChester,Jared Goff,QB,False
1252802326628933632,League 1,8,3.0,11,ChexMixChester,Harrison Butker,K,True
1252802326628933632,League 1,8,3.0,11,ChexMixChester,Calvin Ridley,WR,False
1252802326628933632,League 1,8,3.0,11,ChexMixChester,Amon-Ra St. Brown,WR,False
1252802326628933632,League 1,8,3.0,11,ChexMixChester,Justin Fields,QB,True
1252802326628933632,League 1,8,3.0,11,ChexMixChester,Rhamondre Stevenson,RB,True
1252802326628933632,League 1,8,3.0,11,ChexMixChester,Drake London,WR,False
1252802326628933632,League 1,8,3.0,11,ChexMixChester,Khalil Shakir,WR,True
1252802326628933632,League 1,8,3.0,11,ChexMixChester,James Cook,RB,True
1252802326628933632,League 1,8,3.0,11,ChexMixChester,Kansas City Chiefs,DEF,True
1252802326628933632,League 1,8,1.0,12,Vishiga,Theo Johnson,TE,True
1252802326628933632,League 1,8,1.0,12,Vishiga,Tez Johnson,WR,True
1252802326628933632,League 1,8,1.0,12,Vishiga,Matthew Golden,WR,True
1252802326628933632,League 1,8,1.0,12,Vishiga,Darren Waller,TE,False
1252802326628933632,League 1,8,1.0,12,Vishiga,Cooper Kupp,WR,False
1252802326628933632,League 1,8,1.0,12,Vishiga,Marquise Brown,WR,False
1252802326628933632,League 1,8,1.0,12,Vishiga,Daniel Jones,QB,True
1252802326628933632,League 1,8,1.0,12,Vishiga,Joe Burrow,QB,False
1252802326628933632,League 1,8,1.0,12,Vishiga,D'Andre Swift,RB,True
1252802326628933632,League 1,8,1.0,12,Vishiga,Justin Jefferson,WR,True
1252802326628933632,League 1,8,1.0,12,Vishiga,Kenneth Gainwell,RB,False
1252802326628933632,League 1,8,1.0,12,Vishiga,Javonte Williams,RB,True
1252802326628933632,League 1,8,1.0,12,Vishiga,Evan McPherson,K,True
1252802326628933632,League 1,8,1.0,12,Vishiga,Trey McBride,TE,False
1252802326628933632,League 1,8,1.0,12,Vishiga,Kyren Williams,RB,False
1252802326628933632,League 1,8,1.0,12,Vishiga,Minnesota Vikings,DEF,True
1252802326628933632,League 1,9,1.0,1,Calcarro,Sam LaPorta,TE,True
1252802326628933632,League 1,9,1.0,1,Calcarro,Jake Bates,K,True
1252802326628933632,League 1,9,1.0,1,Calcarro,Rome Odunze,WR,True
1252802326628933632,League 1,9,1.0,1,Calcarro,Marvin Harrison,WR,True
1252802326628933632,League 1,9,1.0,1,Calcarro,Luther Burden,WR,False
1252802326628933632,League 1,9,1.0,1,Calcarro,Jacory Croskey-Merritt,RB,True
1252802326628933632,League 1,9,1.0,1,Calcarro,Kendrick Bourne,WR,False
1252802326628933632,League 1,9,1.0,1,Calcarro,Terry McLaurin,WR,False
1252802326628933632,League 1,9,1.0,1,Calcarro,Devin Singletary,RB,False
1252802326628933632,League 1,9,1.0,1,Calcarro,Justin Herbert,QB,True
1252802326628933632,League 1,9,1.0,1,Calcarro,Jonathan Taylor,RB,True
1252802326628933632,League 1,9,1.0,1,Calcarro,Cade Otton,TE,False
1252802326628933632,League 1,9,1.0,1,Calcarro,Brian Robinson,RB,False
1252802326628933632,League 1,9,1.0,1,Calcarro,Jahmyr Gibbs,RB,True
1252802326628933632,League 1,9,1.0,1,Calcarro,Pittsburgh Steelers,DEF,True
1252802326628933632,League 1,9,5.0,2,garrettmowery,Brashard Smith,RB,False
1252802326628933632,League 1,9,5.0,2,garrettmowery,Zach Ertz,TE,False
1252802326628933632,League 1,9,5.0,2,garrettmowery,Jason Myers,K,True
1252802326628933632,League 1,9,5.0,2,garrettmowery,Christian McCaffrey,RB,True
1252802326628933632,League 1,9,5.0,2,garrettmowery,Chris Godwin,WR,False
1252802326628933632,League 1,9,5.0,2,garrettmowery,Patrick Mahomes,QB,True
1252802326628933632,League 1,9,5.0,2,garrettmowery,George Kittle,TE,True
1252802326628933632,League 1,9,5.0,2,garrettmowery,A.J. Brown,WR,False
1252802326628933632,League 1,9,5.0,2,garrettmowery,Chase McLaughlin,K,False
1252802326628933632,League 1,9,5.0,2,garrettmowery,Michael Pittman,WR,True
1252802326628933632,League 1,9,5.0,2,garrettmowery,Travis Etienne,RB,True
1252802326628933632,League 1,9,5.0,2,garrettmowery,Chris Olave,WR,True
1252802326628933632,League 1,9,5.0,2,garrettmowery,Garrett Wilson,WR,False
1252802326628933632,League 1,9,5.0,2,garrettmowery,Kenneth Walker,RB,True
1252802326628933632,League 1,9,5.0,2,garrettmowery,Indianapolis Colts,DEF,True
1252802326628933632,League 1,9,6.0,3,Ouriginal,Dalton Kincaid,TE,False
1252802326628933632,League 1,9,6.0,3,Ouriginal,Bucky Irving,RB,False
1252802326628933632,League 1,9,6.0,3,Ouriginal,Oronde Gadsden,TE,True
1252802326628933632,League 1,9,6.0,3,Ouriginal,Matt Prater,K,True
1252802326628933632,League 1,9,6.0,3,Ouriginal,Samaje Perine,RB,True
1252802326628933632,League 1,9,6.0,3,Ouriginal,Jake Elliott,K,False
1252802326628933632,League 1,9,6.0,3,Ouriginal,Matthew Stafford,QB,True
1252802326628933632,League 1,9,6.0,3,Ouriginal,DK Metcalf,WR,True
1252802326628933632,League 1,9,6.0,3,Ouriginal,Justice Hill,RB,True
1252802326628933632,League 1,9,6.0,3,Ouriginal,Jaylen Waddle,WR,True
1252802326628933632,League 1,9,6.0,3,Ouriginal,Romeo Doubs,WR,False
1252802326628933632,League 1,9,6.0,3,Ouriginal,Wan'Dale Robinson,WR,True
1252802326628933632,League 1,9,6.0,3,Ouriginal,Rachaad White,RB,False
1252802326628933632,League 1,9,6.0,3,Ouriginal,Isiah Pacheco,RB,False
1252802326628933632,League 1,9,6.0,3,Ouriginal,New England Patriots,DEF,True
1252802326628933632,League 1,9,6.0,3,Ouriginal,Philadelphia Eagles,DEF,False
1252802326628933632,League 1,9,3.0,4,pattycan,Tre Tucker,WR,False
1252802326628933632,League 1,9,3.0,4,pattycan,Rashee Rice,WR,True
1252802326628933632,League 1,9,3.0,4,pattycan,Drake Maye,QB,False
1252802326628933632,League 1,9,3.0,4,pattycan,Emeka Egbuka,WR,False
1252802326628933632,League 1,9,3.0,4,pattycan,Joe Mixon,RB,False
1252802326628933632,League 1,9,3.0,4,pattycan,Lamar Jackson,QB,True
1252802326628933632,League 1,9,3.0,4,pattycan,Dallas Goedert,TE,False
1252802326628933632,League 1,9,3.0,4,pattycan,T.J. Hockenson,TE,True
1252802326628933632,League 1,9,3.0,4,pattycan,CeeDee Lamb,WR,True
1252802326628933632,League 1,9,3.0,4,pattycan,Jauan Jennings,WR,True
1252802326628933632,League 1,9,3.0,4,pattycan,Darnell Mooney,WR,False
1252802326628933632,League 1,9,3.0,4,pattycan,Michael Carter,RB,True
1252802326628933632,League 1,9,3.0,4,pattycan,Breece Hall,RB,False
1252802326628933632,League 1,9,3.0,4,pattycan,Cameron Dicker,K,True
1252802326628933632,League 1,9,3.0,4,pattycan,De'Von Achane,RB,True
1252802326628933632,League 1,9,3.0,4,pattycan,Green Bay Packers,DEF,True
1252802326628933632,League 1,9,3.0,5,declancarroll,Bo Nix,QB,True
1252802326628933632,League 1,9,3.0,5,declancarroll,Isaiah Davis,RB,False
1252802326628933632,League 1,9,3.0,5,declancarroll,Trey Benson,RB,False
1252802326628933632,League 1,9,3.0,5,declancarroll,Xavier Worthy,WR,False
1252802326628933632,League 1,9,3.0,5,declancarroll,Kimani Vidal,RB,True
1252802326628933632,League 1,9,3.0,5,declancarroll,Joshua Karty,K,True
1252802326628933632,League 1,9,3.0,5,declancarroll,Mike Evans,WR,False
1252802326628933632,League 1,9,3.0,5,declancarroll,Courtland Sutton,WR,True
1252802326628933632,League 1,9,3.0,5,declancarroll,David Montgomery,RB,False
1252802326628933632,League 1,9,3.0,5,declancarroll,J.K. Dobbins,RB,False
1252802326628933632,League 1,9,3.0,5,declancarroll,Ja'Marr Chase,WR,True
1252802326628933632,League 1,9,3.0,5,declancarroll,Zonovan Knight,RB,False
1252802326628933632,League 1,9,3.0,5,declancarroll,Rashid Shaheed,WR,False
1252802326628933632,League 1,9,3.0,5,declancarroll,Chase Brown,RB,True
1252802326628933632,League 1,9,3.0,5,declancarroll,Tucker Kraft,TE,True
1252802326628933632,League 1,9,3.0,5,declancarroll,Jordan Addison,WR,True
1252802326628933632,League 1,9,3.0,5,declancarroll,Los Angeles Chargers,DEF,True
1252802326628933632,League 1,9,5.0,6,kingcarrillo,Woody Marks,RB,True
1252802326628933632,League 1,9,5.0,6,kingcarrillo,Harold Fannin,TE,False
1252802326628933632,League 1,9,5.0,6,kingcarrillo,Omarion Hampton,RB,False
1252802326628933632,League 1,9,5.0,6,kingcarrillo,Tyler Loop,K,True
1252802326628933632,League 1,9,5.0,6,kingcarrillo,Alvin Kamara,RB,False
1252802326628933632,League 1,9,5.0,6,kingcarrillo,Kareem Hunt,RB,True
1252802326628933632,League 1,9,5.0,6,kingcarrillo,Baker Mayfield,QB,False
1252802326628933632,League 1,9,5.0,6,kingcarrillo,Sam Darnold,QB,True
1252802326628933632,League 1,9,5.0,6,kingcarrillo,Nick Chubb,RB,False
1252802326628933632,League 1,9,5.0,6,kingcarrillo,Mark Andrews,TE,True
1252802326628933632,League 1,9,5.0,6,kingcarrillo,Jakobi Meyers,WR,False
1252802326628933632,League 1,9,5.0,6,kingcarrillo,Nico Collins,WR,True
1252802326628933632,League 1,9,5.0,6,kingcarrillo,George Pickens,WR,True
1252802326628933632,League 1,9,5.0,6,kingcarrillo,Brenton Strange,TE,False
1252802326628933632,League 1,9,5.0,6,kingcarrillo,Puka Nacua,WR,True
1252802326628933632,League 1,9,5.0,6,kingcarrillo,Quentin Johnston,WR,False
1252802326628933632,League 1,9,5.0,6,kingcarrillo,Seattle Seahawks,DEF,True
1252802326628933632,League 1,9,1.0,7,NotKool,Jayden Reed,WR,False
1252802326628933632,League 1,9,1.0,7,NotKool,Troy Franklin,WR,False
1252802326628933632,League 1,9,1.0,7,NotKool,Tory Horton,WR,False
1252802326628933632,League 1,9,1.0,7,NotKool,Tyler Warren,TE,True
1252802326628933632,League 1,9,1.0,7,NotKool,Kyle Monangai,RB,True
1252802326628933632,League 1,9,1.0,7,NotKool,Keenan Allen,WR,True
1252802326628933632,League 1,9,1.0,7,NotKool,Chris Boswell,K,True
1252802326628933632,League 1,9,1.0,7,NotKool,Dak Prescott,QB,True
1252802326628933632,League 1,9,1.0,7,NotKool,Tony Pollard,RB,False
1252802326628933632,League 1,9,1.0,7,NotKool,Rico Dowdle,RB,True
1252802326628933632,League 1,9,1.0,7,NotKool,Chuba Hubbard,RB,False
1252802326628933632,League 1,9,1.0,7,NotKool,Kayshon Boutte,WR,True
1252802326628933632,League 1,9,1.0,7,NotKool,Zach Charbonnet,RB,False
1252802326628933632,League 1,9,1.0,7,NotKool,Zay Flowers,WR,True
1252802326628933632,League 1,9,1.0,7,NotKool,Denver Broncos,DEF,True
1252802326628933632,League 1,9,6.0,8,Shnickel,Jayden Daniels,QB,True
1252802326628933632,League 1,9,6.0,8,Shnickel,Brian Thomas,WR,True
1252802326628933632,League 1,9,6.0,8,Shnickel,RJ Harvey,RB,False
1252802326628933632,League 1,9,6.0,8,Shnickel,Ashton Jeanty,RB,True
1252802326628933632,League 1,9,6.0,8,Shnickel,Travis Hunter,WR,False
1252802326628933632,League 1,9,6.0,8,Shnickel,Ka'imi Fairbairn,K,True
1252802326628933632,League 1,9,6.0,8,Shnickel,Evan Engram,TE,True
1252802326628933632,League 1,9,6.0,8,Shnickel,Tee Higgins,WR,True
1252802326628933632,League 1,9,6.0,8,Shnickel,Brandon Aiyuk,WR,False
1252802326628933632,League 1,9,6.0,8,Shnickel,Alec Pierce,WR,False
1252802326628933632,League 1,9,6.0,8,Shnickel,Jameson Williams,WR,True
1252802326628933632,League 1,9,6.0,8,Shnickel,Christian Watson,WR,False
1252802326628933632,League 1,9,6.0,8,Shnickel,Jaylen Warren,RB,True
1252802326628933632,League 1,9,6.0,8,Shnickel,Jordan Mason,RB,False
1252802326628933632,League 1,9,6.0,8,Shnickel,Parker Washington,WR,False
1252802326628933632,League 1,9,6.0,8,Shnickel,Tyjae Spears,RB,False
1252802326628933632,League 1,9,6.0,8,Shnickel,Jacksonville Jaguars,DEF,True
1252802326628933632,League 1,9,4.0,9,HurricaneEich,Brandon Aubrey,K,True
1252802326628933632,League 1,9,4.0,9,HurricaneEich,Colston Loveland,TE,False
1252802326628933632,League 1,9,4.0,9,HurricaneEich,Davante Adams,WR,True
1252802326628933632,League 1,9,4.0,9,HurricaneEich,Derrick Henry,RB,True
1252802326628933632,League 1,9,4.0,9,HurricaneEich,Josh Jacobs,RB,True
1252802326628933632,League 1,9,4.0,9,HurricaneEich,Deebo Samuel,WR,True
1252802326628933632,League 1,9,4.0,9,HurricaneEich,Miles Sanders,RB,False
1252802326628933632,League 1,9,4.0,9,HurricaneEich,Jerry Jeudy,WR,False
1252802326628933632,League 1,9,4.0,9,HurricaneEich,Jordan Love,QB,True
1252802326628933632,League 1,9,4.0,9,HurricaneEich,Jalen Hurts,QB,False
1252802326628933632,League 1,9,4.0,9,HurricaneEich,DeVonta Smith,WR,False
1252802326628933632,League 1,9,4.0,9,HurricaneEich,Jake Ferguson,TE,True
1252802326628933632,League 1,9,4.0,9,HurricaneEich,Marvin Mims,WR,False
1252802326628933632,League 1,9,4.0,9,HurricaneEich,Josh Downs,WR,True
1252802326628933632,League 1,9,4.0,9,HurricaneEich,Detroit Lions,DEF,True
1252802326628933632,League 1,9,4.0,9,HurricaneEich,Tampa Bay Buccaneers,DEF,False
1252802326628933632,League 1,9,2.0,10,arturowong,Emanuel Wilson,RB,False
1252802326628933632,League 1,9,2.0,10,arturowong,Brock Bowers,TE,True
1252802326628933632,League 1,9,2.0,10,arturowong,Ladd McConkey,WR,True
1252802326628933632,League 1,9,2.0,10,arturowong,Ricky Pearsall,WR,False
1252802326628933632,League 1,9,2.0,10,arturowong,Jaxson Dart,QB,False
1252802326628933632,League 1,9,2.0,10,arturowong,Tetairoa McMillan,WR,True
1252802326628933632,League 1,9,2.0,10,arturowong,Aaron Jones,RB,True
1252802326628933632,League 1,9,2.0,10,arturowong,Saquon Barkley,RB,False
1252802326628933632,League 1,9,2.0,10,arturowong,DJ Moore,WR,False
1252802326628933632,League 1,9,2.0,10,arturowong,Josh Allen,QB,True
1252802326628933632,League 1,9,2.0,10,arturowong,Eddy Pineiro,K,True
1252802326628933632,League 1,9,2.0,10,arturowong,Kyle Pitts,TE,False
1252802326628933632,League 1,9,2.0,10,arturowong,Tyler Allgeier,RB,False
1252802326628933632,League 1,9,2.0,10,arturowong,Tank Bigsby,RB,False
1252802326628933632,League 1,9,2.0,10,arturowong,Jaxon Smith-Njigba,WR,True
1252802326628933632,League 1,9,2.0,10,arturowong,Bijan Robinson,RB,True
1252802326628933632,League 1,9,2.0,10,arturowong,Los Angeles Rams,DEF,True
1252802326628933632,League 1,9,4.0,11,ChexMixChester,Keon Coleman,WR,False
1252802326628933632,League 1,9,4.0,11,ChexMixChester,Tyrone Tracy,RB,True
1252802326628933632,League 1,9,4.0,11,ChexMixChester,Quinshon Judkins,RB,False
1252802326628933632,League 1,9,4.0,11,ChexMixChester,TreVeyon Henderson,RB,False
1252802326628933632,League 1,9,4.0,11,ChexMixChester,Travis Kelce,TE,True
1252802326628933632,League 1,9,4.0,11,ChexMixChester,Stefon Diggs,WR,True
1252802326628933632,League 1,9,4.0,11,ChexMixChester,Jared Goff,QB,True
1252802326628933632,League 1,9,4.0,11,ChexMixChester,Harrison Butker,K,True
1252802326628933632,League 1,9,4.0,11,ChexMixChester,Calvin Ridley,WR,False
1252802326628933632,League 1,9,4.0,11,ChexMixChester,Darius Slayton,WR,False
1252802326628933632,League 1,9,4.0,11,ChexMixChester,Amon-Ra St. Brown,WR,True
1252802326628933632,League 1,9,4.0,11,ChexMixChester,Rhamondre Stevenson,RB,False
1252802326628933632,League 1,9,4.0,11,ChexMixChester,Drake London,WR,False
1252802326628933632,League 1,9,4.0,11,ChexMixChester,Khalil Shakir,WR,True
1252802326628933632,League 1,9,4.0,11,ChexMixChester,James Cook,RB,True
1252802326628933632,League 1,9,4.0,11,ChexMixChester,Houston Texans,DEF,True
1252802326628933632,League 1,9,2.0,12,Vishiga,Theo Johnson,TE,False
1252802326628933632,League 1,9,2.0,12,Vishiga,Tez Johnson,WR,False
1252802326628933632,League 1,9,2.0,12,Vishiga,Matthew Golden,WR,True
1252802326628933632,League 1,9,2.0,12,Vishiga,Chimere Dike,WR,True
1252802326628933632,League 1,9,2.0,12,Vishiga,Darren Waller,TE,False
1252802326628933632,League 1,9,2.0,12,Vishiga,Cooper Kupp,WR,False
1252802326628933632,League 1,9,2.0,12,Vishiga,Daniel Jones,QB,True
1252802326628933632,League 1,9,2.0,12,Vishiga,Joe Burrow,QB,False
1252802326628933632,League 1,9,2.0,12,Vishiga,D'Andre Swift,RB,False
1252802326628933632,League 1,9,2.0,12,Vishiga,Justin Jefferson,WR,True
1252802326628933632,League 1,9,2.0,12,Vishiga,Kenneth Gainwell,RB,False
1252802326628933632,League 1,9,2.0,12,Vishiga,Javonte Williams,RB,True
1252802326628933632,League 1,9,2.0,12,Vishiga,Evan McPherson,K,True
1252802326628933632,League 1,9,2.0,12,Vishiga,Trey McBride,TE,True
1252802326628933632,League 1,9,2.0,12,Vishiga,Kyren Williams,RB,True
1252802326628933632,League 1,9,2.0,12,Vishiga,Baltimore Ravens,DEF,True
1252802326628933632,League 1,9,2.0,12,Vishiga,Minnesota Vikings,DEF,False
1252802326628933632,League 1,10,6.0,1,Calcarro,Sam LaPorta,TE,True
1252802326628933632,League 1,10,6.0,1,Calcarro,Jake Bates,K,True
1252802326628933632,League 1,10,6.0,1,Calcarro,Rome Odunze,WR,True
1252802326628933632,League 1,10,6.0,1,Calcarro,Marvin Harrison,WR,True
1252802326628933632,League 1,10,6.0,1,Calcarro,Luther Burden,WR,False
1252802326628933632,League 1,10,6.0,1,Calcarro,Jacory Croskey-Merritt,RB,False
1252802326628933632,League 1,10,6.0,1,Calcarro,Kendrick Bourne,WR,False
1252802326628933632,League 1,10,6.0,1,Calcarro,Terry McLaurin,WR,False
1252802326628933632,League 1,10,6.0,1,Calcarro,Devin Singletary,RB,True
1252802326628933632,League 1,10,6.0,1,Calcarro,Justin Herbert,QB,True
1252802326628933632,League 1,10,6.0,1,Calcarro,Jonathan Taylor,RB,True
1252802326628933632,League 1,10,6.0,1,Calcarro,Cade Otton,TE,False
1252802326628933632,League 1,10,6.0,1,Calcarro,Brian Robinson,RB,False
1252802326628933632,League 1,10,6.0,1,Calcarro,Jahmyr Gibbs,RB,True
1252802326628933632,League 1,10,6.0,1,Calcarro,Pittsburgh Steelers,DEF,True
1252802326628933632,League 1,10,3.0,2,garrettmowery,Zach Ertz,TE,False
1252802326628933632,League 1,10,3.0,2,garrettmowery,Marcus Mariota,QB,True
1252802326628933632,League 1,10,3.0,2,garrettmowery,Jason Myers,K,False
1252802326628933632,League 1,10,3.0,2,garrettmowery,Christian McCaffrey,RB,True
1252802326628933632,League 1,10,3.0,2,garrettmowery,Chris Godwin,WR,False
1252802326628933632,League 1,10,3.0,2,garrettmowery,Patrick Mahomes,QB,False
1252802326628933632,League 1,10,3.0,2,garrettmowery,George Kittle,TE,True
1252802326628933632,League 1,10,3.0,2,garrettmowery,A.J. Brown,WR,True
1252802326628933632,League 1,10,3.0,2,garrettmowery,Chase McLaughlin,K,True
1252802326628933632,League 1,10,3.0,2,garrettmowery,Michael Pittman,WR,True
1252802326628933632,League 1,10,3.0,2,garrettmowery,Travis Etienne,RB,True
1252802326628933632,League 1,10,3.0,2,garrettmowery,Chris Olave,WR,True
1252802326628933632,League 1,10,3.0,2,garrettmowery,Garrett Wilson,WR,False
1252802326628933632,League 1,10,3.0,2,garrettmowery,Kenneth Walker,RB,False
1252802326628933632,League 1,10,3.0,2,garrettmowery,Indianapolis Colts,DEF,True
1252802326628933632,League 1,10,1.0,3,Ouriginal,Dalton Kincaid,TE,False
1252802326628933632,League 1,10,1.0,3,Ouriginal,Bucky Irving,RB,False
1252802326628933632,League 1,10,1.0,3,Ouriginal,Oronde Gadsden,TE,True
1252802326628933632,League 1,10,1.0,3,Ouriginal,Matt Prater,K,False
1252802326628933632,League 1,10,1.0,3,Ouriginal,Samaje Perine,RB,False
1252802326628933632,League 1,10,1.0,3,Ouriginal,Jake Elliott,K,True
1252802326628933632,League 1,10,1.0,3,Ouriginal,Matthew Stafford,QB,True
1252802326628933632,League 1,10,1.0,3,Ouriginal,DK Metcalf,WR,False
1252802326628933632,League 1,10,1.0,3,Ouriginal,Ty Johnson,RB,True
1252802326628933632,League 1,10,1.0,3,Ouriginal,Jaylen Waddle,WR,True
1252802326628933632,League 1,10,1.0,3,Ouriginal,Romeo Doubs,WR,True
1252802326628933632,League 1,10,1.0,3,Ouriginal,Wan'Dale Robinson,WR,True
1252802326628933632,League 1,10,1.0,3,Ouriginal,Rachaad White,RB,True
1252802326628933632,League 1,10,1.0,3,Ouriginal,Isiah Pacheco,RB,False
1252802326628933632,League 1,10,1.0,3,Ouriginal,New England Patriots,DEF,False
1252802326628933632,League 1,10,1.0,3,Ouriginal,Philadelphia Eagles,DEF,True
1252802326628933632,League 1,10,6.0,4,pattycan,Tre Tucker,WR,True
1252802326628933632,League 1,10,6.0,4,pattycan,Rashee Rice,WR,False
1252802326628933632,League 1,10,6.0,4,pattycan,Drake Maye,QB,False
1252802326628933632,League 1,10,6.0,4,pattycan,Emeka Egbuka,WR,True
1252802326628933632,League 1,10,6.0,4,pattycan,Joe Mixon,RB,False
1252802326628933632,League 1,10,6.0,4,pattycan,Lamar Jackson,QB,True
1252802326628933632,League 1,10,6.0,4,pattycan,Dallas Goedert,TE,True
1252802326628933632,League 1,10,6.0,4,pattycan,T.J. Hockenson,TE,False
1252802326628933632,League 1,10,6.0,4,pattycan,CeeDee Lamb,WR,False
1252802326628933632,League 1,10,6.0,4,pattycan,Jauan Jennings,WR,True
1252802326628933632,League 1,10,6.0,4,pattycan,Darnell Mooney,WR,False
1252802326628933632,League 1,10,6.0,4,pattycan,Michael Carter,RB,False
1252802326628933632,League 1,10,6.0,4,pattycan,Breece Hall,RB,True
1252802326628933632,League 1,10,6.0,4,pattycan,Cameron Dicker,K,True
1252802326628933632,League 1,10,6.0,4,pattycan,De'Von Achane,RB,True
1252802326628933632,League 1,10,6.0,4,pattycan,Green Bay Packers,DEF,True
1252802326628933632,League 1,10,3.0,5,declancarroll,Bo Nix,QB,True
1252802326628933632,League 1,10,3.0,5,declancarroll,Isaiah Davis,RB,False
1252802326628933632,League 1,10,3.0,5,declancarroll,Trey Benson,RB,False
1252802326628933632,League 1,10,3.0,5,declancarroll,Xavier Worthy,WR,False
1252802326628933632,League 1,10,3.0,5,declancarroll,Kimani Vidal,RB,True
1252802326628933632,League 1,10,3.0,5,declancarroll,Joshua Karty,K,True
1252802326628933632,League 1,10,3.0,5,declancarroll,Mike Evans,WR,False
1252802326628933632,League 1,10,3.0,5,declancarroll,Courtland Sutton,WR,True
1252802326628933632,League 1,10,3.0,5,declancarroll,David Montgomery,RB,True
1252802326628933632,League 1,10,3.0,5,declancarroll,J.K. Dobbins,RB,True
1252802326628933632,League 1,10,3.0,5,declancarroll,Juwan Johnson,TE,True
1252802326628933632,League 1,10,3.0,5,declancarroll,Ja'Marr Chase,WR,False
1252802326628933632,League 1,10,3.0,5,declancarroll,Zonovan Knight,RB,False
1252802326628933632,League 1,10,3.0,5,declancarroll,Rashid Shaheed,WR,False
1252802326628933632,League 1,10,3.0,5,declancarroll,Chase Brown,RB,False
1252802326628933632,League 1,10,3.0,5,declancarroll,Jordan Addison,WR,True
1252802326628933632,League 1,10,3.0,5,declancarroll,Los Angeles Chargers,DEF,True
1252802326628933632,League 1,10,2.0,6,kingcarrillo,Woody Marks,RB,True
1252802326628933632,League 1,10,2.0,6,kingcarrillo,Devin Neal,RB,False
1252802326628933632,League 1,10,2.0,6,kingcarrillo,Harold Fannin,TE,False
1252802326628933632,League 1,10,2.0,6,kingcarrillo,Omarion Hampton,RB,False
1252802326628933632,League 1,10,2.0,6,kingcarrillo,Tyler Loop,K,True
1252802326628933632,League 1,10,2.0,6,kingcarrillo,Alvin Kamara,RB,True
1252802326628933632,League 1,10,2.0,6,kingcarrillo,Kareem Hunt,RB,False
1252802326628933632,League 1,10,2.0,6,kingcarrillo,Baker Mayfield,QB,True
1252802326628933632,League 1,10,2.0,6,kingcarrillo,Nick Chubb,RB,False
1252802326628933632,League 1,10,2.0,6,kingcarrillo,Mark Andrews,TE,True
1252802326628933632,League 1,10,2.0,6,kingcarrillo,Jakobi Meyers,WR,False
1252802326628933632,League 1,10,2.0,6,kingcarrillo,Nico Collins,WR,True
1252802326628933632,League 1,10,2.0,6,kingcarrillo,George Pickens,WR,False
1252802326628933632,League 1,10,2.0,6,kingcarrillo,Brenton Strange,TE,False
1252802326628933632,League 1,10,2.0,6,kingcarrillo,Puka Nacua,WR,True
1252802326628933632,League 1,10,2.0,6,kingcarrillo,Quentin Johnston,WR,True
1252802326628933632,League 1,10,2.0,6,kingcarrillo,Seattle Seahawks,DEF,True
1252802326628933632,League 1,10,1.0,7,NotKool,Jayden Reed,WR,False
1252802326628933632,League 1,10,1.0,7,NotKool,Caleb Williams,QB,True
1252802326628933632,League 1,10,1.0,7,NotKool,Troy Franklin,WR,True
1252802326628933632,League 1,10,1.0,7,NotKool,Tory Horton,WR,False
1252802326628933632,League 1,10,1.0,7,NotKool,Tyler Warren,TE,True
1252802326628933632,League 1,10,1.0,7,NotKool,Kyle Monangai,RB,True
1252802326628933632,League 1,10,1.0,7,NotKool,Keenan Allen,WR,True
1252802326628933632,League 1,10,1.0,7,NotKool,Chris Boswell,K,True
1252802326628933632,League 1,10,1.0,7,NotKool,Dak Prescott,QB,False
1252802326628933632,League 1,10,1.0,7,NotKool,Tony Pollard,RB,False
1252802326628933632,League 1,10,1.0,7,NotKool,Rico Dowdle,RB,True
1252802326628933632,League 1,10,1.0,7,NotKool,Chuba Hubbard,RB,False
1252802326628933632,League 1,10,1.0,7,NotKool,Kayshon Boutte,WR,False
1252802326628933632,League 1,10,1.0,7,NotKool,Zach Charbonnet,RB,False
1252802326628933632,League 1,10,1.0,7,NotKool,Zay Flowers,WR,True
1252802326628933632,League 1,10,1.0,7,NotKool,Denver Broncos,DEF,True
1252802326628933632,League 1,10,4.0,8,Shnickel,Jayden Daniels,QB,False
1252802326628933632,League 1,10,4.0,8,Shnickel,Brian Thomas,WR,False
1252802326628933632,League 1,10,4.0,8,Shnickel,RJ Harvey,RB,True
1252802326628933632,League 1,10,4.0,8,Shnickel,Ashton Jeanty,RB,True
1252802326628933632,League 1,10,4.0,8,Shnickel,Travis Hunter,WR,False
1252802326628933632,League 1,10,4.0,8,Shnickel,Jacoby Brissett,QB,True
1252802326628933632,League 1,10,4.0,8,Shnickel,Evan Engram,TE,True
1252802326628933632,League 1,10,4.0,8,Shnickel,Michael Badgley,K,True
1252802326628933632,League 1,10,4.0,8,Shnickel,Tee Higgins,WR,False
1252802326628933632,League 1,10,4.0,8,Shnickel,Alec Pierce,WR,True
1252802326628933632,League 1,10,4.0,8,Shnickel,Jameson Williams,WR,True
1252802326628933632,League 1,10,4.0,8,Shnickel,Jaylen Warren,RB,True
1252802326628933632,League 1,10,4.0,8,Shnickel,Jordan Mason,RB,False
1252802326628933632,League 1,10,4.0,8,Shnickel,Luke Musgrave,TE,False
1252802326628933632,League 1,10,4.0,8,Shnickel,Parker Washington,WR,False
1252802326628933632,League 1,10,4.0,8,Shnickel,Tyjae Spears,RB,False
1252802326628933632,League 1,10,4.0,8,Shnickel,Jacksonville Jaguars,DEF,True
1252802326628933632,League 1,10,4.0,9,HurricaneEich,Brandon Aubrey,K,False
1252802326628933632,League 1,10,4.0,9,HurricaneEich,Colston Loveland,TE,True
1252802326628933632,League 1,10,4.0,9,HurricaneEich,Cairo Santos,K,True
1252802326628933632,League 1,10,4.0,9,HurricaneEich,Davante Adams,WR,True
1252802326628933632,League 1,10,4.0,9,HurricaneEich,Derrick Henry,RB,True
1252802326628933632,League 1,10,4.0,9,HurricaneEich,Josh Jacobs,RB,True
1252802326628933632,League 1,10,4.0,9,HurricaneEich,Deebo Samuel,WR,True
1252802326628933632,League 1,10,4.0,9,HurricaneEich,Miles Sanders,RB,False
1252802326628933632,League 1,10,4.0,9,HurricaneEich,Jordan Love,QB,False
1252802326628933632,League 1,10,4.0,9,HurricaneEich,Jalen Hurts,QB,True
1252802326628933632,League 1,10,4.0,9,HurricaneEich,DeVonta Smith,WR,True
1252802326628933632,League 1,10,4.0,9,HurricaneEich,Jake Ferguson,TE,False
1252802326628933632,League 1,10,4.0,9,HurricaneEich,Marvin Mims,WR,False
1252802326628933632,League 1,10,4.0,9,HurricaneEich,Josh Downs,WR,False
1252802326628933632,League 1,10,4.0,9,HurricaneEich,Detroit Lions,DEF,True
1252802326628933632,League 1,10,4.0,9,HurricaneEich,Tampa Bay Buccaneers,DEF,False
1252802326628933632,League 1,10,2.0,10,arturowong,Brock Bowers,TE,True
1252802326628933632,League 1,10,2.0,10,arturowong,Ladd McConkey,WR,True
1252802326628933632,League 1,10,2.0,10,arturowong,Ricky Pearsall,WR,False
1252802326628933632,League 1,10,2.0,10,arturowong,Jaxson Dart,QB,False
1252802326628933632,League 1,10,2.0,10,arturowong,Tetairoa McMillan,WR,False
1252802326628933632,League 1,10,2.0,10,arturowong,Aaron Jones,RB,False
1252802326628933632,League 1,10,2.0,10,arturowong,Saquon Barkley,RB,True
1252802326628933632,League 1,10,2.0,10,arturowong,DJ Moore,WR,True
1252802326628933632,League 1,10,2.0,10,arturowong,Josh Allen,QB,True
1252802326628933632,League 1,10,2.0,10,arturowong,Eddy Pineiro,K,True
1252802326628933632,League 1,10,2.0,10,arturowong,Kyle Pitts,TE,False
1252802326628933632,League 1,10,2.0,10,arturowong,Tyler Allgeier,RB,False
1252802326628933632,League 1,10,2.0,10,arturowong,Tank Bigsby,RB,False
1252802326628933632,League 1,10,2.0,10,arturowong,Jaxon Smith-Njigba,WR,True
1252802326628933632,League 1,10,2.0,10,arturowong,Bijan Robinson,RB,True
1252802326628933632,League 1,10,2.0,10,arturowong,Los Angeles Rams,DEF,True
1252802326628933632,League 1,10,5.0,11,ChexMixChester,Keon Coleman,WR,False
1252802326628933632,League 1,10,5.0,11,ChexMixChester,Tyrone Tracy,RB,True
1252802326628933632,League 1,10,5.0,11,ChexMixChester,Quinshon Judkins,RB,False
1252802326628933632,League 1,10,5.0,11,ChexMixChester,TreVeyon Henderson,RB,False
1252802326628933632,League 1,10,5.0,11,ChexMixChester,Brandon McManus,K,True
1252802326628933632,League 1,10,5.0,11,ChexMixChester,Travis Kelce,TE,False
1252802326628933632,League 1,10,5.0,11,ChexMixChester,Stefon Diggs,WR,True
1252802326628933632,League 1,10,5.0,11,ChexMixChester,Jared Goff,QB,True
1252802326628933632,League 1,10,5.0,11,ChexMixChester,Hunter Henry,TE,True
1252802326628933632,League 1,10,5.0,11,ChexMixChester,Calvin Ridley,WR,False
1252802326628933632,League 1,10,5.0,11,ChexMixChester,Amon-Ra St. Brown,WR,True
1252802326628933632,League 1,10,5.0,11,ChexMixChester,Rhamondre Stevenson,RB,False
1252802326628933632,League 1,10,5.0,11,ChexMixChester,Drake London,WR,False
1252802326628933632,League 1,10,5.0,11,ChexMixChester,Khalil Shakir,WR,True
1252802326628933632,League 1,10,5.0,11,ChexMixChester,James Cook,RB,True
1252802326628933632,League 1,10,5.0,11,ChexMixChester,Houston Texans,DEF,True
1252802326628933632,League 1,10,5.0,12,Vishiga,Theo Johnson,TE,True
1252802326628933632,League 1,10,5.0,12,Vishiga,Will Reichard,K,True
1252802326628933632,League 1,10,5.0,12,Vishiga,Tez Johnson,WR,True
1252802326628933632,League 1,10,5.0,12,Vishiga,Chimere Dike,WR,False
1252802326628933632,League 1,10,5.0,12,Vishiga,Joe Flacco,QB,False
1252802326628933632,League 1,10,5.0,12,Vishiga,Darren Waller,TE,False
1252802326628933632,League 1,10,5.0,12,Vishiga,Cooper Kupp,WR,False
1252802326628933632,League 1,10,5.0,12,Vishiga,Daniel Jones,QB,True
1252802326628933632,League 1,10,5.0,12,Vishiga,Joe Burrow,QB,False
1252802326628933632,League 1,10,5.0,12,Vishiga,D'Andre Swift,RB,True
1252802326628933632,League 1,10,5.0,12,Vishiga,Justin Jefferson,WR,True
1252802326628933632,League 1,10,5.0,12,Vishiga,Kenneth Gainwell,RB,False
1252802326628933632,League 1,10,5.0,12,Vishiga,Javonte Williams,RB,False
1252802326628933632,League 1,10,5.0,12,Vishiga,Trey McBride,TE,True
1252802326628933632,League 1,10,5.0,12,Vishiga,Kyren Williams,RB,True
1252802326628933632,League 1,10,5.0,12,Vishiga,Cleveland Browns,DEF,True
1252802326628933632,League 1,10,5.0,12,Vishiga,Minnesota Vikings,DEF,False
1252802326628933632,League 1,11,5.0,1,Calcarro,Sam LaPorta,TE,False
1252802326628933632,League 1,11,5.0,1,Calcarro,Jake Bates,K,True
1252802326628933632,League 1,11,5.0,1,Calcarro,Rome Odunze,WR,True
1252802326628933632,League 1,11,5.0,1,Calcarro,Marvin Harrison,WR,False
1252802326628933632,League 1,11,5.0,1,Calcarro,Luther Burden,WR,False
1252802326628933632,League 1,11,5.0,1,Calcarro,Jacory Croskey-Merritt,RB,True
1252802326628933632,League 1,11,5.0,1,Calcarro,Terry McLaurin,WR,False
1252802326628933632,League 1,11,5.0,1,Calcarro,Devin Singletary,RB,False
1252802326628933632,League 1,11,5.0,1,Calcarro,Darius Slayton,WR,False
1252802326628933632,League 1,11,5.0,1,Calcarro,Jerry Jeudy,WR,True
1252802326628933632,League 1,11,5.0,1,Calcarro,Justin Herbert,QB,True
1252802326628933632,League 1,11,5.0,1,Calcarro,Jonathan Taylor,RB,False
1252802326628933632,League 1,11,5.0,1,Calcarro,Cade Otton,TE,True
1252802326628933632,League 1,11,5.0,1,Calcarro,Brian Robinson,RB,False
1252802326628933632,League 1,11,5.0,1,Calcarro,Christian Watson,WR,True
1252802326628933632,League 1,11,5.0,1,Calcarro,Jahmyr Gibbs,RB,True
1252802326628933632,League 1,11,5.0,1,Calcarro,Pittsburgh Steelers,DEF,True
1252802326628933632,League 1,11,4.0,2,garrettmowery,Michael Wilson,WR,True
1252802326628933632,League 1,11,4.0,2,garrettmowery,Zach Ertz,TE,False
1252802326628933632,League 1,11,4.0,2,garrettmowery,Christian McCaffrey,RB,True
1252802326628933632,League 1,11,4.0,2,garrettmowery,Chris Godwin,WR,False
1252802326628933632,League 1,11,4.0,2,garrettmowery,Patrick Mahomes,QB,True
1252802326628933632,League 1,11,4.0,2,garrettmowery,Mack Hollins,WR,False
1252802326628933632,League 1,11,4.0,2,garrettmowery,George Kittle,TE,True
1252802326628933632,League 1,11,4.0,2,garrettmowery,A.J. Brown,WR,True
1252802326628933632,League 1,11,4.0,2,garrettmowery,Chase McLaughlin,K,True
1252802326628933632,League 1,11,4.0,2,garrettmowery,Michael Pittman,WR,False
1252802326628933632,League 1,11,4.0,2,garrettmowery,Travis Etienne,RB,True
1252802326628933632,League 1,11,4.0,2,garrettmowery,Chris Olave,WR,False
1252802326628933632,League 1,11,4.0,2,garrettmowery,Garrett Wilson,WR,False
1252802326628933632,League 1,11,4.0,2,garrettmowery,Kenneth Walker,RB,True
1252802326628933632,League 1,11,4.0,2,garrettmowery,Jalen Nailor,WR,False
1252802326628933632,League 1,11,4.0,2,garrettmowery,Indianapolis Colts,DEF,False
1252802326628933632,League 1,11,4.0,2,garrettmowery,Kansas City Chiefs,DEF,True
1252802326628933632,League 1,11,2.0,3,Ouriginal,Dalton Kincaid,TE,False
1252802326628933632,League 1,11,2.0,3,Ouriginal,Emari Demercado,RB,True
1252802326628933632,League 1,11,2.0,3,Ouriginal,Bucky Irving,RB,False
1252802326628933632,League 1,11,2.0,3,Ouriginal,Oronde Gadsden,TE,True
1252802326628933632,League 1,11,2.0,3,Ouriginal,Matt Prater,K,False
1252802326628933632,League 1,11,2.0,3,Ouriginal,Jake Elliott,K,True
1252802326628933632,League 1,11,2.0,3,Ouriginal,Matthew Stafford,QB,True
1252802326628933632,League 1,11,2.0,3,Ouriginal,DK Metcalf,WR,True
1252802326628933632,League 1,11,2.0,3,Ouriginal,Jaylen Waddle,WR,True
1252802326628933632,League 1,11,2.0,3,Ouriginal,Romeo Doubs,WR,False
1252802326628933632,League 1,11,2.0,3,Ouriginal,Wan'Dale Robinson,WR,True
1252802326628933632,League 1,11,2.0,3,Ouriginal,Rachaad White,RB,True
1252802326628933632,League 1,11,2.0,3,Ouriginal,Isiah Pacheco,RB,False
1252802326628933632,League 1,11,2.0,3,Ouriginal,New England Patriots,DEF,True
1252802326628933632,League 1,11,2.0,3,Ouriginal,Philadelphia Eagles,DEF,False
1252802326628933632,League 1,11,6.0,4,pattycan,Tre Tucker,WR,False
1252802326628933632,League 1,11,6.0,4,pattycan,Rashee Rice,WR,True
1252802326628933632,League 1,11,6.0,4,pattycan,Drake Maye,QB,False
1252802326628933632,League 1,11,6.0,4,pattycan,Emeka Egbuka,WR,True
1252802326628933632,League 1,11,6.0,4,pattycan,Joe Mixon,RB,False
1252802326628933632,League 1,11,6.0,4,pattycan,Lamar Jackson,QB,True
1252802326628933632,League 1,11,6.0,4,pattycan,Dallas Goedert,TE,True
1252802326628933632,League 1,11,6.0,4,pattycan,T.J. Hockenson,TE,False
1252802326628933632,League 1,11,6.0,4,pattycan,CeeDee Lamb,WR,True
1252802326628933632,League 1,11,6.0,4,pattycan,Jauan Jennings,WR,False
1252802326628933632,League 1,11,6.0,4,pattycan,Darnell Mooney,WR,False
1252802326628933632,League 1,11,6.0,4,pattycan,Michael Carter,RB,False
1252802326628933632,League 1,11,6.0,4,pattycan,Breece Hall,RB,True
1252802326628933632,League 1,11,6.0,4,pattycan,Cameron Dicker,K,True
1252802326628933632,League 1,11,6.0,4,pattycan,De'Von Achane,RB,True
1252802326628933632,League 1,11,6.0,4,pattycan,Green Bay Packers,DEF,True
1252802326628933632,League 1,11,3.0,5,declancarroll,Bo Nix,QB,True
1252802326628933632,League 1,11,3.0,5,declancarroll,Isaiah Davis,RB,False
1252802326628933632,League 1,11,3.0,5,declancarroll,Trey Benson,RB,False
1252802326628933632,League 1,11,3.0,5,declancarroll,Xavier Worthy,WR,False
1252802326628933632,League 1,11,3.0,5,declancarroll,Kimani Vidal,RB,True
1252802326628933632,League 1,11,3.0,5,declancarroll,Mason Taylor,TE,True
1252802326628933632,League 1,11,3.0,5,declancarroll,Mike Evans,WR,False
1252802326628933632,League 1,11,3.0,5,declancarroll,Harrison Butker,K,True
1252802326628933632,League 1,11,3.0,5,declancarroll,Courtland Sutton,WR,True
1252802326628933632,League 1,11,3.0,5,declancarroll,David Montgomery,RB,False
1252802326628933632,League 1,11,3.0,5,declancarroll,J.K. Dobbins,RB,False
1252802326628933632,League 1,11,3.0,5,declancarroll,Juwan Johnson,TE,False
1252802326628933632,League 1,11,3.0,5,declancarroll,Ja'Marr Chase,WR,True
1252802326628933632,League 1,11,3.0,5,declancarroll,Rashid Shaheed,WR,False
1252802326628933632,League 1,11,3.0,5,declancarroll,Chase Brown,RB,True
1252802326628933632,League 1,11,3.0,5,declancarroll,Jordan Addison,WR,True
1252802326628933632,League 1,11,3.0,5,declancarroll,Los Angeles Chargers,DEF,True
1252802326628933632,League 1,11,1.0,6,kingcarrillo,Woody Marks,RB,True
1252802326628933632,League 1,11,1.0,6,kingcarrillo,Harold Fannin,TE,True
1252802326628933632,League 1,11,1.0,6,kingcarrillo,Omarion Hampton,RB,False
1252802326628933632,League 1,11,1.0,6,kingcarrillo,Tyler Loop,K,True
1252802326628933632,League 1,11,1.0,6,kingcarrillo,Alvin Kamara,RB,False
1252802326628933632,League 1,11,1.0,6,kingcarrillo,Kareem Hunt,RB,True
1252802326628933632,League 1,11,1.0,6,kingcarrillo,Baker Mayfield,QB,True
1252802326628933632,League 1,11,1.0,6,kingcarrillo,Nick Chubb,RB,False
1252802326628933632,League 1,11,1.0,6,kingcarrillo,Mark Andrews,TE,False
1252802326628933632,League 1,11,1.0,6,kingcarrillo,Jakobi Meyers,WR,False
1252802326628933632,League 1,11,1.0,6,kingcarrillo,Nico Collins,WR,True
1252802326628933632,League 1,11,1.0,6,kingcarrillo,George Pickens,WR,True
1252802326628933632,League 1,11,1.0,6,kingcarrillo,Brenton Strange,TE,False
1252802326628933632,League 1,11,1.0,6,kingcarrillo,Puka Nacua,WR,True
1252802326628933632,League 1,11,1.0,6,kingcarrillo,Quentin Johnston,WR,False
1252802326628933632,League 1,11,1.0,6,kingcarrillo,Baltimore Ravens,DEF,True
1252802326628933632,League 1,11,1.0,6,kingcarrillo,Seattle Seahawks,DEF,False
1252802326628933632,League 1,11,1.0,7,NotKool,Jayden Reed,WR,False
1252802326628933632,League 1,11,1.0,7,NotKool,Caleb Williams,QB,False
1252802326628933632,League 1,11,1.0,7,NotKool,Troy Franklin,WR,True
1252802326628933632,League 1,11,1.0,7,NotKool,Tyler Warren,TE,False
1252802326628933632,League 1,11,1.0,7,NotKool,Kyle Monangai,RB,True
1252802326628933632,League 1,11,1.0,7,NotKool,Kyle Williams,WR,False
1252802326628933632,League 1,11,1.0,7,NotKool,Keenan Allen,WR,True
1252802326628933632,League 1,11,1.0,7,NotKool,Chris Boswell,K,True
1252802326628933632,League 1,11,1.0,7,NotKool,Dak Prescott,QB,True
1252802326628933632,League 1,11,1.0,7,NotKool,Dalton Schultz,TE,True
1252802326628933632,League 1,11,1.0,7,NotKool,Tony Pollard,RB,False
1252802326628933632,League 1,11,1.0,7,NotKool,Rico Dowdle,RB,True
1252802326628933632,League 1,11,1.0,7,NotKool,Chuba Hubbard,RB,False
1252802326628933632,League 1,11,1.0,7,NotKool,Kayshon Boutte,WR,False
1252802326628933632,League 1,11,1.0,7,NotKool,Zach Charbonnet,RB,False
1252802326628933632,League 1,11,1.0,7,NotKool,Zay Flowers,WR,True
1252802326628933632,League 1,11,1.0,7,NotKool,Denver Broncos,DEF,True
1252802326628933632,League 1,11,3.0,8,Shnickel,Jayden Daniels,QB,False
1252802326628933632,League 1,11,3.0,8,Shnickel,Brian Thomas,WR,False
1252802326628933632,League 1,11,3.0,8,Shnickel,Cam Little,K,True
1252802326628933632,League 1,11,3.0,8,Shnickel,RJ Harvey,RB,True
1252802326628933632,League 1,11,3.0,8,Shnickel,Ashton Jeanty,RB,True
1252802326628933632,League 1,11,3.0,8,Shnickel,David Njoku,TE,True
1252802326628933632,League 1,11,3.0,8,Shnickel,Evan Engram,TE,False
1252802326628933632,League 1,11,3.0,8,Shnickel,Tee Higgins,WR,True
1252802326628933632,League 1,11,3.0,8,Shnickel,Alec Pierce,WR,False
1252802326628933632,League 1,11,3.0,8,Shnickel,Jameson Williams,WR,True
1252802326628933632,League 1,11,3.0,8,Shnickel,Brock Purdy,QB,True
1252802326628933632,League 1,11,3.0,8,Shnickel,Jaylen Warren,RB,True
1252802326628933632,League 1,11,3.0,8,Shnickel,Jordan Mason,RB,False
1252802326628933632,League 1,11,3.0,8,Shnickel,Parker Washington,WR,False
1252802326628933632,League 1,11,3.0,8,Shnickel,Tyjae Spears,RB,False
1252802326628933632,League 1,11,3.0,8,Shnickel,Atlanta Falcons,DEF,True
1252802326628933632,League 1,11,4.0,9,HurricaneEich,Brandon Aubrey,K,True
1252802326628933632,League 1,11,4.0,9,HurricaneEich,Colston Loveland,TE,False
1252802326628933632,League 1,11,4.0,9,HurricaneEich,Cairo Santos,K,False
1252802326628933632,League 1,11,4.0,9,HurricaneEich,Davante Adams,WR,True
1252802326628933632,League 1,11,4.0,9,HurricaneEich,Derrick Henry,RB,True
1252802326628933632,League 1,11,4.0,9,HurricaneEich,Josh Jacobs,RB,True
1252802326628933632,League 1,11,4.0,9,HurricaneEich,Deebo Samuel,WR,True
1252802326628933632,League 1,11,4.0,9,HurricaneEich,Miles Sanders,RB,False
1252802326628933632,League 1,11,4.0,9,HurricaneEich,Jordan Love,QB,False
1252802326628933632,League 1,11,4.0,9,HurricaneEich,Jalen Hurts,QB,True
1252802326628933632,League 1,11,4.0,9,HurricaneEich,DeVonta Smith,WR,True
1252802326628933632,League 1,11,4.0,9,HurricaneEich,Jake Ferguson,TE,True
1252802326628933632,League 1,11,4.0,9,HurricaneEich,Marvin Mims,WR,False
1252802326628933632,League 1,11,4.0,9,HurricaneEich,Josh Downs,WR,False
1252802326628933632,League 1,11,4.0,9,HurricaneEich,Detroit Lions,DEF,True
1252802326628933632,League 1,11,4.0,9,HurricaneEich,Tampa Bay Buccaneers,DEF,False
1252802326628933632,League 1,11,2.0,10,arturowong,Brock Bowers,TE,True
1252802326628933632,League 1,11,2.0,10,arturowong,Ladd McConkey,WR,True
1252802326628933632,League 1,11,2.0,10,arturowong,Ricky Pearsall,WR,False
1252802326628933632,League 1,11,2.0,10,arturowong,Jaxson Dart,QB,False
1252802326628933632,League 1,11,2.0,10,arturowong,Tetairoa McMillan,WR,True
1252802326628933632,League 1,11,2.0,10,arturowong,Jason Myers,K,True
1252802326628933632,League 1,11,2.0,10,arturowong,Aaron Jones,RB,False
1252802326628933632,League 1,11,2.0,10,arturowong,Saquon Barkley,RB,True
1252802326628933632,League 1,11,2.0,10,arturowong,DJ Moore,WR,False
1252802326628933632,League 1,11,2.0,10,arturowong,Josh Allen,QB,True
1252802326628933632,League 1,11,2.0,10,arturowong,Kyle Pitts,TE,False
1252802326628933632,League 1,11,2.0,10,arturowong,Tyler Allgeier,RB,False
1252802326628933632,League 1,11,2.0,10,arturowong,Tank Bigsby,RB,False
1252802326628933632,League 1,11,2.0,10,arturowong,Jaxon Smith-Njigba,WR,True
1252802326628933632,League 1,11,2.0,10,arturowong,Bijan Robinson,RB,True
1252802326628933632,League 1,11,2.0,10,arturowong,Los Angeles Rams,DEF,True
1252802326628933632,League 1,11,5.0,11,ChexMixChester,Keon Coleman,WR,False
1252802326628933632,League 1,11,5.0,11,ChexMixChester,Tyrone Tracy,RB,False
1252802326628933632,League 1,11,5.0,11,ChexMixChester,Quinshon Judkins,RB,True
1252802326628933632,League 1,11,5.0,11,ChexMixChester,TreVeyon Henderson,RB,True
1252802326628933632,League 1,11,5.0,11,ChexMixChester,Travis Kelce,TE,True
1252802326628933632,League 1,11,5.0,11,ChexMixChester,Stefon Diggs,WR,False
1252802326628933632,League 1,11,5.0,11,ChexMixChester,Jared Goff,QB,True
1252802326628933632,League 1,11,5.0,11,ChexMixChester,Hunter Henry,TE,False
1252802326628933632,League 1,11,5.0,11,ChexMixChester,Calvin Ridley,WR,False
1252802326628933632,League 1,11,5.0,11,ChexMixChester,Daniel Carlson,K,True
1252802326628933632,League 1,11,5.0,11,ChexMixChester,Amon-Ra St. Brown,WR,True
1252802326628933632,League 1,11,5.0,11,ChexMixChester,Rhamondre Stevenson,RB,False
1252802326628933632,League 1,11,5.0,11,ChexMixChester,Drake London,WR,True
1252802326628933632,League 1,11,5.0,11,ChexMixChester,Khalil Shakir,WR,False
1252802326628933632,League 1,11,5.0,11,ChexMixChester,James Cook,RB,True
1252802326628933632,League 1,11,5.0,11,ChexMixChester,Houston Texans,DEF,True
1252802326628933632,League 1,11,6.0,12,Vishiga,Theo Johnson,TE,False
1252802326628933632,League 1,11,6.0,12,Vishiga,Will Reichard,K,True
1252802326628933632,League 1,11,6.0,12,Vishiga,Tez Johnson,WR,True
1252802326628933632,League 1,11,6.0,12,Vishiga,Chimere Dike,WR,False
1252802326628933632,League 1,11,6.0,12,Vishiga,Joe Flacco,QB,True
1252802326628933632,League 1,11,6.0,12,Vishiga,Darren Waller,TE,False
1252802326628933632,League 1,11,6.0,12,Vishiga,Cooper Kupp,WR,False
1252802326628933632,League 1,11,6.0,12,Vishiga,Daniel Jones,QB,False
1252802326628933632,League 1,11,6.0,12,Vishiga,Joe Burrow,QB,False
1252802326628933632,League 1,11,6.0,12,Vishiga,D'Andre Swift,RB,True
1252802326628933632,League 1,11,6.0,12,Vishiga,Justin Jefferson,WR,True
1252802326628933632,League 1,11,6.0,12,Vishiga,Kenneth Gainwell,RB,False
1252802326628933632,League 1,11,6.0,12,Vishiga,Javonte Williams,RB,True
1252802326628933632,League 1,11,6.0,12,Vishiga,Trey McBride,TE,True
1252802326628933632,League 1,11,6.0,12,Vishiga,Kyren Williams,RB,True
1252802326628933632,League 1,11,6.0,12,Vishiga,Cleveland Browns,DEF,False
1252802326628933632,League 1,11,6.0,12,Vishiga,Minnesota Vikings,DEF,True
1252802326628933632,League 1,12,5.0,1,Calcarro,Sam LaPorta,TE,False
1252802326628933632,League 1,12,5.0,1,Calcarro,Jake Bates,K,True
1252802326628933632,League 1,12,5.0,1,Calcarro,Rome Odunze,WR,True
1252802326628933632,League 1,12,5.0,1,Calcarro,Marvin Harrison,WR,False
1252802326628933632,League 1,12,5.0,1,Calcarro,Luther Burden,WR,False
1252802326628933632,League 1,12,5.0,1,Calcarro,Jacory Croskey-Merritt,RB,False
1252802326628933632,League 1,12,5.0,1,Calcarro,Jacoby Brissett,QB,True
1252802326628933632,League 1,12,5.0,1,Calcarro,Terry McLaurin,WR,False
1252802326628933632,League 1,12,5.0,1,Calcarro,Devin Singletary,RB,True
1252802326628933632,League 1,12,5.0,1,Calcarro,Jerry Jeudy,WR,False
1252802326628933632,League 1,12,5.0,1,Calcarro,Justin Herbert,QB,False
1252802326628933632,League 1,12,5.0,1,Calcarro,Jonathan Taylor,RB,True
1252802326628933632,League 1,12,5.0,1,Calcarro,Cade Otton,TE,True
1252802326628933632,League 1,12,5.0,1,Calcarro,Brian Robinson,RB,False
1252802326628933632,League 1,12,5.0,1,Calcarro,Christian Watson,WR,True
1252802326628933632,League 1,12,5.0,1,Calcarro,Jahmyr Gibbs,RB,True
1252802326628933632,League 1,12,5.0,1,Calcarro,Pittsburgh Steelers,DEF,True
1252802326628933632,League 1,12,3.0,2,garrettmowery,Michael Wilson,WR,True
1252802326628933632,League 1,12,3.0,2,garrettmowery,Zach Ertz,TE,False
1252802326628933632,League 1,12,3.0,2,garrettmowery,Christian McCaffrey,RB,True
1252802326628933632,League 1,12,3.0,2,garrettmowery,Chris Godwin,WR,False
1252802326628933632,League 1,12,3.0,2,garrettmowery,Patrick Mahomes,QB,True
1252802326628933632,League 1,12,3.0,2,garrettmowery,Mack Hollins,WR,False
1252802326628933632,League 1,12,3.0,2,garrettmowery,George Kittle,TE,True
1252802326628933632,League 1,12,3.0,2,garrettmowery,A.J. Brown,WR,True
1252802326628933632,League 1,12,3.0,2,garrettmowery,Chase McLaughlin,K,True
1252802326628933632,League 1,12,3.0,2,garrettmowery,Michael Pittman,WR,False
1252802326628933632,League 1,12,3.0,2,garrettmowery,Travis Etienne,RB,True
1252802326628933632,League 1,12,3.0,2,garrettmowery,Chris Olave,WR,True
1252802326628933632,League 1,12,3.0,2,garrettmowery,Garrett Wilson,WR,False
1252802326628933632,League 1,12,3.0,2,garrettmowery,Kenneth Walker,RB,False
1252802326628933632,League 1,12,3.0,2,garrettmowery,Indianapolis Colts,DEF,False
1252802326628933632,League 1,12,3.0,2,garrettmowery,Kansas City Chiefs,DEF,True
1252802326628933632,League 1,12,6.0,3,Ouriginal,Dalton Kincaid,TE,False
1252802326628933632,League 1,12,6.0,3,Ouriginal,Bucky Irving,RB,False
1252802326628933632,League 1,12,6.0,3,Ouriginal,Bhayshul Tuten,RB,True
1252802326628933632,League 1,12,6.0,3,Ouriginal,Oronde Gadsden,TE,False
1252802326628933632,League 1,12,6.0,3,Ouriginal,Matt Prater,K,False
1252802326628933632,League 1,12,6.0,3,Ouriginal,David Njoku,TE,True
1252802326628933632,League 1,12,6.0,3,Ouriginal,Jake Elliott,K,True
1252802326628933632,League 1,12,6.0,3,Ouriginal,Matthew Stafford,QB,True
1252802326628933632,League 1,12,6.0,3,Ouriginal,DK Metcalf,WR,True
1252802326628933632,League 1,12,6.0,3,Ouriginal,Jaylen Waddle,WR,False
1252802326628933632,League 1,12,6.0,3,Ouriginal,Romeo Doubs,WR,True
1252802326628933632,League 1,12,6.0,3,Ouriginal,Wan'Dale Robinson,WR,True
1252802326628933632,League 1,12,6.0,3,Ouriginal,Rachaad White,RB,True
1252802326628933632,League 1,12,6.0,3,Ouriginal,Isiah Pacheco,RB,False
1252802326628933632,League 1,12,6.0,3,Ouriginal,New England Patriots,DEF,True
1252802326628933632,League 1,12,6.0,3,Ouriginal,Philadelphia Eagles,DEF,False
1252802326628933632,League 1,12,4.0,4,pattycan,Tre Tucker,WR,False
1252802326628933632,League 1,12,4.0,4,pattycan,Rashee Rice,WR,True
1252802326628933632,League 1,12,4.0,4,pattycan,Drake Maye,QB,False
1252802326628933632,League 1,12,4.0,4,pattycan,Emeka Egbuka,WR,True
1252802326628933632,League 1,12,4.0,4,pattycan,Joe Mixon,RB,False
1252802326628933632,League 1,12,4.0,4,pattycan,Lamar Jackson,QB,True
1252802326628933632,League 1,12,4.0,4,pattycan,Dallas Goedert,TE,True
1252802326628933632,League 1,12,4.0,4,pattycan,Eddy Pineiro,K,False
1252802326628933632,League 1,12,4.0,4,pattycan,Matt Gay,K,True
1252802326628933632,League 1,12,4.0,4,pattycan,CeeDee Lamb,WR,True
1252802326628933632,League 1,12,4.0,4,pattycan,Jauan Jennings,WR,False
1252802326628933632,League 1,12,4.0,4,pattycan,Darnell Mooney,WR,False
1252802326628933632,League 1,12,4.0,4,pattycan,Zonovan Knight,RB,True
1252802326628933632,League 1,12,4.0,4,pattycan,Breece Hall,RB,True
1252802326628933632,League 1,12,4.0,4,pattycan,De'Von Achane,RB,False
1252802326628933632,League 1,12,4.0,4,pattycan,Green Bay Packers,DEF,True
1252802326628933632,League 1,12,2.0,5,declancarroll,Bo Nix,QB,True
1252802326628933632,League 1,12,2.0,5,declancarroll,Isaiah Davis,RB,False
1252802326628933632,League 1,12,2.0,5,declancarroll,Trey Benson,RB,False
1252802326628933632,League 1,12,2.0,5,declancarroll,Xavier Worthy,WR,False
1252802326628933632,League 1,12,2.0,5,declancarroll,Kimani Vidal,RB,False
1252802326628933632,League 1,12,2.0,5,declancarroll,Mason Taylor,TE,True
1252802326628933632,League 1,12,2.0,5,declancarroll,Mike Evans,WR,False
1252802326628933632,League 1,12,2.0,5,declancarroll,Harrison Butker,K,True
1252802326628933632,League 1,12,2.0,5,declancarroll,Courtland Sutton,WR,True
1252802326628933632,League 1,12,2.0,5,declancarroll,David Montgomery,RB,True
1252802326628933632,League 1,12,2.0,5,declancarroll,J.K. Dobbins,RB,False
1252802326628933632,League 1,12,2.0,5,declancarroll,Juwan Johnson,TE,False
1252802326628933632,League 1,12,2.0,5,declancarroll,Ja'Marr Chase,WR,True
1252802326628933632,League 1,12,2.0,5,declancarroll,Rashid Shaheed,WR,False
1252802326628933632,League 1,12,2.0,5,declancarroll,Chase Brown,RB,True
1252802326628933632,League 1,12,2.0,5,declancarroll,Jordan Addison,WR,True
1252802326628933632,League 1,12,2.0,5,declancarroll,Los Angeles Chargers,DEF,True
1252802326628933632,League 1,12,6.0,6,kingcarrillo,Woody Marks,RB,True
1252802326628933632,League 1,12,6.0,6,kingcarrillo,Harold Fannin,TE,False
1252802326628933632,League 1,12,6.0,6,kingcarrillo,Omarion Hampton,RB,False
1252802326628933632,League 1,12,6.0,6,kingcarrillo,Tyler Loop,K,True
1252802326628933632,League 1,12,6.0,6,kingcarrillo,Alvin Kamara,RB,True
1252802326628933632,League 1,12,6.0,6,kingcarrillo,Kareem Hunt,RB,False
1252802326628933632,League 1,12,6.0,6,kingcarrillo,Baker Mayfield,QB,True
1252802326628933632,League 1,12,6.0,6,kingcarrillo,Nick Chubb,RB,False
1252802326628933632,League 1,12,6.0,6,kingcarrillo,Mark Andrews,TE,True
1252802326628933632,League 1,12,6.0,6,kingcarrillo,Jakobi Meyers,WR,False
1252802326628933632,League 1,12,6.0,6,kingcarrillo,Nico Collins,WR,True
1252802326628933632,League 1,12,6.0,6,kingcarrillo,George Pickens,WR,True
1252802326628933632,League 1,12,6.0,6,kingcarrillo,Brenton Strange,TE,False
1252802326628933632,League 1,12,6.0,6,kingcarrillo,Puka Nacua,WR,True
1252802326628933632,League 1,12,6.0,6,kingcarrillo,Quentin Johnston,WR,False
1252802326628933632,League 1,12,6.0,6,kingcarrillo,Seattle Seahawks,DEF,True
1252802326628933632,League 1,12,1.0,7,NotKool,Jayden Reed,WR,False
1252802326628933632,League 1,12,1.0,7,NotKool,Troy Franklin,WR,False
1252802326628933632,League 1,12,1.0,7,NotKool,Tyler Warren,TE,True
1252802326628933632,League 1,12,1.0,7,NotKool,Kyle Monangai,RB,True
1252802326628933632,League 1,12,1.0,7,NotKool,Keenan Allen,WR,False
1252802326628933632,League 1,12,1.0,7,NotKool,Chris Boswell,K,True
1252802326628933632,League 1,12,1.0,7,NotKool,Dak Prescott,QB,True
1252802326628933632,League 1,12,1.0,7,NotKool,Dalton Schultz,TE,False
1252802326628933632,League 1,12,1.0,7,NotKool,Tony Pollard,RB,False
1252802326628933632,League 1,12,1.0,7,NotKool,Rico Dowdle,RB,True
1252802326628933632,League 1,12,1.0,7,NotKool,Chuba Hubbard,RB,False
1252802326628933632,League 1,12,1.0,7,NotKool,Jordan Mason,RB,False
1252802326628933632,League 1,12,1.0,7,NotKool,Kayshon Boutte,WR,True
1252802326628933632,League 1,12,1.0,7,NotKool,Zach Charbonnet,RB,True
1252802326628933632,League 1,12,1.0,7,NotKool,Zay Flowers,WR,True
1252802326628933632,League 1,12,1.0,7,NotKool,Chicago Bears,DEF,True
1252802326628933632,League 1,12,1.0,7,NotKool,Denver Broncos,DEF,False
1252802326628933632,League 1,12,3.0,8,Shnickel,Emanuel Wilson,RB,True
1252802326628933632,League 1,12,3.0,8,Shnickel,Jayden Daniels,QB,False
1252802326628933632,League 1,12,3.0,8,Shnickel,AJ Barner,TE,True
1252802326628933632,League 1,12,3.0,8,Shnickel,Brian Thomas,WR,False
1252802326628933632,League 1,12,3.0,8,Shnickel,Cam Little,K,True
1252802326628933632,League 1,12,3.0,8,Shnickel,RJ Harvey,RB,False
1252802326628933632,League 1,12,3.0,8,Shnickel,Ashton Jeanty,RB,True
1252802326628933632,League 1,12,3.0,8,Shnickel,Evan Engram,TE,False
1252802326628933632,League 1,12,3.0,8,Shnickel,Tee Higgins,WR,True
1252802326628933632,League 1,12,3.0,8,Shnickel,Alec Pierce,WR,False
1252802326628933632,League 1,12,3.0,8,Shnickel,Jameson Williams,WR,True
1252802326628933632,League 1,12,3.0,8,Shnickel,Brock Purdy,QB,True
1252802326628933632,League 1,12,3.0,8,Shnickel,Jaylen Warren,RB,False
1252802326628933632,League 1,12,3.0,8,Shnickel,Parker Washington,WR,False
1252802326628933632,League 1,12,3.0,8,Shnickel,Sean Tucker,RB,True
1252802326628933632,League 1,12,3.0,8,Shnickel,Tyjae Spears,RB,False
1252802326628933632,League 1,12,3.0,8,Shnickel,Atlanta Falcons,DEF,True
1252802326628933632,League 1,12,2.0,9,HurricaneEich,Brandon Aubrey,K,True
1252802326628933632,League 1,12,2.0,9,HurricaneEich,Colston Loveland,TE,False
1252802326628933632,League 1,12,2.0,9,HurricaneEich,Davante Adams,WR,True
1252802326628933632,League 1,12,2.0,9,HurricaneEich,Derrick Henry,RB,True
1252802326628933632,League 1,12,2.0,9,HurricaneEich,Josh Jacobs,RB,False
1252802326628933632,League 1,12,2.0,9,HurricaneEich,Deebo Samuel,WR,False
1252802326628933632,League 1,12,2.0,9,HurricaneEich,Miles Sanders,RB,False
1252802326628933632,League 1,12,2.0,9,HurricaneEich,Jordan Love,QB,False
1252802326628933632,League 1,12,2.0,9,HurricaneEich,Jalen Hurts,QB,True
1252802326628933632,League 1,12,2.0,9,HurricaneEich,DeVonta Smith,WR,True
1252802326628933632,League 1,12,2.0,9,HurricaneEich,Michael Carter,RB,True
1252802326628933632,League 1,12,2.0,9,HurricaneEich,Jake Ferguson,TE,True
1252802326628933632,League 1,12,2.0,9,HurricaneEich,Marvin Mims,WR,False
1252802326628933632,League 1,12,2.0,9,HurricaneEich,Josh Downs,WR,True
1252802326628933632,League 1,12,2.0,9,HurricaneEich,Detroit Lions,DEF,True
1252802326628933632,League 1,12,2.0,9,HurricaneEich,Tampa Bay Buccaneers,DEF,False
1252802326628933632,League 1,12,1.0,10,arturowong,Brock Bowers,TE,True
1252802326628933632,League 1,12,1.0,10,arturowong,Ladd McConkey,WR,False
1252802326628933632,League 1,12,1.0,10,arturowong,Ricky Pearsall,WR,False
1252802326628933632,League 1,12,1.0,10,arturowong,Jaxson Dart,QB,False
1252802326628933632,League 1,12,1.0,10,arturowong,Tetairoa McMillan,WR,True
1252802326628933632,League 1,12,1.0,10,arturowong,Jason Myers,K,True
1252802326628933632,League 1,12,1.0,10,arturowong,Aaron Jones,RB,True
1252802326628933632,League 1,12,1.0,10,arturowong,Saquon Barkley,RB,True
1252802326628933632,League 1,12,1.0,10,arturowong,DJ Moore,WR,False
1252802326628933632,League 1,12,1.0,10,arturowong,Josh Allen,QB,True
1252802326628933632,League 1,12,1.0,10,arturowong,Kyle Pitts,TE,False
1252802326628933632,League 1,12,1.0,10,arturowong,Tyler Allgeier,RB,False
1252802326628933632,League 1,12,1.0,10,arturowong,Jaxon Smith-Njigba,WR,True
1252802326628933632,League 1,12,1.0,10,arturowong,Bijan Robinson,RB,True
1252802326628933632,League 1,12,1.0,10,arturowong,Los Angeles Rams,DEF,False
1252802326628933632,League 1,12,1.0,10,arturowong,Las Vegas Raiders,DEF,True
1252802326628933632,League 1,12,4.0,11,ChexMixChester,Keon Coleman,WR,False
1252802326628933632,League 1,12,4.0,11,ChexMixChester,Tyrone Tracy,RB,False
1252802326628933632,League 1,12,4.0,11,ChexMixChester,Quinshon Judkins,RB,True
1252802326628933632,League 1,12,4.0,11,ChexMixChester,TreVeyon Henderson,RB,True
1252802326628933632,League 1,12,4.0,11,ChexMixChester,Travis Kelce,TE,True
1252802326628933632,League 1,12,4.0,11,ChexMixChester,Stefon Diggs,WR,False
1252802326628933632,League 1,12,4.0,11,ChexMixChester,Jared Goff,QB,True
1252802326628933632,League 1,12,4.0,11,ChexMixChester,Hunter Henry,TE,False
1252802326628933632,League 1,12,4.0,11,ChexMixChester,Calvin Ridley,WR,False
1252802326628933632,League 1,12,4.0,11,ChexMixChester,Daniel Carlson,K,True
1252802326628933632,League 1,12,4.0,11,ChexMixChester,Greg Dortch,WR,True
1252802326628933632,League 1,12,4.0,11,ChexMixChester,Amon-Ra St. Brown,WR,True
1252802326628933632,League 1,12,4.0,11,ChexMixChester,Rhamondre Stevenson,RB,False
1252802326628933632,League 1,12,4.0,11,ChexMixChester,Drake London,WR,False
1252802326628933632,League 1,12,4.0,11,ChexMixChester,Khalil Shakir,WR,False
1252802326628933632,League 1,12,4.0,11,ChexMixChester,James Cook,RB,True
1252802326628933632,League 1,12,4.0,11,ChexMixChester,Houston Texans,DEF,True
1252802326628933632,League 1,12,5.0,12,Vishiga,Theo Johnson,TE,False
1252802326628933632,League 1,12,5.0,12,Vishiga,Will Reichard,K,True
1252802326628933632,League 1,12,5.0,12,Vishiga,Tez Johnson,WR,True
1252802326628933632,League 1,12,5.0,12,Vishiga,Chimere Dike,WR,False
1252802326628933632,League 1,12,5.0,12,Vishiga,Joe Flacco,QB,False
1252802326628933632,League 1,12,5.0,12,Vishiga,Darren Waller,TE,False
1252802326628933632,League 1,12,5.0,12,Vishiga,Cooper Kupp,WR,False
1252802326628933632,League 1,12,5.0,12,Vishiga,Daniel Jones,QB,True
1252802326628933632,League 1,12,5.0,12,Vishiga,Joe Burrow,QB,False
1252802326628933632,League 1,12,5.0,12,Vishiga,D'Andre Swift,RB,True
1252802326628933632,League 1,12,5.0,12,Vishiga,Justin Jefferson,WR,True
1252802326628933632,League 1,12,5.0,12,Vishiga,Kenneth Gainwell,RB,False
1252802326628933632,League 1,12,5.0,12,Vishiga,Javonte Williams,RB,True
1252802326628933632,League 1,12,5.0,12,Vishiga,Trey McBride,TE,True
1252802326628933632,League 1,12,5.0,12,Vishiga,Kyren Williams,RB,True
1252802326628933632,League 1,12,5.0,12,Vishiga,Cleveland Browns,DEF,True
1252802326628933632,League 1,12,5.0,12,Vishiga,Minnesota Vikings,DEF,False
1252802326628933632,League 1,13,6.0,1,Calcarro,Sam LaPorta,TE,False
1252802326628933632,League 1,13,6.0,1,Calcarro,Jake Bates,K,True
1252802326628933632,League 1,13,6.0,1,Calcarro,Rome Odunze,WR,True
1252802326628933632,League 1,13,6.0,1,Calcarro,Marvin Harrison,WR,True
1252802326628933632,League 1,13,6.0,1,Calcarro,Luther Burden,WR,False
1252802326628933632,League 1,13,6.0,1,Calcarro,Jacory Croskey-Merritt,RB,False
1252802326628933632,League 1,13,6.0,1,Calcarro,Jacoby Brissett,QB,False
1252802326628933632,League 1,13,6.0,1,Calcarro,Terry McLaurin,WR,True
1252802326628933632,League 1,13,6.0,1,Calcarro,Devin Singletary,RB,False
1252802326628933632,League 1,13,6.0,1,Calcarro,Justin Herbert,QB,True
1252802326628933632,League 1,13,6.0,1,Calcarro,Jonathan Taylor,RB,True
1252802326628933632,League 1,13,6.0,1,Calcarro,Cade Otton,TE,True
1252802326628933632,League 1,13,6.0,1,Calcarro,Brian Robinson,RB,False
1252802326628933632,League 1,13,6.0,1,Calcarro,Christian Watson,WR,False
1252802326628933632,League 1,13,6.0,1,Calcarro,Jahmyr Gibbs,RB,True
1252802326628933632,League 1,13,6.0,1,Calcarro,Pittsburgh Steelers,DEF,True
1252802326628933632,League 1,13,3.0,2,garrettmowery,Michael Wilson,WR,True
1252802326628933632,League 1,13,3.0,2,garrettmowery,Zach Ertz,TE,False
1252802326628933632,League 1,13,3.0,2,garrettmowery,Christian McCaffrey,RB,True
1252802326628933632,League 1,13,3.0,2,garrettmowery,Chris Godwin,WR,False
1252802326628933632,League 1,13,3.0,2,garrettmowery,Patrick Mahomes,QB,True
1252802326628933632,League 1,13,3.0,2,garrettmowery,Mack Hollins,WR,False
1252802326628933632,League 1,13,3.0,2,garrettmowery,George Kittle,TE,True
1252802326628933632,League 1,13,3.0,2,garrettmowery,A.J. Brown,WR,True
1252802326628933632,League 1,13,3.0,2,garrettmowery,Chase McLaughlin,K,True
1252802326628933632,League 1,13,3.0,2,garrettmowery,Michael Pittman,WR,False
1252802326628933632,League 1,13,3.0,2,garrettmowery,Travis Etienne,RB,True
1252802326628933632,League 1,13,3.0,2,garrettmowery,Chris Olave,WR,True
1252802326628933632,League 1,13,3.0,2,garrettmowery,Garrett Wilson,WR,False
1252802326628933632,League 1,13,3.0,2,garrettmowery,Kenneth Walker,RB,False
1252802326628933632,League 1,13,3.0,2,garrettmowery,Indianapolis Colts,DEF,True
1252802326628933632,League 1,13,3.0,2,garrettmowery,Kansas City Chiefs,DEF,False
1252802326628933632,League 1,13,5.0,3,Ouriginal,Dalton Kincaid,TE,False
1252802326628933632,League 1,13,5.0,3,Ouriginal,Bucky Irving,RB,True
1252802326628933632,League 1,13,5.0,3,Ouriginal,Bhayshul Tuten,RB,False
1252802326628933632,League 1,13,5.0,3,Ouriginal,Oronde Gadsden,TE,True
1252802326628933632,League 1,13,5.0,3,Ouriginal,David Njoku,TE,False
1252802326628933632,League 1,13,5.0,3,Ouriginal,Jake Elliott,K,True
1252802326628933632,League 1,13,5.0,3,Ouriginal,Matthew Stafford,QB,True
1252802326628933632,League 1,13,5.0,3,Ouriginal,DK Metcalf,WR,False
1252802326628933632,League 1,13,5.0,3,Ouriginal,Jaylen Waddle,WR,True
1252802326628933632,League 1,13,5.0,3,Ouriginal,Romeo Doubs,WR,True
1252802326628933632,League 1,13,5.0,3,Ouriginal,Wan'Dale Robinson,WR,True
1252802326628933632,League 1,13,5.0,3,Ouriginal,Rachaad White,RB,False
1252802326628933632,League 1,13,5.0,3,Ouriginal,Isiah Pacheco,RB,True
1252802326628933632,League 1,13,5.0,3,Ouriginal,New England Patriots,DEF,True
1252802326628933632,League 1,13,5.0,3,Ouriginal,Philadelphia Eagles,DEF,False
1252802326628933632,League 1,13,4.0,4,pattycan,Tre Tucker,WR,False
1252802326628933632,League 1,13,4.0,4,pattycan,Rashee Rice,WR,True
1252802326628933632,League 1,13,4.0,4,pattycan,Drake Maye,QB,False
1252802326628933632,League 1,13,4.0,4,pattycan,Emeka Egbuka,WR,True
1252802326628933632,League 1,13,4.0,4,pattycan,Joe Mixon,RB,False
1252802326628933632,League 1,13,4.0,4,pattycan,Lamar Jackson,QB,True
1252802326628933632,League 1,13,4.0,4,pattycan,Dallas Goedert,TE,True
1252802326628933632,League 1,13,4.0,4,pattycan,Eddy Pineiro,K,False
1252802326628933632,League 1,13,4.0,4,pattycan,Matt Gay,K,True
1252802326628933632,League 1,13,4.0,4,pattycan,CeeDee Lamb,WR,True
1252802326628933632,League 1,13,4.0,4,pattycan,Jauan Jennings,WR,False
1252802326628933632,League 1,13,4.0,4,pattycan,Darnell Mooney,WR,False
1252802326628933632,League 1,13,4.0,4,pattycan,Zonovan Knight,RB,False
1252802326628933632,League 1,13,4.0,4,pattycan,Breece Hall,RB,True
1252802326628933632,League 1,13,4.0,4,pattycan,De'Von Achane,RB,True
1252802326628933632,League 1,13,4.0,4,pattycan,Green Bay Packers,DEF,True
1252802326628933632,League 1,13,1.0,5,declancarroll,Bo Nix,QB,True
1252802326628933632,League 1,13,1.0,5,declancarroll,Isaiah Davis,RB,False
1252802326628933632,League 1,13,1.0,5,declancarroll,Trey Benson,RB,False
1252802326628933632,League 1,13,1.0,5,declancarroll,Xavier Worthy,WR,True
1252802326628933632,League 1,13,1.0,5,declancarroll,Kimani Vidal,RB,False
1252802326628933632,League 1,13,1.0,5,declancarroll,Mason Taylor,TE,False
1252802326628933632,League 1,13,1.0,5,declancarroll,Mike Evans,WR,False
1252802326628933632,League 1,13,1.0,5,declancarroll,Harrison Butker,K,True
1252802326628933632,League 1,13,1.0,5,declancarroll,Courtland Sutton,WR,True
1252802326628933632,League 1,13,1.0,5,declancarroll,David Montgomery,RB,True
1252802326628933632,League 1,13,1.0,5,declancarroll,J.K. Dobbins,RB,False
1252802326628933632,League 1,13,1.0,5,declancarroll,Juwan Johnson,TE,True
1252802326628933632,League 1,13,1.0,5,declancarroll,Ja'Marr Chase,WR,True
1252802326628933632,League 1,13,1.0,5,declancarroll,Rashid Shaheed,WR,False
1252802326628933632,League 1,13,1.0,5,declancarroll,Chase Brown,RB,True
1252802326628933632,League 1,13,1.0,5,declancarroll,Jordan Addison,WR,False
1252802326628933632,League 1,13,1.0,5,declancarroll,Los Angeles Chargers,DEF,True
1252802326628933632,League 1,13,6.0,6,kingcarrillo,Woody Marks,RB,True
1252802326628933632,League 1,13,6.0,6,kingcarrillo,Harold Fannin,TE,False
1252802326628933632,League 1,13,6.0,6,kingcarrillo,Omarion Hampton,RB,False
1252802326628933632,League 1,13,6.0,6,kingcarrillo,Tyler Loop,K,True
1252802326628933632,League 1,13,6.0,6,kingcarrillo,Alvin Kamara,RB,False
1252802326628933632,League 1,13,6.0,6,kingcarrillo,Kareem Hunt,RB,True
1252802326628933632,League 1,13,6.0,6,kingcarrillo,Baker Mayfield,QB,False
1252802326628933632,League 1,13,6.0,6,kingcarrillo,Nick Chubb,RB,False
1252802326628933632,League 1,13,6.0,6,kingcarrillo,Mark Andrews,TE,True
1252802326628933632,League 1,13,6.0,6,kingcarrillo,Jakobi Meyers,WR,False
1252802326628933632,League 1,13,6.0,6,kingcarrillo,Trevor Lawrence,QB,True
1252802326628933632,League 1,13,6.0,6,kingcarrillo,Nico Collins,WR,True
1252802326628933632,League 1,13,6.0,6,kingcarrillo,George Pickens,WR,True
1252802326628933632,League 1,13,6.0,6,kingcarrillo,Puka Nacua,WR,True
1252802326628933632,League 1,13,6.0,6,kingcarrillo,Quentin Johnston,WR,False
1252802326628933632,League 1,13,6.0,6,kingcarrillo,Seattle Seahawks,DEF,True
1252802326628933632,League 1,13,1.0,7,NotKool,Jayden Reed,WR,False
1252802326628933632,League 1,13,1.0,7,NotKool,Troy Franklin,WR,True
1252802326628933632,League 1,13,1.0,7,NotKool,Devin Neal,RB,True
1252802326628933632,League 1,13,1.0,7,NotKool,Tyler Warren,TE,True
1252802326628933632,League 1,13,1.0,7,NotKool,Kyle Monangai,RB,False
1252802326628933632,League 1,13,1.0,7,NotKool,Keenan Allen,WR,True
1252802326628933632,League 1,13,1.0,7,NotKool,Chris Boswell,K,True
1252802326628933632,League 1,13,1.0,7,NotKool,Dak Prescott,QB,True
1252802326628933632,League 1,13,1.0,7,NotKool,Tony Pollard,RB,False
1252802326628933632,League 1,13,1.0,7,NotKool,Rico Dowdle,RB,True
1252802326628933632,League 1,13,1.0,7,NotKool,Jordan Mason,RB,False
1252802326628933632,League 1,13,1.0,7,NotKool,Kayshon Boutte,WR,False
1252802326628933632,League 1,13,1.0,7,NotKool,Zach Charbonnet,RB,False
1252802326628933632,League 1,13,1.0,7,NotKool,Zay Flowers,WR,True
1252802326628933632,League 1,13,1.0,7,NotKool,Chicago Bears,DEF,False
1252802326628933632,League 1,13,1.0,7,NotKool,Denver Broncos,DEF,True
1252802326628933632,League 1,13,4.0,8,Shnickel,Emanuel Wilson,RB,True
1252802326628933632,League 1,13,4.0,8,Shnickel,Jayden Daniels,QB,False
1252802326628933632,League 1,13,4.0,8,Shnickel,AJ Barner,TE,True
1252802326628933632,League 1,13,4.0,8,Shnickel,Brian Thomas,WR,True
1252802326628933632,League 1,13,4.0,8,Shnickel,Cam Little,K,True
1252802326628933632,League 1,13,4.0,8,Shnickel,RJ Harvey,RB,True
1252802326628933632,League 1,13,4.0,8,Shnickel,Ashton Jeanty,RB,True
1252802326628933632,League 1,13,4.0,8,Shnickel,Evan Engram,TE,False
1252802326628933632,League 1,13,4.0,8,Shnickel,Tee Higgins,WR,False
1252802326628933632,League 1,13,4.0,8,Shnickel,Alec Pierce,WR,False
1252802326628933632,League 1,13,4.0,8,Shnickel,Jameson Williams,WR,True
1252802326628933632,League 1,13,4.0,8,Shnickel,Brock Purdy,QB,True
1252802326628933632,League 1,13,4.0,8,Shnickel,Jaylen Warren,RB,False
1252802326628933632,League 1,13,4.0,8,Shnickel,Sean Tucker,RB,False
1252802326628933632,League 1,13,4.0,8,Shnickel,Atlanta Falcons,DEF,True
1252802326628933632,League 1,13,2.0,9,HurricaneEich,Brandon Aubrey,K,True
1252802326628933632,League 1,13,2.0,9,HurricaneEich,Colston Loveland,TE,False
1252802326628933632,League 1,13,2.0,9,HurricaneEich,Davante Adams,WR,True
1252802326628933632,League 1,13,2.0,9,HurricaneEich,Derrick Henry,RB,True
1252802326628933632,League 1,13,2.0,9,HurricaneEich,Josh Jacobs,RB,True
1252802326628933632,League 1,13,2.0,9,HurricaneEich,Deebo Samuel,WR,True
1252802326628933632,League 1,13,2.0,9,HurricaneEich,Miles Sanders,RB,False
1252802326628933632,League 1,13,2.0,9,HurricaneEich,Jordan Love,QB,False
1252802326628933632,League 1,13,2.0,9,HurricaneEich,Jalen Hurts,QB,True
1252802326628933632,League 1,13,2.0,9,HurricaneEich,DeVonta Smith,WR,True
1252802326628933632,League 1,13,2.0,9,HurricaneEich,Michael Carter,RB,False
1252802326628933632,League 1,13,2.0,9,HurricaneEich,Jake Ferguson,TE,True
1252802326628933632,League 1,13,2.0,9,HurricaneEich,Marvin Mims,WR,False
1252802326628933632,League 1,13,2.0,9,HurricaneEich,Josh Downs,WR,False
1252802326628933632,League 1,13,2.0,9,HurricaneEich,Detroit Lions,DEF,False
1252802326628933632,League 1,13,2.0,9,HurricaneEich,Tampa Bay Buccaneers,DEF,True
1252802326628933632,League 1,13,2.0,10,arturowong,Brock Bowers,TE,True
1252802326628933632,League 1,13,2.0,10,arturowong,Ladd McConkey,WR,True
1252802326628933632,League 1,13,2.0,10,arturowong,Ricky Pearsall,WR,False
1252802326628933632,League 1,13,2.0,10,arturowong,Jaxson Dart,QB,False
1252802326628933632,League 1,13,2.0,10,arturowong,Tetairoa McMillan,WR,True
1252802326628933632,League 1,13,2.0,10,arturowong,Jason Myers,K,True
1252802326628933632,League 1,13,2.0,10,arturowong,Aaron Jones,RB,False
1252802326628933632,League 1,13,2.0,10,arturowong,Saquon Barkley,RB,True
1252802326628933632,League 1,13,2.0,10,arturowong,DJ Moore,WR,False
1252802326628933632,League 1,13,2.0,10,arturowong,Josh Allen,QB,True
1252802326628933632,League 1,13,2.0,10,arturowong,Kyle Pitts,TE,False
1252802326628933632,League 1,13,2.0,10,arturowong,Tyler Allgeier,RB,False
1252802326628933632,League 1,13,2.0,10,arturowong,Jaxon Smith-Njigba,WR,True
1252802326628933632,League 1,13,2.0,10,arturowong,Bijan Robinson,RB,True
1252802326628933632,League 1,13,2.0,10,arturowong,Los Angeles Rams,DEF,True
1252802326628933632,League 1,13,3.0,11,ChexMixChester,Keon Coleman,WR,False
1252802326628933632,League 1,13,3.0,11,ChexMixChester,Tyrone Tracy,RB,False
1252802326628933632,League 1,13,3.0,11,ChexMixChester,Quinshon Judkins,RB,False
1252802326628933632,League 1,13,3.0,11,ChexMixChester,TreVeyon Henderson,RB,True
1252802326628933632,League 1,13,3.0,11,ChexMixChester,Travis Kelce,TE,True
1252802326628933632,League 1,13,3.0,11,ChexMixChester,Stefon Diggs,WR,True
1252802326628933632,League 1,13,3.0,11,ChexMixChester,Jared Goff,QB,True
1252802326628933632,League 1,13,3.0,11,ChexMixChester,Hunter Henry,TE,False
1252802326628933632,League 1,13,3.0,11,ChexMixChester,Calvin Ridley,WR,False
1252802326628933632,League 1,13,3.0,11,ChexMixChester,Greg Dortch,WR,False
1252802326628933632,League 1,13,3.0,11,ChexMixChester,Amon-Ra St. Brown,WR,True
1252802326628933632,League 1,13,3.0,11,ChexMixChester,Rhamondre Stevenson,RB,False
1252802326628933632,League 1,13,3.0,11,ChexMixChester,Drake London,WR,False
1252802326628933632,League 1,13,3.0,11,ChexMixChester,Khalil Shakir,WR,True
1252802326628933632,League 1,13,3.0,11,ChexMixChester,James Cook,RB,True
1252802326628933632,League 1,13,3.0,11,ChexMixChester,Cameron Dicker,K,True
1252802326628933632,League 1,13,3.0,11,ChexMixChester,Houston Texans,DEF,True
1252802326628933632,League 1,13,5.0,12,Vishiga,Theo Johnson,TE,False
1252802326628933632,League 1,13,5.0,12,Vishiga,Will Reichard,K,True
1252802326628933632,League 1,13,5.0,12,Vishiga,Jayden Higgins,WR,False
1252802326628933632,League 1,13,5.0,12,Vishiga,Tez Johnson,WR,False
1252802326628933632,League 1,13,5.0,12,Vishiga,Chimere Dike,WR,True
1252802326628933632,League 1,13,5.0,12,Vishiga,Daniel Jones,QB,False
1252802326628933632,League 1,13,5.0,12,Vishiga,Joe Burrow,QB,True
1252802326628933632,League 1,13,5.0,12,Vishiga,D'Andre Swift,RB,False
1252802326628933632,League 1,13,5.0,12,Vishiga,Justin Jefferson,WR,True
1252802326628933632,League 1,13,5.0,12,Vishiga,Kenneth Gainwell,RB,True
1252802326628933632,League 1,13,5.0,12,Vishiga,Javonte Williams,RB,True
1252802326628933632,League 1,13,5.0,12,Vishiga,Trey McBride,TE,True
1252802326628933632,League 1,13,5.0,12,Vishiga,John Metchie,WR,False
1252802326628933632,League 1,13,5.0,12,Vishiga,Kyren Williams,RB,True
1252802326628933632,League 1,13,5.0,12,Vishiga,Cleveland Browns,DEF,True
1252802326628933632,League 1,14,6.0,1,Calcarro,Sam LaPorta,TE,False
1252802326628933632,League 1,14,6.0,1,Calcarro,Jake Bates,K,True
1252802326628933632,League 1,14,6.0,1,Calcarro,Rome Odunze,WR,False
1252802326628933632,League 1,14,6.0,1,Calcarro,Marvin Harrison,WR,False
1252802326628933632,League 1,14,6.0,1,Calcarro,Luther Burden,WR,True
1252802326628933632,League 1,14,6.0,1,Calcarro,Jacory Croskey-Merritt,RB,False
1252802326628933632,League 1,14,6.0,1,Calcarro,Jacoby Brissett,QB,False
1252802326628933632,League 1,14,6.0,1,Calcarro,Terry McLaurin,WR,True
1252802326628933632,League 1,14,6.0,1,Calcarro,Devin Singletary,RB,False
1252802326628933632,League 1,14,6.0,1,Calcarro,Justin Herbert,QB,True
1252802326628933632,League 1,14,6.0,1,Calcarro,Jonathan Taylor,RB,True
1252802326628933632,League 1,14,6.0,1,Calcarro,Cade Otton,TE,True
1252802326628933632,League 1,14,6.0,1,Calcarro,Brian Robinson,RB,False
1252802326628933632,League 1,14,6.0,1,Calcarro,Christian Watson,WR,True
1252802326628933632,League 1,14,6.0,1,Calcarro,Jahmyr Gibbs,RB,True
1252802326628933632,League 1,14,6.0,1,Calcarro,Pittsburgh Steelers,DEF,True
1252802326628933632,League 1,14,3.0,2,garrettmowery,Michael Wilson,WR,True
1252802326628933632,League 1,14,3.0,2,garrettmowery,Zach Ertz,TE,True
1252802326628933632,League 1,14,3.0,2,garrettmowery,Christian McCaffrey,RB,False
1252802326628933632,League 1,14,3.0,2,garrettmowery,Chris Godwin,WR,False
1252802326628933632,League 1,14,3.0,2,garrettmowery,Patrick Mahomes,QB,True
1252802326628933632,League 1,14,3.0,2,garrettmowery,Mack Hollins,WR,False
1252802326628933632,League 1,14,3.0,2,garrettmowery,George Kittle,TE,False
1252802326628933632,League 1,14,3.0,2,garrettmowery,A.J. Brown,WR,True
1252802326628933632,League 1,14,3.0,2,garrettmowery,Chase McLaughlin,K,True
1252802326628933632,League 1,14,3.0,2,garrettmowery,Michael Pittman,WR,False
1252802326628933632,League 1,14,3.0,2,garrettmowery,Travis Etienne,RB,True
1252802326628933632,League 1,14,3.0,2,garrettmowery,Chris Olave,WR,True
1252802326628933632,League 1,14,3.0,2,garrettmowery,Garrett Wilson,WR,False
1252802326628933632,League 1,14,3.0,2,garrettmowery,Kenneth Walker,RB,True
1252802326628933632,League 1,14,3.0,2,garrettmowery,Indianapolis Colts,DEF,True
1252802326628933632,League 1,14,3.0,2,garrettmowery,Kansas City Chiefs,DEF,False
1252802326628933632,League 1,14,6.0,3,Ouriginal,Dalton Kincaid,TE,False
1252802326628933632,League 1,14,6.0,3,Ouriginal,Bucky Irving,RB,True
1252802326628933632,League 1,14,6.0,3,Ouriginal,Bhayshul Tuten,RB,True
1252802326628933632,League 1,14,6.0,3,Ouriginal,Oronde Gadsden,TE,True
1252802326628933632,League 1,14,6.0,3,Ouriginal,David Njoku,TE,False
1252802326628933632,League 1,14,6.0,3,Ouriginal,Jake Elliott,K,True
1252802326628933632,League 1,14,6.0,3,Ouriginal,Matthew Stafford,QB,True
1252802326628933632,League 1,14,6.0,3,Ouriginal,DK Metcalf,WR,True
1252802326628933632,League 1,14,6.0,3,Ouriginal,Jaylen Waddle,WR,True
1252802326628933632,League 1,14,6.0,3,Ouriginal,Romeo Doubs,WR,True
1252802326628933632,League 1,14,6.0,3,Ouriginal,Wan'Dale Robinson,WR,False
1252802326628933632,League 1,14,6.0,3,Ouriginal,Rachaad White,RB,False
1252802326628933632,League 1,14,6.0,3,Ouriginal,Isiah Pacheco,RB,False
1252802326628933632,League 1,14,6.0,3,Ouriginal,New England Patriots,DEF,False
1252802326628933632,League 1,14,6.0,3,Ouriginal,Philadelphia Eagles,DEF,True
1252802326628933632,League 1,14,3.0,4,pattycan,Tre Tucker,WR,False
1252802326628933632,League 1,14,3.0,4,pattycan,Rashee Rice,WR,True
1252802326628933632,League 1,14,3.0,4,pattycan,Drake Maye,QB,False
1252802326628933632,League 1,14,3.0,4,pattycan,Emeka Egbuka,WR,True
1252802326628933632,League 1,14,3.0,4,pattycan,Wil Lutz,K,True
1252802326628933632,League 1,14,3.0,4,pattycan,Joe Mixon,RB,False
1252802326628933632,League 1,14,3.0,4,pattycan,Lamar Jackson,QB,True
1252802326628933632,League 1,14,3.0,4,pattycan,Dallas Goedert,TE,True
1252802326628933632,League 1,14,3.0,4,pattycan,Matt Gay,K,False
1252802326628933632,League 1,14,3.0,4,pattycan,CeeDee Lamb,WR,True
1252802326628933632,League 1,14,3.0,4,pattycan,Jauan Jennings,WR,False
1252802326628933632,League 1,14,3.0,4,pattycan,Darnell Mooney,WR,False
1252802326628933632,League 1,14,3.0,4,pattycan,Zonovan Knight,RB,False
1252802326628933632,League 1,14,3.0,4,pattycan,Breece Hall,RB,True
1252802326628933632,League 1,14,3.0,4,pattycan,De'Von Achane,RB,True
1252802326628933632,League 1,14,3.0,4,pattycan,Green Bay Packers,DEF,True
1252802326628933632,League 1,14,2.0,5,declancarroll,Bo Nix,QB,True
1252802326628933632,League 1,14,2.0,5,declancarroll,Isaiah Davis,RB,False
1252802326628933632,League 1,14,2.0,5,declancarroll,Trey Benson,RB,False
1252802326628933632,League 1,14,2.0,5,declancarroll,Xavier Worthy,WR,True
1252802326628933632,League 1,14,2.0,5,declancarroll,Kimani Vidal,RB,False
1252802326628933632,League 1,14,2.0,5,declancarroll,Mason Taylor,TE,False
1252802326628933632,League 1,14,2.0,5,declancarroll,Mike Evans,WR,False
1252802326628933632,League 1,14,2.0,5,declancarroll,Harrison Butker,K,True
1252802326628933632,League 1,14,2.0,5,declancarroll,Courtland Sutton,WR,True
1252802326628933632,League 1,14,2.0,5,declancarroll,David Montgomery,RB,True
1252802326628933632,League 1,14,2.0,5,declancarroll,J.K. Dobbins,RB,False
1252802326628933632,League 1,14,2.0,5,declancarroll,Juwan Johnson,TE,True
1252802326628933632,League 1,14,2.0,5,declancarroll,Ja'Marr Chase,WR,True
1252802326628933632,League 1,14,2.0,5,declancarroll,Rashid Shaheed,WR,False
1252802326628933632,League 1,14,2.0,5,declancarroll,Chase Brown,RB,True
1252802326628933632,League 1,14,2.0,5,declancarroll,Jordan Addison,WR,False
1252802326628933632,League 1,14,2.0,5,declancarroll,Los Angeles Chargers,DEF,True
1252802326628933632,League 1,14,5.0,6,kingcarrillo,Woody Marks,RB,True
1252802326628933632,League 1,14,5.0,6,kingcarrillo,Harold Fannin,TE,False
1252802326628933632,League 1,14,5.0,6,kingcarrillo,Omarion Hampton,RB,True
1252802326628933632,League 1,14,5.0,6,kingcarrillo,Tyler Loop,K,True
1252802326628933632,League 1,14,5.0,6,kingcarrillo,Alvin Kamara,RB,False
1252802326628933632,League 1,14,5.0,6,kingcarrillo,Kareem Hunt,RB,False
1252802326628933632,League 1,14,5.0,6,kingcarrillo,Baker Mayfield,QB,True
1252802326628933632,League 1,14,5.0,6,kingcarrillo,Mark Andrews,TE,True
1252802326628933632,League 1,14,5.0,6,kingcarrillo,Jakobi Meyers,WR,False
1252802326628933632,League 1,14,5.0,6,kingcarrillo,Trevor Lawrence,QB,False
1252802326628933632,League 1,14,5.0,6,kingcarrillo,Nico Collins,WR,True
1252802326628933632,League 1,14,5.0,6,kingcarrillo,George Pickens,WR,True
1252802326628933632,League 1,14,5.0,6,kingcarrillo,Puka Nacua,WR,True
1252802326628933632,League 1,14,5.0,6,kingcarrillo,Quentin Johnston,WR,False
1252802326628933632,League 1,14,5.0,6,kingcarrillo,Seattle Seahawks,DEF,True
1252802326628933632,League 1,14,1.0,7,NotKool,Jayden Reed,WR,False
1252802326628933632,League 1,14,1.0,7,NotKool,Troy Franklin,WR,True
1252802326628933632,League 1,14,1.0,7,NotKool,Devin Neal,RB,True
1252802326628933632,League 1,14,1.0,7,NotKool,Tyler Warren,TE,True
1252802326628933632,League 1,14,1.0,7,NotKool,Kyle Monangai,RB,True
1252802326628933632,League 1,14,1.0,7,NotKool,Keenan Allen,WR,True
1252802326628933632,League 1,14,1.0,7,NotKool,Chris Boswell,K,True
1252802326628933632,League 1,14,1.0,7,NotKool,Dak Prescott,QB,True
1252802326628933632,League 1,14,1.0,7,NotKool,Tony Pollard,RB,False
1252802326628933632,League 1,14,1.0,7,NotKool,Rico Dowdle,RB,False
1252802326628933632,League 1,14,1.0,7,NotKool,Jordan Mason,RB,False
1252802326628933632,League 1,14,1.0,7,NotKool,Kayshon Boutte,WR,False
1252802326628933632,League 1,14,1.0,7,NotKool,Zach Charbonnet,RB,False
1252802326628933632,League 1,14,1.0,7,NotKool,Zay Flowers,WR,True
1252802326628933632,League 1,14,1.0,7,NotKool,Chicago Bears,DEF,False
1252802326628933632,League 1,14,1.0,7,NotKool,Denver Broncos,DEF,True
1252802326628933632,League 1,14,4.0,8,Shnickel,Emanuel Wilson,RB,False
1252802326628933632,League 1,14,4.0,8,Shnickel,Caleb Williams,QB,True
1252802326628933632,League 1,14,4.0,8,Shnickel,Jayden Daniels,QB,False
1252802326628933632,League 1,14,4.0,8,Shnickel,AJ Barner,TE,True
1252802326628933632,League 1,14,4.0,8,Shnickel,Brian Thomas,WR,False
1252802326628933632,League 1,14,4.0,8,Shnickel,Cam Little,K,True
1252802326628933632,League 1,14,4.0,8,Shnickel,RJ Harvey,RB,True
1252802326628933632,League 1,14,4.0,8,Shnickel,Ashton Jeanty,RB,True
1252802326628933632,League 1,14,4.0,8,Shnickel,Evan Engram,TE,False
1252802326628933632,League 1,14,4.0,8,Shnickel,Tee Higgins,WR,True
1252802326628933632,League 1,14,4.0,8,Shnickel,Alec Pierce,WR,False
1252802326628933632,League 1,14,4.0,8,Shnickel,Jameson Williams,WR,True
1252802326628933632,League 1,14,4.0,8,Shnickel,Jaylen Warren,RB,True
1252802326628933632,League 1,14,4.0,8,Shnickel,Sean Tucker,RB,False
1252802326628933632,League 1,14,4.0,8,Shnickel,Washington Commanders,DEF,True
1252802326628933632,League 1,14,1.0,9,HurricaneEich,Brandon Aubrey,K,True
1252802326628933632,League 1,14,1.0,9,HurricaneEich,Colston Loveland,TE,False
1252802326628933632,League 1,14,1.0,9,HurricaneEich,Davante Adams,WR,True
1252802326628933632,League 1,14,1.0,9,HurricaneEich,Derrick Henry,RB,True
1252802326628933632,League 1,14,1.0,9,HurricaneEich,Josh Jacobs,RB,True
1252802326628933632,League 1,14,1.0,9,HurricaneEich,Deebo Samuel,WR,True
1252802326628933632,League 1,14,1.0,9,HurricaneEich,Miles Sanders,RB,False
1252802326628933632,League 1,14,1.0,9,HurricaneEich,Jordan Love,QB,False
1252802326628933632,League 1,14,1.0,9,HurricaneEich,Jalen Hurts,QB,True
1252802326628933632,League 1,14,1.0,9,HurricaneEich,DeVonta Smith,WR,True
1252802326628933632,League 1,14,1.0,9,HurricaneEich,Michael Carter,RB,False
1252802326628933632,League 1,14,1.0,9,HurricaneEich,Jake Ferguson,TE,True
1252802326628933632,League 1,14,1.0,9,HurricaneEich,Marvin Mims,WR,False
1252802326628933632,League 1,14,1.0,9,HurricaneEich,Josh Downs,WR,False
1252802326628933632,League 1,14,1.0,9,HurricaneEich,Detroit Lions,DEF,False
1252802326628933632,League 1,14,1.0,9,HurricaneEich,Tampa Bay Buccaneers,DEF,True
1252802326628933632,League 1,14,2.0,10,arturowong,Brock Bowers,TE,True
1252802326628933632,League 1,14,2.0,10,arturowong,Adonai Mitchell,WR,False
1252802326628933632,League 1,14,2.0,10,arturowong,Ladd McConkey,WR,True
1252802326628933632,League 1,14,2.0,10,arturowong,Ricky Pearsall,WR,False
1252802326628933632,League 1,14,2.0,10,arturowong,Tetairoa McMillan,WR,False
1252802326628933632,League 1,14,2.0,10,arturowong,Jason Myers,K,True
1252802326628933632,League 1,14,2.0,10,arturowong,Aaron Jones,RB,False
1252802326628933632,League 1,14,2.0,10,arturowong,Saquon Barkley,RB,True
1252802326628933632,League 1,14,2.0,10,arturowong,DJ Moore,WR,False
1252802326628933632,League 1,14,2.0,10,arturowong,Josh Allen,QB,True
1252802326628933632,League 1,14,2.0,10,arturowong,Kyle Pitts,TE,True
1252802326628933632,League 1,14,2.0,10,arturowong,Tyler Allgeier,RB,False
1252802326628933632,League 1,14,2.0,10,arturowong,Jaxon Smith-Njigba,WR,True
1252802326628933632,League 1,14,2.0,10,arturowong,Bijan Robinson,RB,True
1252802326628933632,League 1,14,2.0,10,arturowong,Los Angeles Rams,DEF,True
1252802326628933632,League 1,14,4.0,11,ChexMixChester,Keon Coleman,WR,False
1252802326628933632,League 1,14,4.0,11,ChexMixChester,Tyrone Tracy,RB,False
1252802326628933632,League 1,14,4.0,11,ChexMixChester,Quinshon Judkins,RB,True
1252802326628933632,League 1,14,4.0,11,ChexMixChester,TreVeyon Henderson,RB,False
1252802326628933632,League 1,14,4.0,11,ChexMixChester,Travis Kelce,TE,True
1252802326628933632,League 1,14,4.0,11,ChexMixChester,Stefon Diggs,WR,False
1252802326628933632,League 1,14,4.0,11,ChexMixChester,Jared Goff,QB,True
1252802326628933632,League 1,14,4.0,11,ChexMixChester,Hunter Henry,TE,False
1252802326628933632,League 1,14,4.0,11,ChexMixChester,Amon-Ra St. Brown,WR,True
1252802326628933632,League 1,14,4.0,11,ChexMixChester,Rhamondre Stevenson,RB,False
1252802326628933632,League 1,14,4.0,11,ChexMixChester,Drake London,WR,True
1252802326628933632,League 1,14,4.0,11,ChexMixChester,Khalil Shakir,WR,True
1252802326628933632,League 1,14,4.0,11,ChexMixChester,James Cook,RB,True
1252802326628933632,League 1,14,4.0,11,ChexMixChester,Cameron Dicker,K,True
1252802326628933632,League 1,14,4.0,11,ChexMixChester,Houston Texans,DEF,True
1252802326628933632,League 1,14,5.0,12,Vishiga,Theo Johnson,TE,False
1252802326628933632,League 1,14,5.0,12,Vishiga,Will Reichard,K,True
1252802326628933632,League 1,14,5.0,12,Vishiga,Jayden Higgins,WR,True
1252802326628933632,League 1,14,5.0,12,Vishiga,Tez Johnson,WR,False
1252802326628933632,League 1,14,5.0,12,Vishiga,Chimere Dike,WR,False
1252802326628933632,League 1,14,5.0,12,Vishiga,Daniel Jones,QB,False
1252802326628933632,League 1,14,5.0,12,Vishiga,Joe Burrow,QB,True
1252802326628933632,League 1,14,5.0,12,Vishiga,D'Andre Swift,RB,True
1252802326628933632,League 1,14,5.0,12,Vishiga,Justin Jefferson,WR,True
1252802326628933632,League 1,14,5.0,12,Vishiga,Kenneth Gainwell,RB,False
1252802326628933632,League 1,14,5.0,12,Vishiga,Javonte Williams,RB,True
1252802326628933632,League 1,14,5.0,12,Vishiga,Trey McBride,TE,True
1252802326628933632,League 1,14,5.0,12,Vishiga,John Metchie,WR,False
1252802326628933632,League 1,14,5.0,12,Vishiga,Kyren Williams,RB,True
1252802326628933632,League 1,14,5.0,12,Vishiga,Cleveland Browns,DEF,True
1252802326628933632,League 1,15,2.0,1,Calcarro,Sam LaPorta,TE,False
1252802326628933632,League 1,15,2.0,1,Calcarro,Jake Bates,K,True
1252802326628933632,League 1,15,2.0,1,Calcarro,Rome Odunze,WR,True
1252802326628933632,League 1,15,2.0,1,Calcarro,Marvin Harrison,WR,False
1252802326628933632,League 1,15,2.0,1,Calcarro,Luther Burden,WR,False
1252802326628933632,League 1,15,2.0,1,Calcarro,Jacory Croskey-Merritt,RB,False
1252802326628933632,League 1,15,2.0,1,Calcarro,Jacoby Brissett,QB,False
1252802326628933632,League 1,15,2.0,1,Calcarro,Dalton Schultz,TE,True
1252802326628933632,League 1,15,2.0,1,Calcarro,Terry McLaurin,WR,True
1252802326628933632,League 1,15,2.0,1,Calcarro,Devin Singletary,RB,False
1252802326628933632,League 1,15,2.0,1,Calcarro,Justin Herbert,QB,True
1252802326628933632,League 1,15,2.0,1,Calcarro,Jonathan Taylor,RB,True
1252802326628933632,League 1,15,2.0,1,Calcarro,Brian Robinson,RB,False
1252802326628933632,League 1,15,2.0,1,Calcarro,Christian Watson,WR,True
1252802326628933632,League 1,15,2.0,1,Calcarro,Jahmyr Gibbs,RB,True
1252802326628933632,League 1,15,2.0,1,Calcarro,Pittsburgh Steelers,DEF,True
1252802326628933632,League 1,15,,2,garrettmowery,Michael Wilson,WR,True
1252802326628933632,League 1,15,,2,garrettmowery,Christian McCaffrey,RB,False
1252802326628933632,League 1,15,,2,garrettmowery,Chris Godwin,WR,False
1252802326628933632,League 1,15,,2,garrettmowery,Patrick Mahomes,QB,True
1252802326628933632,League 1,15,,2,garrettmowery,Mack Hollins,WR,False
1252802326628933632,League 1,15,,2,garrettmowery,George Kittle,TE,True
1252802326628933632,League 1,15,,2,garrettmowery,A.J. Brown,WR,True
1252802326628933632,League 1,15,,2,garrettmowery,Chase McLaughlin,K,True
1252802326628933632,League 1,15,,2,garrettmowery,Michael Pittman,WR,False
1252802326628933632,League 1,15,,2,garrettmowery,Travis Etienne,RB,True
1252802326628933632,League 1,15,,2,garrettmowery,Chris Olave,WR,True
1252802326628933632,League 1,15,,2,garrettmowery,Garrett Wilson,WR,False
1252802326628933632,League 1,15,,2,garrettmowery,Kenneth Walker,RB,True
1252802326628933632,League 1,15,,2,garrettmowery,Brock Purdy,QB,False
1252802326628933632,League 1,15,,2,garrettmowery,Indianapolis Colts,DEF,True
1252802326628933632,League 1,15,,2,garrettmowery,Kansas City Chiefs,DEF,False
1252802326628933632,League 1,15,,3,Ouriginal,Dalton Kincaid,TE,True
1252802326628933632,League 1,15,,3,Ouriginal,Bucky Irving,RB,True
1252802326628933632,League 1,15,,3,Ouriginal,Blake Corum,RB,True
1252802326628933632,League 1,15,,3,Ouriginal,Oronde Gadsden,TE,False
1252802326628933632,League 1,15,,3,Ouriginal,Jake Elliott,K,False
1252802326628933632,League 1,15,,3,Ouriginal,Matthew Stafford,QB,True
1252802326628933632,League 1,15,,3,Ouriginal,DK Metcalf,WR,True
1252802326628933632,League 1,15,,3,Ouriginal,Jaylen Waddle,WR,True
1252802326628933632,League 1,15,,3,Ouriginal,Evan McPherson,K,True
1252802326628933632,League 1,15,,3,Ouriginal,Romeo Doubs,WR,False
1252802326628933632,League 1,15,,3,Ouriginal,Wan'Dale Robinson,WR,True
1252802326628933632,League 1,15,,3,Ouriginal,Rachaad White,RB,False
1252802326628933632,League 1,15,,3,Ouriginal,Isiah Pacheco,RB,False
1252802326628933632,League 1,15,,3,Ouriginal,New England Patriots,DEF,False
1252802326628933632,League 1,15,,3,Ouriginal,Philadelphia Eagles,DEF,True
1252802326628933632,League 1,15,4.0,4,pattycan,Tre Tucker,WR,False
1252802326628933632,League 1,15,4.0,4,pattycan,Rashee Rice,WR,True
1252802326628933632,League 1,15,4.0,4,pattycan,Drake Maye,QB,False
1252802326628933632,League 1,15,4.0,4,pattycan,Emeka Egbuka,WR,True
1252802326628933632,League 1,15,4.0,4,pattycan,Wil Lutz,K,True
1252802326628933632,League 1,15,4.0,4,pattycan,Joe Mixon,RB,False
1252802326628933632,League 1,15,4.0,4,pattycan,Lamar Jackson,QB,True
1252802326628933632,League 1,15,4.0,4,pattycan,Dallas Goedert,TE,True
1252802326628933632,League 1,15,4.0,4,pattycan,Matt Gay,K,False
1252802326628933632,League 1,15,4.0,4,pattycan,CeeDee Lamb,WR,True
1252802326628933632,League 1,15,4.0,4,pattycan,Jauan Jennings,WR,False
1252802326628933632,League 1,15,4.0,4,pattycan,Darnell Mooney,WR,False
1252802326628933632,League 1,15,4.0,4,pattycan,Zonovan Knight,RB,False
1252802326628933632,League 1,15,4.0,4,pattycan,Breece Hall,RB,True
1252802326628933632,League 1,15,4.0,4,pattycan,De'Von Achane,RB,True
1252802326628933632,League 1,15,4.0,4,pattycan,Green Bay Packers,DEF,True
1252802326628933632,League 1,15,,5,declancarroll,Bo Nix,QB,True
1252802326628933632,League 1,15,,5,declancarroll,Isaiah Davis,RB,False
1252802326628933632,League 1,15,,5,declancarroll,Trey Benson,RB,False
1252802326628933632,League 1,15,,5,declancarroll,Xavier Worthy,WR,True
1252802326628933632,League 1,15,,5,declancarroll,Kimani Vidal,RB,False
1252802326628933632,League 1,15,,5,declancarroll,Mason Taylor,TE,False
1252802326628933632,League 1,15,,5,declancarroll,Mike Evans,WR,False
1252802326628933632,League 1,15,,5,declancarroll,Harrison Butker,K,True
1252802326628933632,League 1,15,,5,declancarroll,Courtland Sutton,WR,True
1252802326628933632,League 1,15,,5,declancarroll,David Montgomery,RB,True
1252802326628933632,League 1,15,,5,declancarroll,J.K. Dobbins,RB,False
1252802326628933632,League 1,15,,5,declancarroll,Juwan Johnson,TE,True
1252802326628933632,League 1,15,,5,declancarroll,Ja'Marr Chase,WR,True
1252802326628933632,League 1,15,,5,declancarroll,Rashid Shaheed,WR,False
1252802326628933632,League 1,15,,5,declancarroll,Chase Brown,RB,True
1252802326628933632,League 1,15,,5,declancarroll,Jordan Addison,WR,False
1252802326628933632,League 1,15,,5,declancarroll,Los Angeles Chargers,DEF,True
1252802326628933632,League 1,15,2.0,6,kingcarrillo,Woody Marks,RB,True
1252802326628933632,League 1,15,2.0,6,kingcarrillo,Harold Fannin,TE,True
1252802326628933632,League 1,15,2.0,6,kingcarrillo,Omarion Hampton,RB,True
1252802326628933632,League 1,15,2.0,6,kingcarrillo,Tyler Loop,K,True
1252802326628933632,League 1,15,2.0,6,kingcarrillo,Alvin Kamara,RB,False
1252802326628933632,League 1,15,2.0,6,kingcarrillo,Kareem Hunt,RB,False
1252802326628933632,League 1,15,2.0,6,kingcarrillo,Baker Mayfield,QB,True
1252802326628933632,League 1,15,2.0,6,kingcarrillo,Mark Andrews,TE,False
1252802326628933632,League 1,15,2.0,6,kingcarrillo,Jakobi Meyers,WR,False
1252802326628933632,League 1,15,2.0,6,kingcarrillo,Trevor Lawrence,QB,False
1252802326628933632,League 1,15,2.0,6,kingcarrillo,Nico Collins,WR,True
1252802326628933632,League 1,15,2.0,6,kingcarrillo,George Pickens,WR,True
1252802326628933632,League 1,15,2.0,6,kingcarrillo,Puka Nacua,WR,True
1252802326628933632,League 1,15,2.0,6,kingcarrillo,Quentin Johnston,WR,False
1252802326628933632,League 1,15,2.0,6,kingcarrillo,Seattle Seahawks,DEF,True
1252802326628933632,League 1,15,4.0,7,NotKool,Jayden Reed,WR,False
1252802326628933632,League 1,15,4.0,7,NotKool,Troy Franklin,WR,False
1252802326628933632,League 1,15,4.0,7,NotKool,Devin Neal,RB,True
1252802326628933632,League 1,15,4.0,7,NotKool,Tyler Warren,TE,True
1252802326628933632,League 1,15,4.0,7,NotKool,Kyle Monangai,RB,False
1252802326628933632,League 1,15,4.0,7,NotKool,Keenan Allen,WR,False
1252802326628933632,League 1,15,4.0,7,NotKool,Chris Boswell,K,True
1252802326628933632,League 1,15,4.0,7,NotKool,Dak Prescott,QB,True
1252802326628933632,League 1,15,4.0,7,NotKool,Tony Pollard,RB,True
1252802326628933632,League 1,15,4.0,7,NotKool,Rico Dowdle,RB,True
1252802326628933632,League 1,15,4.0,7,NotKool,Jordan Mason,RB,False
1252802326628933632,League 1,15,4.0,7,NotKool,Kayshon Boutte,WR,True
1252802326628933632,League 1,15,4.0,7,NotKool,Zach Charbonnet,RB,False
1252802326628933632,League 1,15,4.0,7,NotKool,Zay Flowers,WR,True
1252802326628933632,League 1,15,4.0,7,NotKool,Denver Broncos,DEF,True
1252802326628933632,League 1,15,5.0,8,Shnickel,Caleb Williams,QB,True
1252802326628933632,League 1,15,5.0,8,Shnickel,Jayden Daniels,QB,False
1252802326628933632,League 1,15,5.0,8,Shnickel,AJ Barner,TE,True
1252802326628933632,League 1,15,5.0,8,Shnickel,Brian Thomas,WR,True
1252802326628933632,League 1,15,5.0,8,Shnickel,Cam Little,K,True
1252802326628933632,League 1,15,5.0,8,Shnickel,RJ Harvey,RB,True
1252802326628933632,League 1,15,5.0,8,Shnickel,Ashton Jeanty,RB,True
1252802326628933632,League 1,15,5.0,8,Shnickel,Evan Engram,TE,False
1252802326628933632,League 1,15,5.0,8,Shnickel,Jerry Jeudy,WR,False
1252802326628933632,League 1,15,5.0,8,Shnickel,Tee Higgins,WR,False
1252802326628933632,League 1,15,5.0,8,Shnickel,Chuba Hubbard,RB,False
1252802326628933632,League 1,15,5.0,8,Shnickel,Alec Pierce,WR,False
1252802326628933632,League 1,15,5.0,8,Shnickel,Jameson Williams,WR,True
1252802326628933632,League 1,15,5.0,8,Shnickel,Jaylen Warren,RB,True
1252802326628933632,League 1,15,5.0,8,Shnickel,Sean Tucker,RB,False
1252802326628933632,League 1,15,5.0,8,Shnickel,Washington Commanders,DEF,True
1252802326628933632,League 1,15,1.0,9,HurricaneEich,Brandon Aubrey,K,True
1252802326628933632,League 1,15,1.0,9,HurricaneEich,Colston Loveland,TE,False
1252802326628933632,League 1,15,1.0,9,HurricaneEich,Davante Adams,WR,True
1252802326628933632,League 1,15,1.0,9,HurricaneEich,Derrick Henry,RB,True
1252802326628933632,League 1,15,1.0,9,HurricaneEich,Josh Jacobs,RB,True
1252802326628933632,League 1,15,1.0,9,HurricaneEich,Deebo Samuel,WR,True
1252802326628933632,League 1,15,1.0,9,HurricaneEich,Miles Sanders,RB,False
1252802326628933632,League 1,15,1.0,9,HurricaneEich,Jordan Love,QB,False
1252802326628933632,League 1,15,1.0,9,HurricaneEich,Jalen Hurts,QB,True
1252802326628933632,League 1,15,1.0,9,HurricaneEich,DeVonta Smith,WR,True
1252802326628933632,League 1,15,1.0,9,HurricaneEich,Michael Carter,RB,False
1252802326628933632,League 1,15,1.0,9,HurricaneEich,Jake Ferguson,TE,True
1252802326628933632,League 1,15,1.0,9,HurricaneEich,Marvin Mims,WR,False
1252802326628933632,League 1,15,1.0,9,HurricaneEich,Josh Downs,WR,False
1252802326628933632,League 1,15,1.0,9,HurricaneEich,Detroit Lions,DEF,False
1252802326628933632,League 1,15,1.0,9,HurricaneEich,Tampa Bay Buccaneers,DEF,True
1252802326628933632,League 1,15,,10,arturowong,Brock Bowers,TE,False
1252802326628933632,League 1,15,,10,arturowong,Ladd McConkey,WR,True
1252802326628933632,League 1,15,,10,arturowong,Ricky Pearsall,WR,True
1252802326628933632,League 1,15,,10,arturowong,Tetairoa McMillan,WR,False
1252802326628933632,League 1,15,,10,arturowong,Jason Myers,K,True
1252802326628933632,League 1,15,,10,arturowong,Aaron Jones,RB,True
1252802326628933632,League 1,15,,10,arturowong,Saquon Barkley,RB,False
1252802326628933632,League 1,15,,10,arturowong,DJ Moore,WR,True
1252802326628933632,League 1,15,,10,arturowong,Josh Allen,QB,True
1252802326628933632,League 1,15,,10,arturowong,Kyle Pitts,TE,True
1252802326628933632,League 1,15,,10,arturowong,Tyler Allgeier,RB,True
1252802326628933632,League 1,15,,10,arturowong,Jaxon Smith-Njigba,WR,False
1252802326628933632,League 1,15,,10,arturowong,Bijan Robinson,RB,False
1252802326628933632,League 1,15,,10,arturowong,Buffalo Bills,DEF,True
1252802326628933632,League 1,15,,10,arturowong,Los Angeles Rams,DEF,False
1252802326628933632,League 1,15,5.0,11,ChexMixChester,Keon Coleman,WR,False
1252802326628933632,League 1,15,5.0,11,ChexMixChester,Tyrone Tracy,RB,False
1252802326628933632,League 1,15,5.0,11,ChexMixChester,Jaxson Dart,QB,True
1252802326628933632,League 1,15,5.0,11,ChexMixChester,Quinshon Judkins,RB,True
1252802326628933632,League 1,15,5.0,11,ChexMixChester,TreVeyon Henderson,RB,True
1252802326628933632,League 1,15,5.0,11,ChexMixChester,Travis Kelce,TE,True
1252802326628933632,League 1,15,5.0,11,ChexMixChester,Stefon Diggs,WR,True
1252802326628933632,League 1,15,5.0,11,ChexMixChester,Jared Goff,QB,False
1252802326628933632,League 1,15,5.0,11,ChexMixChester,Amon-Ra St. Brown,WR,True
1252802326628933632,League 1,15,5.0,11,ChexMixChester,Rhamondre Stevenson,RB,False
1252802326628933632,League 1,15,5.0,11,ChexMixChester,Drake London,WR,False
1252802326628933632,League 1,15,5.0,11,ChexMixChester,Khalil Shakir,WR,False
1252802326628933632,League 1,15,5.0,11,ChexMixChester,James Cook,RB,True
1252802326628933632,League 1,15,5.0,11,ChexMixChester,Cameron Dicker,K,True
1252802326628933632,League 1,15,5.0,11,ChexMixChester,Houston Texans,DEF,True
1252802326628933632,League 1,15,1.0,12,Vishiga,Theo Johnson,TE,False
1252802326628933632,League 1,15,1.0,12,Vishiga,Ryan Flournoy,WR,False
1252802326628933632,League 1,15,1.0,12,Vishiga,Will Reichard,K,True
1252802326628933632,League 1,15,1.0,12,Vishiga,Jayden Higgins,WR,True
1252802326628933632,League 1,15,1.0,12,Vishiga,Chimere Dike,WR,False
1252802326628933632,League 1,15,1.0,12,Vishiga,Joe Burrow,QB,True
1252802326628933632,League 1,15,1.0,12,Vishiga,D'Andre Swift,RB,True
1252802326628933632,League 1,15,1.0,12,Vishiga,Justin Jefferson,WR,True
1252802326628933632,League 1,15,1.0,12,Vishiga,Kenneth Gainwell,RB,False
1252802326628933632,League 1,15,1.0,12,Vishiga,Javonte Williams,RB,True
1252802326628933632,League 1,15,1.0,12,Vishiga,Trey McBride,TE,True
1252802326628933632,League 1,15,1.0,12,Vishiga,John Metchie,WR,False
1252802326628933632,League 1,15,1.0,12,Vishiga,Kyren Williams,RB,True
1252802326628933632,League 1,15,1.0,12,Vishiga,Cleveland Browns,DEF,False
1252802326628933632,League 1,15,1.0,12,Vishiga,Jacksonville Jaguars,DEF,True
1252802326628933632,League 1,16,3.0,1,Calcarro,Sam LaPorta,TE,False
1252802326628933632,League 1,16,3.0,1,Calcarro,Jake Bates,K,True
1252802326628933632,League 1,16,3.0,1,Calcarro,Rome Odunze,WR,False
1252802326628933632,League 1,16,3.0,1,Calcarro,Marvin Harrison,WR,True
1252802326628933632,League 1,16,3.0,1,Calcarro,Luther Burden,WR,False
1252802326628933632,League 1,16,3.0,1,Calcarro,Jacory Croskey-Merritt,RB,False
1252802326628933632,League 1,16,3.0,1,Calcarro,Jacoby Brissett,QB,False
1252802326628933632,League 1,16,3.0,1,Calcarro,Dalton Schultz,TE,True
1252802326628933632,League 1,16,3.0,1,Calcarro,Terry McLaurin,WR,True
1252802326628933632,League 1,16,3.0,1,Calcarro,Devin Singletary,RB,False
1252802326628933632,League 1,16,3.0,1,Calcarro,Justin Herbert,QB,True
1252802326628933632,League 1,16,3.0,1,Calcarro,Jonathan Taylor,RB,True
1252802326628933632,League 1,16,3.0,1,Calcarro,Brian Robinson,RB,False
1252802326628933632,League 1,16,3.0,1,Calcarro,Christian Watson,WR,True
1252802326628933632,League 1,16,3.0,1,Calcarro,Jahmyr Gibbs,RB,True
1252802326628933632,League 1,16,3.0,1,Calcarro,Pittsburgh Steelers,DEF,True
1252802326628933632,League 1,16,1.0,2,garrettmowery,Michael Wilson,WR,True
1252802326628933632,League 1,16,1.0,2,garrettmowery,Christian McCaffrey,RB,True
1252802326628933632,League 1,16,1.0,2,garrettmowery,Chris Godwin,WR,False
1252802326628933632,League 1,16,1.0,2,garrettmowery,George Kittle,TE,True
1252802326628933632,League 1,16,1.0,2,garrettmowery,A.J. Brown,WR,True
1252802326628933632,League 1,16,1.0,2,garrettmowery,Chase McLaughlin,K,True
1252802326628933632,League 1,16,1.0,2,garrettmowery,Michael Pittman,WR,False
1252802326628933632,League 1,16,1.0,2,garrettmowery,Travis Etienne,RB,True
1252802326628933632,League 1,16,1.0,2,garrettmowery,Chris Olave,WR,True
1252802326628933632,League 1,16,1.0,2,garrettmowery,Garrett Wilson,WR,False
1252802326628933632,League 1,16,1.0,2,garrettmowery,Kenneth Walker,RB,False
1252802326628933632,League 1,16,1.0,2,garrettmowery,Brock Purdy,QB,True
1252802326628933632,League 1,16,1.0,2,garrettmowery,Indianapolis Colts,DEF,False
1252802326628933632,League 1,16,1.0,2,garrettmowery,Kansas City Chiefs,DEF,True
1252802326628933632,League 1,16,4.0,3,Ouriginal,Dalton Kincaid,TE,False
1252802326628933632,League 1,16,4.0,3,Ouriginal,Bucky Irving,RB,True
1252802326628933632,League 1,16,4.0,3,Ouriginal,Blake Corum,RB,True
1252802326628933632,League 1,16,4.0,3,Ouriginal,Oronde Gadsden,TE,True
1252802326628933632,League 1,16,4.0,3,Ouriginal,Jake Elliott,K,True
1252802326628933632,League 1,16,4.0,3,Ouriginal,Matthew Stafford,QB,True
1252802326628933632,League 1,16,4.0,3,Ouriginal,DK Metcalf,WR,True
1252802326628933632,League 1,16,4.0,3,Ouriginal,Jaylen Waddle,WR,True
1252802326628933632,League 1,16,4.0,3,Ouriginal,Evan McPherson,K,False
1252802326628933632,League 1,16,4.0,3,Ouriginal,Romeo Doubs,WR,False
1252802326628933632,League 1,16,4.0,3,Ouriginal,Wan'Dale Robinson,WR,True
1252802326628933632,League 1,16,4.0,3,Ouriginal,Rachaad White,RB,False
1252802326628933632,League 1,16,4.0,3,Ouriginal,Isiah Pacheco,RB,False
1252802326628933632,League 1,16,4.0,3,Ouriginal,New England Patriots,DEF,False
1252802326628933632,League 1,16,4.0,3,Ouriginal,Philadelphia Eagles,DEF,True
1252802326628933632,League 1,16,6.0,4,pattycan,Tre Tucker,WR,False
1252802326628933632,League 1,16,6.0,4,pattycan,Rashee Rice,WR,False
1252802326628933632,League 1,16,6.0,4,pattycan,Drake Maye,QB,False
1252802326628933632,League 1,16,6.0,4,pattycan,Emeka Egbuka,WR,True
1252802326628933632,League 1,16,6.0,4,pattycan,Wil Lutz,K,True
1252802326628933632,League 1,16,6.0,4,pattycan,Joe Mixon,RB,False
1252802326628933632,League 1,16,6.0,4,pattycan,Lamar Jackson,QB,True
1252802326628933632,League 1,16,6.0,4,pattycan,Dallas Goedert,TE,True
1252802326628933632,League 1,16,6.0,4,pattycan,Matt Gay,K,False
1252802326628933632,League 1,16,6.0,4,pattycan,CeeDee Lamb,WR,True
1252802326628933632,League 1,16,6.0,4,pattycan,Jauan Jennings,WR,True
1252802326628933632,League 1,16,6.0,4,pattycan,Darnell Mooney,WR,False
1252802326628933632,League 1,16,6.0,4,pattycan,Zonovan Knight,RB,False
1252802326628933632,League 1,16,6.0,4,pattycan,Breece Hall,RB,True
1252802326628933632,League 1,16,6.0,4,pattycan,De'Von Achane,RB,True
1252802326628933632,League 1,16,6.0,4,pattycan,Green Bay Packers,DEF,True
1252802326628933632,League 1,16,5.0,5,declancarroll,Bo Nix,QB,True
1252802326628933632,League 1,16,5.0,5,declancarroll,Isaiah Davis,RB,False
1252802326628933632,League 1,16,5.0,5,declancarroll,Trey Benson,RB,False
1252802326628933632,League 1,16,5.0,5,declancarroll,Xavier Worthy,WR,False
1252802326628933632,League 1,16,5.0,5,declancarroll,Kimani Vidal,RB,False
1252802326628933632,League 1,16,5.0,5,declancarroll,Mason Taylor,TE,False
1252802326628933632,League 1,16,5.0,5,declancarroll,Mike Evans,WR,True
1252802326628933632,League 1,16,5.0,5,declancarroll,Harrison Butker,K,True
1252802326628933632,League 1,16,5.0,5,declancarroll,Courtland Sutton,WR,True
1252802326628933632,League 1,16,5.0,5,declancarroll,David Montgomery,RB,True
1252802326628933632,League 1,16,5.0,5,declancarroll,Juwan Johnson,TE,True
1252802326628933632,League 1,16,5.0,5,declancarroll,Ja'Marr Chase,WR,True
1252802326628933632,League 1,16,5.0,5,declancarroll,Rashid Shaheed,WR,False
1252802326628933632,League 1,16,5.0,5,declancarroll,Chase Brown,RB,True
1252802326628933632,League 1,16,5.0,5,declancarroll,Jordan Addison,WR,False
1252802326628933632,League 1,16,5.0,5,declancarroll,Los Angeles Chargers,DEF,True
1252802326628933632,League 1,16,2.0,6,kingcarrillo,Jawhar Jordan,RB,True
1252802326628933632,League 1,16,2.0,6,kingcarrillo,Woody Marks,RB,False
1252802326628933632,League 1,16,2.0,6,kingcarrillo,Harold Fannin,TE,True
1252802326628933632,League 1,16,2.0,6,kingcarrillo,Omarion Hampton,RB,True
1252802326628933632,League 1,16,2.0,6,kingcarrillo,Ka'imi Fairbairn,K,True
1252802326628933632,League 1,16,2.0,6,kingcarrillo,Kareem Hunt,RB,False
1252802326628933632,League 1,16,2.0,6,kingcarrillo,Baker Mayfield,QB,True
1252802326628933632,League 1,16,2.0,6,kingcarrillo,Mark Andrews,TE,False
1252802326628933632,League 1,16,2.0,6,kingcarrillo,Jakobi Meyers,WR,False
1252802326628933632,League 1,16,2.0,6,kingcarrillo,Nico Collins,WR,True
1252802326628933632,League 1,16,2.0,6,kingcarrillo,George Pickens,WR,True
1252802326628933632,League 1,16,2.0,6,kingcarrillo,Puka Nacua,WR,True
1252802326628933632,League 1,16,2.0,6,kingcarrillo,Quentin Johnston,WR,False
1252802326628933632,League 1,16,2.0,6,kingcarrillo,New Orleans Saints,DEF,True
1252802326628933632,League 1,16,2.0,6,kingcarrillo,Seattle Seahawks,DEF,False
1252802326628933632,League 1,16,4.0,7,NotKool,Jayden Reed,WR,True
1252802326628933632,League 1,16,4.0,7,NotKool,Troy Franklin,WR,True
1252802326628933632,League 1,16,4.0,7,NotKool,Tyler Warren,TE,False
1252802326628933632,League 1,16,4.0,7,NotKool,Kyle Monangai,RB,False
1252802326628933632,League 1,16,4.0,7,NotKool,Tyler Shough,QB,True
1252802326628933632,League 1,16,4.0,7,NotKool,Keenan Allen,WR,False
1252802326628933632,League 1,16,4.0,7,NotKool,Chris Boswell,K,True
1252802326628933632,League 1,16,4.0,7,NotKool,Dak Prescott,QB,False
1252802326628933632,League 1,16,4.0,7,NotKool,T.J. Hockenson,TE,True
1252802326628933632,League 1,16,4.0,7,NotKool,Tony Pollard,RB,True
1252802326628933632,League 1,16,4.0,7,NotKool,Rico Dowdle,RB,True
1252802326628933632,League 1,16,4.0,7,NotKool,Kayshon Boutte,WR,False
1252802326628933632,League 1,16,4.0,7,NotKool,Zay Flowers,WR,True
1252802326628933632,League 1,16,4.0,7,NotKool,Denver Broncos,DEF,True
1252802326628933632,League 1,16,5.0,8,Shnickel,Emanuel Wilson,RB,False
1252802326628933632,League 1,16,5.0,8,Shnickel,Caleb Williams,QB,True
1252802326628933632,League 1,16,5.0,8,Shnickel,Jayden Daniels,QB,False
1252802326628933632,League 1,16,5.0,8,Shnickel,AJ Barner,TE,True
1252802326628933632,League 1,16,5.0,8,Shnickel,Brian Thomas,WR,True
1252802326628933632,League 1,16,5.0,8,Shnickel,Cam Little,K,True
1252802326628933632,League 1,16,5.0,8,Shnickel,RJ Harvey,RB,True
1252802326628933632,League 1,16,5.0,8,Shnickel,Ashton Jeanty,RB,True
1252802326628933632,League 1,16,5.0,8,Shnickel,Evan Engram,TE,False
1252802326628933632,League 1,16,5.0,8,Shnickel,Jerry Jeudy,WR,False
1252802326628933632,League 1,16,5.0,8,Shnickel,Tee Higgins,WR,False
1252802326628933632,League 1,16,5.0,8,Shnickel,Chuba Hubbard,RB,False
1252802326628933632,League 1,16,5.0,8,Shnickel,Alec Pierce,WR,False
1252802326628933632,League 1,16,5.0,8,Shnickel,Jameson Williams,WR,True
1252802326628933632,League 1,16,5.0,8,Shnickel,Jaylen Warren,RB,True
1252802326628933632,League 1,16,5.0,8,Shnickel,Washington Commanders,DEF,True
1252802326628933632,League 1,16,3.0,9,HurricaneEich,Brandon Aubrey,K,True
1252802326628933632,League 1,16,3.0,9,HurricaneEich,Colston Loveland,TE,False
1252802326628933632,League 1,16,3.0,9,HurricaneEich,Davante Adams,WR,False
1252802326628933632,League 1,16,3.0,9,HurricaneEich,Derrick Henry,RB,True
1252802326628933632,League 1,16,3.0,9,HurricaneEich,Josh Jacobs,RB,True
1252802326628933632,League 1,16,3.0,9,HurricaneEich,Deebo Samuel,WR,True
1252802326628933632,League 1,16,3.0,9,HurricaneEich,Miles Sanders,RB,False
1252802326628933632,League 1,16,3.0,9,HurricaneEich,Jordan Love,QB,False
1252802326628933632,League 1,16,3.0,9,HurricaneEich,Jalen Hurts,QB,True
1252802326628933632,League 1,16,3.0,9,HurricaneEich,DeVonta Smith,WR,True
1252802326628933632,League 1,16,3.0,9,HurricaneEich,Michael Carter,RB,False
1252802326628933632,League 1,16,3.0,9,HurricaneEich,Jake Ferguson,TE,True
1252802326628933632,League 1,16,3.0,9,HurricaneEich,Marvin Mims,WR,False
1252802326628933632,League 1,16,3.0,9,HurricaneEich,Josh Downs,WR,True
1252802326628933632,League 1,16,3.0,9,HurricaneEich,Detroit Lions,DEF,False
1252802326628933632,League 1,16,3.0,9,HurricaneEich,Tampa Bay Buccaneers,DEF,True
1252802326628933632,League 1,16,2.0,10,arturowong,Brock Bowers,TE,True
1252802326628933632,League 1,16,2.0,10,arturowong,Ladd McConkey,WR,False
1252802326628933632,League 1,16,2.0,10,arturowong,Ricky Pearsall,WR,False
1252802326628933632,League 1,16,2.0,10,arturowong,Tetairoa McMillan,WR,True
1252802326628933632,League 1,16,2.0,10,arturowong,Jason Myers,K,True
1252802326628933632,League 1,16,2.0,10,arturowong,Aaron Jones,RB,False
1252802326628933632,League 1,16,2.0,10,arturowong,Saquon Barkley,RB,True
1252802326628933632,League 1,16,2.0,10,arturowong,DJ Moore,WR,False
1252802326628933632,League 1,16,2.0,10,arturowong,Josh Allen,QB,True
1252802326628933632,League 1,16,2.0,10,arturowong,Kyle Pitts,TE,True
1252802326628933632,League 1,16,2.0,10,arturowong,Tyler Allgeier,RB,False
1252802326628933632,League 1,16,2.0,10,arturowong,Jaxon Smith-Njigba,WR,True
1252802326628933632,League 1,16,2.0,10,arturowong,Bijan Robinson,RB,True
1252802326628933632,League 1,16,2.0,10,arturowong,Buffalo Bills,DEF,True
1252802326628933632,League 1,16,2.0,10,arturowong,Los Angeles Rams,DEF,False
1252802326628933632,League 1,16,6.0,11,ChexMixChester,Keon Coleman,WR,False
1252802326628933632,League 1,16,6.0,11,ChexMixChester,Tyrone Tracy,RB,False
1252802326628933632,League 1,16,6.0,11,ChexMixChester,Jaxson Dart,QB,True
1252802326628933632,League 1,16,6.0,11,ChexMixChester,Quinshon Judkins,RB,True
1252802326628933632,League 1,16,6.0,11,ChexMixChester,TreVeyon Henderson,RB,True
1252802326628933632,League 1,16,6.0,11,ChexMixChester,Travis Kelce,TE,True
1252802326628933632,League 1,16,6.0,11,ChexMixChester,Stefon Diggs,WR,True
1252802326628933632,League 1,16,6.0,11,ChexMixChester,Jared Goff,QB,False
1252802326628933632,League 1,16,6.0,11,ChexMixChester,Amon-Ra St. Brown,WR,True
1252802326628933632,League 1,16,6.0,11,ChexMixChester,Rhamondre Stevenson,RB,False
1252802326628933632,League 1,16,6.0,11,ChexMixChester,Drake London,WR,False
1252802326628933632,League 1,16,6.0,11,ChexMixChester,Khalil Shakir,WR,False
1252802326628933632,League 1,16,6.0,11,ChexMixChester,James Cook,RB,True
1252802326628933632,League 1,16,6.0,11,ChexMixChester,Cameron Dicker,K,True
1252802326628933632,League 1,16,6.0,11,ChexMixChester,Houston Texans,DEF,True
1252802326628933632,League 1,16,1.0,12,Vishiga,Theo Johnson,TE,False
1252802326628933632,League 1,16,1.0,12,Vishiga,Adonai Mitchell,WR,True
1252802326628933632,League 1,16,1.0,12,Vishiga,Ryan Flournoy,WR,False
1252802326628933632,League 1,16,1.0,12,Vishiga,Will Reichard,K,True
1252802326628933632,League 1,16,1.0,12,Vishiga,Jayden Higgins,WR,False
1252802326628933632,League 1,16,1.0,12,Vishiga,Chimere Dike,WR,False
1252802326628933632,League 1,16,1.0,12,Vishiga,Joe Burrow,QB,True
1252802326628933632,League 1,16,1.0,12,Vishiga,D'Andre Swift,RB,True
1252802326628933632,League 1,16,1.0,12,Vishiga,Justin Jefferson,WR,True
1252802326628933632,League 1,16,1.0,12,Vishiga,Kenneth Gainwell,RB,False
1252802326628933632,League 1,16,1.0,12,Vishiga,Javonte Williams,RB,True
1252802326628933632,League 1,16,1.0,12,Vishiga,Trey McBride,TE,True
1252802326628933632,League 1,16,1.0,12,Vishiga,Kyren Williams,RB,True
1252802326628933632,League 1,16,1.0,12,Vishiga,Cleveland Browns,DEF,False
1252802326628933632,League 1,16,1.0,12,Vishiga,Jacksonville Jaguars,DEF,True
1252802326628933632,League 1,17,,1,Calcarro,Sam LaPorta,TE,False
1252802326628933632,League 1,17,,1,Calcarro,Jake Bates,K,True
1252802326628933632,League 1,17,,1,Calcarro,Rome Odunze,WR,False
1252802326628933632,League 1,17,,1,Calcarro,Marvin Harrison,WR,True
1252802326628933632,League 1,17,,1,Calcarro,Luther Burden,WR,False
1252802326628933632,League 1,17,,1,Calcarro,Jacory Croskey-Merritt,RB,False
1252802326628933632,League 1,17,,1,Calcarro,Jacoby Brissett,QB,False
1252802326628933632,League 1,17,,1,Calcarro,Dalton Schultz,TE,True
1252802326628933632,League 1,17,,1,Calcarro,Terry McLaurin,WR,True
1252802326628933632,League 1,17,,1,Calcarro,Devin Singletary,RB,False
1252802326628933632,League 1,17,,1,Calcarro,Justin Herbert,QB,True
1252802326628933632,League 1,17,,1,Calcarro,Jonathan Taylor,RB,True
1252802326628933632,League 1,17,,1,Calcarro,Brian Robinson,RB,False
1252802326628933632,League 1,17,,1,Calcarro,Christian Watson,WR,True
1252802326628933632,League 1,17,,1,Calcarro,Jahmyr Gibbs,RB,True
1252802326628933632,League 1,17,,1,Calcarro,Pittsburgh Steelers,DEF,True
1252802326628933632,League 1,17,1.0,2,garrettmowery,Michael Wilson,WR,True
1252802326628933632,League 1,17,1.0,2,garrettmowery,Christian McCaffrey,RB,True
1252802326628933632,League 1,17,1.0,2,garrettmowery,Chris Godwin,WR,False
1252802326628933632,League 1,17,1.0,2,garrettmowery,George Kittle,TE,False
1252802326628933632,League 1,17,1.0,2,garrettmowery,Taysom Hill,TE,True
1252802326628933632,League 1,17,1.0,2,garrettmowery,A.J. Brown,WR,True
1252802326628933632,League 1,17,1.0,2,garrettmowery,Chase McLaughlin,K,True
1252802326628933632,League 1,17,1.0,2,garrettmowery,Michael Pittman,WR,False
1252802326628933632,League 1,17,1.0,2,garrettmowery,Travis Etienne,RB,True
1252802326628933632,League 1,17,1.0,2,garrettmowery,Chris Olave,WR,True
1252802326628933632,League 1,17,1.0,2,garrettmowery,Garrett Wilson,WR,False
1252802326628933632,League 1,17,1.0,2,garrettmowery,Kenneth Walker,RB,False
1252802326628933632,League 1,17,1.0,2,garrettmowery,Brock Purdy,QB,True
1252802326628933632,League 1,17,1.0,2,garrettmowery,Brenton Strange,TE,False
1252802326628933632,League 1,17,1.0,2,garrettmowery,Indianapolis Colts,DEF,False
1252802326628933632,League 1,17,1.0,2,garrettmowery,Kansas City Chiefs,DEF,False
1252802326628933632,League 1,17,1.0,2,garrettmowery,New York Giants,DEF,True
1252802326628933632,League 1,17,4.0,3,Ouriginal,Dalton Kincaid,TE,False
1252802326628933632,League 1,17,4.0,3,Ouriginal,Bucky Irving,RB,True
1252802326628933632,League 1,17,4.0,3,Ouriginal,Blake Corum,RB,True
1252802326628933632,League 1,17,4.0,3,Ouriginal,Oronde Gadsden,TE,True
1252802326628933632,League 1,17,4.0,3,Ouriginal,Jake Elliott,K,False
1252802326628933632,League 1,17,4.0,3,Ouriginal,Matthew Stafford,QB,True
1252802326628933632,League 1,17,4.0,3,Ouriginal,DK Metcalf,WR,False
1252802326628933632,League 1,17,4.0,3,Ouriginal,Jaylen Waddle,WR,True
1252802326628933632,League 1,17,4.0,3,Ouriginal,Evan McPherson,K,True
1252802326628933632,League 1,17,4.0,3,Ouriginal,Romeo Doubs,WR,True
1252802326628933632,League 1,17,4.0,3,Ouriginal,Wan'Dale Robinson,WR,True
1252802326628933632,League 1,17,4.0,3,Ouriginal,Rachaad White,RB,False
1252802326628933632,League 1,17,4.0,3,Ouriginal,Isiah Pacheco,RB,False
1252802326628933632,League 1,17,4.0,3,Ouriginal,New England Patriots,DEF,True
1252802326628933632,League 1,17,4.0,3,Ouriginal,Philadelphia Eagles,DEF,False
1252802326628933632,League 1,17,,4,pattycan,Tre Tucker,WR,False
1252802326628933632,League 1,17,,4,pattycan,Rashee Rice,WR,False
1252802326628933632,League 1,17,,4,pattycan,Drake Maye,QB,False
1252802326628933632,League 1,17,,4,pattycan,Emeka Egbuka,WR,True
1252802326628933632,League 1,17,,4,pattycan,Wil Lutz,K,True
1252802326628933632,League 1,17,,4,pattycan,Joe Mixon,RB,False
1252802326628933632,League 1,17,,4,pattycan,Lamar Jackson,QB,True
1252802326628933632,League 1,17,,4,pattycan,Dallas Goedert,TE,True
1252802326628933632,League 1,17,,4,pattycan,Matt Gay,K,False
1252802326628933632,League 1,17,,4,pattycan,CeeDee Lamb,WR,True
1252802326628933632,League 1,17,,4,pattycan,Jauan Jennings,WR,True
1252802326628933632,League 1,17,,4,pattycan,Darnell Mooney,WR,False
1252802326628933632,League 1,17,,4,pattycan,Zonovan Knight,RB,False
1252802326628933632,League 1,17,,4,pattycan,Breece Hall,RB,True
1252802326628933632,League 1,17,,4,pattycan,De'Von Achane,RB,True
1252802326628933632,League 1,17,,4,pattycan,Green Bay Packers,DEF,True
1252802326628933632,League 1,17,4.0,5,declancarroll,Bo Nix,QB,True
1252802326628933632,League 1,17,4.0,5,declancarroll,Isaiah Davis,RB,False
1252802326628933632,League 1,17,4.0,5,declancarroll,Trey Benson,RB,False
1252802326628933632,League 1,17,4.0,5,declancarroll,Xavier Worthy,WR,False
1252802326628933632,League 1,17,4.0,5,declancarroll,Kimani Vidal,RB,False
1252802326628933632,League 1,17,4.0,5,declancarroll,Mason Taylor,TE,False
1252802326628933632,League 1,17,4.0,5,declancarroll,Mike Evans,WR,True
1252802326628933632,League 1,17,4.0,5,declancarroll,Harrison Butker,K,True
1252802326628933632,League 1,17,4.0,5,declancarroll,Courtland Sutton,WR,True
1252802326628933632,League 1,17,4.0,5,declancarroll,David Montgomery,RB,True
1252802326628933632,League 1,17,4.0,5,declancarroll,Juwan Johnson,TE,True
1252802326628933632,League 1,17,4.0,5,declancarroll,Ja'Marr Chase,WR,True
1252802326628933632,League 1,17,4.0,5,declancarroll,Rashid Shaheed,WR,False
1252802326628933632,League 1,17,4.0,5,declancarroll,Chase Brown,RB,True
1252802326628933632,League 1,17,4.0,5,declancarroll,Jordan Addison,WR,False
1252802326628933632,League 1,17,4.0,5,declancarroll,Los Angeles Chargers,DEF,True
1252802326628933632,League 1,17,1.0,6,kingcarrillo,Woody Marks,RB,False
1252802326628933632,League 1,17,1.0,6,kingcarrillo,Harold Fannin,TE,True
1252802326628933632,League 1,17,1.0,6,kingcarrillo,Omarion Hampton,RB,True
1252802326628933632,League 1,17,1.0,6,kingcarrillo,Ka'imi Fairbairn,K,True
1252802326628933632,League 1,17,1.0,6,kingcarrillo,Kareem Hunt,RB,False
1252802326628933632,League 1,17,1.0,6,kingcarrillo,Baker Mayfield,QB,False
1252802326628933632,League 1,17,1.0,6,kingcarrillo,Jakobi Meyers,WR,True
1252802326628933632,League 1,17,1.0,6,kingcarrillo,Trevor Lawrence,QB,True
1252802326628933632,League 1,17,1.0,6,kingcarrillo,Nico Collins,WR,False
1252802326628933632,League 1,17,1.0,6,kingcarrillo,George Pickens,WR,True
1252802326628933632,League 1,17,1.0,6,kingcarrillo,Puka Nacua,WR,True
1252802326628933632,League 1,17,1.0,6,kingcarrillo,Zach Charbonnet,RB,True
1252802326628933632,League 1,17,1.0,6,kingcarrillo,Quentin Johnston,WR,False
1252802326628933632,League 1,17,1.0,6,kingcarrillo,New Orleans Saints,DEF,False
1252802326628933632,League 1,17,1.0,6,kingcarrillo,Seattle Seahawks,DEF,True
1252802326628933632,League 1,17,5.0,7,NotKool,Jayden Reed,WR,True
1252802326628933632,League 1,17,5.0,7,NotKool,Troy Franklin,WR,True
1252802326628933632,League 1,17,5.0,7,NotKool,Tyler Warren,TE,True
1252802326628933632,League 1,17,5.0,7,NotKool,Kyle Monangai,RB,False
1252802326628933632,League 1,17,5.0,7,NotKool,Tyler Shough,QB,True
1252802326628933632,League 1,17,5.0,7,NotKool,Keenan Allen,WR,False
1252802326628933632,League 1,17,5.0,7,NotKool,Chris Boswell,K,True
1252802326628933632,League 1,17,5.0,7,NotKool,Dak Prescott,QB,False
1252802326628933632,League 1,17,5.0,7,NotKool,T.J. Hockenson,TE,False
1252802326628933632,League 1,17,5.0,7,NotKool,Tony Pollard,RB,True
1252802326628933632,League 1,17,5.0,7,NotKool,Rico Dowdle,RB,True
1252802326628933632,League 1,17,5.0,7,NotKool,Kayshon Boutte,WR,False
1252802326628933632,League 1,17,5.0,7,NotKool,Zay Flowers,WR,True
1252802326628933632,League 1,17,5.0,7,NotKool,Denver Broncos,DEF,True
1252802326628933632,League 1,17,5.0,8,Shnickel,Emanuel Wilson,RB,False
1252802326628933632,League 1,17,5.0,8,Shnickel,Caleb Williams,QB,True
1252802326628933632,League 1,17,5.0,8,Shnickel,Jayden Daniels,QB,False
1252802326628933632,League 1,17,5.0,8,Shnickel,AJ Barner,TE,True
1252802326628933632,League 1,17,5.0,8,Shnickel,Brian Thomas,WR,True
1252802326628933632,League 1,17,5.0,8,Shnickel,Cam Little,K,True
1252802326628933632,League 1,17,5.0,8,Shnickel,RJ Harvey,RB,True
1252802326628933632,League 1,17,5.0,8,Shnickel,Ashton Jeanty,RB,True
1252802326628933632,League 1,17,5.0,8,Shnickel,Evan Engram,TE,False
1252802326628933632,League 1,17,5.0,8,Shnickel,Jerry Jeudy,WR,False
1252802326628933632,League 1,17,5.0,8,Shnickel,Tee Higgins,WR,False
1252802326628933632,League 1,17,5.0,8,Shnickel,Chuba Hubbard,RB,False
1252802326628933632,League 1,17,5.0,8,Shnickel,Alec Pierce,WR,False
1252802326628933632,League 1,17,5.0,8,Shnickel,Jameson Williams,WR,True
1252802326628933632,League 1,17,5.0,8,Shnickel,Jaylen Warren,RB,True
1252802326628933632,League 1,17,5.0,8,Shnickel,Washington Commanders,DEF,True
1252802326628933632,League 1,17,,9,HurricaneEich,Brandon Aubrey,K,True
1252802326628933632,League 1,17,,9,HurricaneEich,Colston Loveland,TE,False
1252802326628933632,League 1,17,,9,HurricaneEich,Davante Adams,WR,False
1252802326628933632,League 1,17,,9,HurricaneEich,Derrick Henry,RB,True
1252802326628933632,League 1,17,,9,HurricaneEich,Josh Jacobs,RB,True
1252802326628933632,League 1,17,,9,HurricaneEich,Deebo Samuel,WR,True
1252802326628933632,League 1,17,,9,HurricaneEich,Miles Sanders,RB,False
1252802326628933632,League 1,17,,9,HurricaneEich,Jordan Love,QB,False
1252802326628933632,League 1,17,,9,HurricaneEich,Jalen Hurts,QB,True
1252802326628933632,League 1,17,,9,HurricaneEich,DeVonta Smith,WR,True
1252802326628933632,League 1,17,,9,HurricaneEich,Michael Carter,RB,False
1252802326628933632,League 1,17,,9,HurricaneEich,Jake Ferguson,TE,True
1252802326628933632,League 1,17,,9,HurricaneEich,Marvin Mims,WR,False
1252802326628933632,League 1,17,,9,HurricaneEich,Josh Downs,WR,True
1252802326628933632,League 1,17,,9,HurricaneEich,Detroit Lions,DEF,False
1252802326628933632,League 1,17,,9,HurricaneEich,Tampa Bay Buccaneers,DEF,True
1252802326628933632,League 1,17,2.0,10,arturowong,Brock Bowers,TE,False
1252802326628933632,League 1,17,2.0,10,arturowong,Ladd McConkey,WR,False
1252802326628933632,League 1,17,2.0,10,arturowong,Ricky Pearsall,WR,False
1252802326628933632,League 1,17,2.0,10,arturowong,Tetairoa McMillan,WR,True
1252802326628933632,League 1,17,2.0,10,arturowong,Jason Myers,K,True
1252802326628933632,League 1,17,2.0,10,arturowong,Aaron Jones,RB,False
1252802326628933632,League 1,17,2.0,10,arturowong,Saquon Barkley,RB,True
1252802326628933632,League 1,17,2.0,10,arturowong,DJ Moore,WR,True
1252802326628933632,League 1,17,2.0,10,arturowong,Josh Allen,QB,True
1252802326628933632,League 1,17,2.0,10,arturowong,Kyle Pitts,TE,True
1252802326628933632,League 1,17,2.0,10,arturowong,Tyler Allgeier,RB,False
1252802326628933632,League 1,17,2.0,10,arturowong,Jaxon Smith-Njigba,WR,True
1252802326628933632,League 1,17,2.0,10,arturowong,Bijan Robinson,RB,True
1252802326628933632,League 1,17,2.0,10,arturowong,Buffalo Bills,DEF,False
1252802326628933632,League 1,17,2.0,10,arturowong,Los Angeles Rams,DEF,True
1252802326628933632,League 1,17,,11,ChexMixChester,Keon Coleman,WR,False
1252802326628933632,League 1,17,,11,ChexMixChester,Tyrone Tracy,RB,False
1252802326628933632,League 1,17,,11,ChexMixChester,Jaxson Dart,QB,True
1252802326628933632,League 1,17,,11,ChexMixChester,Quinshon Judkins,RB,True
1252802326628933632,League 1,17,,11,ChexMixChester,TreVeyon Henderson,RB,True
1252802326628933632,League 1,17,,11,ChexMixChester,Travis Kelce,TE,True
1252802326628933632,League 1,17,,11,ChexMixChester,Stefon Diggs,WR,True
1252802326628933632,League 1,17,,11,ChexMixChester,Jared Goff,QB,False
1252802326628933632,League 1,17,,11,ChexMixChester,Amon-Ra St. Brown,WR,True
1252802326628933632,League 1,17,,11,ChexMixChester,Rhamondre Stevenson,RB,False
1252802326628933632,League 1,17,,11,ChexMixChester,Drake London,WR,False
1252802326628933632,League 1,17,,11,ChexMixChester,Khalil Shakir,WR,False
1252802326628933632,League 1,17,,11,ChexMixChester,James Cook,RB,True
1252802326628933632,League 1,17,,11,ChexMixChester,Cameron Dicker,K,True
1252802326628933632,League 1,17,,11,ChexMixChester,Houston Texans,DEF,True
1252802326628933632,League 1,17,2.0,12,Vishiga,Theo Johnson,TE,False
1252802326628933632,League 1,17,2.0,12,Vishiga,Adonai Mitchell,WR,True
1252802326628933632,League 1,17,2.0,12,Vishiga,Ryan Flournoy,WR,False
1252802326628933632,League 1,17,2.0,12,Vishiga,Will Reichard,K,True
1252802326628933632,League 1,17,2.0,12,Vishiga,Jayden Higgins,WR,False
1252802326628933632,League 1,17,2.0,12,Vishiga,Chimere Dike,WR,False
1252802326628933632,League 1,17,2.0,12,Vishiga,Joe Burrow,QB,True
1252802326628933632,League 1,17,2.0,12,Vishiga,D'Andre Swift,RB,False
1252802326628933632,League 1,17,2.0,12,Vishiga,Justin Jefferson,WR,True
1252802326628933632,League 1,17,2.0,12,Vishiga,Kenneth Gainwell,RB,True
1252802326628933632,League 1,17,2.0,12,Vishiga,Javonte Williams,RB,True
1252802326628933632,League 1,17,2.0,12,Vishiga,Trey McBride,TE,True
1252802326628933632,League 1,17,2.0,12,Vishiga,Kyren Williams,RB,True
1252802326628933632,League 1,17,2.0,12,Vishiga,Cleveland Browns,DEF,False
1252802326628933632,League 1,17,2.0,12,Vishiga,Jacksonville Jaguars,DEF,True
1256316848832524288,League 2,1,2.0,1,Caseyp12,Ray Davis,RB,False
1256316848832524288,League 2,1,2.0,1,Caseyp12,Cam Little,K,True
1256316848832524288,League 2,1,2.0,1,Caseyp12,Ollie Gordon,RB,False
1256316848832524288,League 2,1,2.0,1,Caseyp12,Matthew Golden,WR,False
1256316848832524288,League 2,1,2.0,1,Caseyp12,Tetairoa McMillan,WR,True
1256316848832524288,League 2,1,2.0,1,Caseyp12,Kyle Monangai,RB,False
1256316848832524288,League 2,1,2.0,1,Caseyp12,Baker Mayfield,QB,True
1256316848832524288,League 2,1,2.0,1,Caseyp12,Mark Andrews,TE,True
1256316848832524288,League 2,1,2.0,1,Caseyp12,Courtland Sutton,WR,True
1256316848832524288,League 2,1,2.0,1,Caseyp12,D'Andre Swift,RB,False
1256316848832524288,League 2,1,2.0,1,Caseyp12,Drake London,WR,True
1256316848832524288,League 2,1,2.0,1,Caseyp12,Jordan Mason,RB,False
1256316848832524288,League 2,1,2.0,1,Caseyp12,Chase Brown,RB,True
1256316848832524288,League 2,1,2.0,1,Caseyp12,Brenton Strange,TE,False
1256316848832524288,League 2,1,2.0,1,Caseyp12,Jaxon Smith-Njigba,WR,True
1256316848832524288,League 2,1,2.0,1,Caseyp12,Josh Downs,WR,False
1256316848832524288,League 2,1,2.0,1,Caseyp12,Bijan Robinson,RB,True
1256316848832524288,League 2,1,2.0,1,Caseyp12,Arizona Cardinals,DEF,True
1256316848832524288,League 2,1,1.0,2,ZLoftis9,Jayden Higgins,WR,False
1256316848832524288,League 2,1,1.0,2,ZLoftis9,Omarion Hampton,RB,True
1256316848832524288,League 2,1,1.0,2,ZLoftis9,Emeka Egbuka,WR,False
1256316848832524288,League 2,1,1.0,2,ZLoftis9,Colston Loveland,TE,False
1256316848832524288,League 2,1,1.0,2,ZLoftis9,Ashton Jeanty,RB,True
1256316848832524288,League 2,1,1.0,2,ZLoftis9,Chris Boswell,K,True
1256316848832524288,League 2,1,1.0,2,ZLoftis9,Mike Evans,WR,True
1256316848832524288,League 2,1,1.0,2,ZLoftis9,Stefon Diggs,WR,False
1256316848832524288,League 2,1,1.0,2,ZLoftis9,Kareem Hunt,RB,False
1256316848832524288,League 2,1,1.0,2,ZLoftis9,James Conner,RB,True
1256316848832524288,League 2,1,1.0,2,ZLoftis9,Kyler Murray,QB,True
1256316848832524288,League 2,1,1.0,2,ZLoftis9,CeeDee Lamb,WR,True
1256316848832524288,League 2,1,1.0,2,ZLoftis9,Jake Ferguson,TE,True
1256316848832524288,League 2,1,1.0,2,ZLoftis9,Isiah Pacheco,RB,True
1256316848832524288,League 2,1,1.0,2,ZLoftis9,Rashid Shaheed,WR,False
1256316848832524288,League 2,1,1.0,2,ZLoftis9,Minnesota Vikings,DEF,True
1256316848832524288,League 2,1,1.0,3,PlayaHaterOTY,Jayden Daniels,QB,True
1256316848832524288,League 2,1,1.0,3,PlayaHaterOTY,Ricky Pearsall,WR,True
1256316848832524288,League 2,1,1.0,3,PlayaHaterOTY,Kaleb Johnson,RB,False
1256316848832524288,League 2,1,1.0,3,PlayaHaterOTY,Travis Hunter,WR,False
1256316848832524288,League 2,1,1.0,3,PlayaHaterOTY,Jacory Croskey-Merritt,RB,False
1256316848832524288,League 2,1,1.0,3,PlayaHaterOTY,David Njoku,TE,True
1256316848832524288,League 2,1,1.0,3,PlayaHaterOTY,Alvin Kamara,RB,True
1256316848832524288,League 2,1,1.0,3,PlayaHaterOTY,David Montgomery,RB,True
1256316848832524288,League 2,1,1.0,3,PlayaHaterOTY,Chase McLaughlin,K,True
1256316848832524288,League 2,1,1.0,3,PlayaHaterOTY,Jauan Jennings,WR,False
1256316848832524288,League 2,1,1.0,3,PlayaHaterOTY,Darnell Mooney,WR,False
1256316848832524288,League 2,1,1.0,3,PlayaHaterOTY,Amon-Ra St. Brown,WR,True
1256316848832524288,League 2,1,1.0,3,PlayaHaterOTY,Rhamondre Stevenson,RB,False
1256316848832524288,League 2,1,1.0,3,PlayaHaterOTY,Chris Olave,WR,True
1256316848832524288,League 2,1,1.0,3,PlayaHaterOTY,Puka Nacua,WR,True
1256316848832524288,League 2,1,1.0,3,PlayaHaterOTY,Kansas City Chiefs,DEF,True
1256316848832524288,League 2,1,4.0,4,Gonzo4537,Xavier Worthy,WR,True
1256316848832524288,League 2,1,4.0,4,Gonzo4537,Malik Nabers,WR,True
1256316848832524288,League 2,1,4.0,4,Gonzo4537,Tyler Warren,TE,False
1256316848832524288,League 2,1,4.0,4,Gonzo4537,TreVeyon Henderson,RB,True
1256316848832524288,League 2,1,4.0,4,Gonzo4537,Dak Prescott,QB,False
1256316848832524288,League 2,1,4.0,4,Gonzo4537,Joe Mixon,RB,False
1256316848832524288,League 2,1,4.0,4,Gonzo4537,Patrick Mahomes,QB,True
1256316848832524288,League 2,1,4.0,4,Gonzo4537,Evan Engram,TE,True
1256316848832524288,League 2,1,4.0,4,Gonzo4537,Jake Elliott,K,True
1256316848832524288,League 2,1,4.0,4,Gonzo4537,Calvin Ridley,WR,False
1256316848832524288,League 2,1,4.0,4,Gonzo4537,Nick Chubb,RB,False
1256316848832524288,League 2,1,4.0,4,Gonzo4537,Nico Collins,WR,True
1256316848832524288,League 2,1,4.0,4,Gonzo4537,Chuba Hubbard,RB,True
1256316848832524288,League 2,1,4.0,4,Gonzo4537,George Pickens,WR,True
1256316848832524288,League 2,1,4.0,4,Gonzo4537,Tyjae Spears,RB,False
1256316848832524288,League 2,1,4.0,4,Gonzo4537,Baltimore Ravens,DEF,True
1256316848832524288,League 2,1,5.0,5,aIexwright,Sam LaPorta,TE,True
1256316848832524288,League 2,1,5.0,5,aIexwright,Trey Benson,RB,False
1256316848832524288,League 2,1,5.0,5,aIexwright,Christian McCaffrey,RB,True
1256316848832524288,League 2,1,5.0,5,aIexwright,Chris Godwin,WR,False
1256316848832524288,League 2,1,5.0,5,aIexwright,Cooper Kupp,WR,False
1256316848832524288,League 2,1,5.0,5,aIexwright,Aaron Jones,RB,True
1256316848832524288,League 2,1,5.0,5,aIexwright,Younghoe Koo,K,True
1256316848832524288,League 2,1,5.0,5,aIexwright,Josh Allen,QB,True
1256316848832524288,League 2,1,5.0,5,aIexwright,DK Metcalf,WR,True
1256316848832524288,League 2,1,5.0,5,aIexwright,A.J. Brown,WR,True
1256316848832524288,League 2,1,5.0,5,aIexwright,Jaylen Waddle,WR,True
1256316848832524288,League 2,1,5.0,5,aIexwright,Travis Etienne,RB,False
1256316848832524288,League 2,1,5.0,5,aIexwright,Rashod Bateman,WR,False
1256316848832524288,League 2,1,5.0,5,aIexwright,Tyler Allgeier,RB,False
1256316848832524288,League 2,1,5.0,5,aIexwright,De'Von Achane,RB,True
1256316848832524288,League 2,1,5.0,5,aIexwright,Detroit Lions,DEF,True
1256316848832524288,League 2,1,4.0,6,dbrauer23,Brock Bowers,TE,True
1256316848832524288,League 2,1,4.0,6,dbrauer23,Quinshon Judkins,RB,False
1256316848832524288,League 2,1,4.0,6,dbrauer23,Luther Burden,WR,False
1256316848832524288,League 2,1,4.0,6,dbrauer23,Derrick Henry,RB,True
1256316848832524288,League 2,1,4.0,6,dbrauer23,Harrison Butker,K,True
1256316848832524288,League 2,1,4.0,6,dbrauer23,Deebo Samuel,WR,True
1256316848832524288,League 2,1,4.0,6,dbrauer23,Terry McLaurin,WR,True
1256316848832524288,League 2,1,4.0,6,dbrauer23,Jakobi Meyers,WR,False
1256316848832524288,League 2,1,4.0,6,dbrauer23,Joe Burrow,QB,True
1256316848832524288,League 2,1,4.0,6,dbrauer23,Tee Higgins,WR,True
1256316848832524288,League 2,1,4.0,6,dbrauer23,Michael Pittman,WR,False
1256316848832524288,League 2,1,4.0,6,dbrauer23,DeVonta Smith,WR,True
1256316848832524288,League 2,1,4.0,6,dbrauer23,Kyle Pitts,TE,False
1256316848832524288,League 2,1,4.0,6,dbrauer23,Rachaad White,RB,False
1256316848832524288,League 2,1,4.0,6,dbrauer23,Kyren Williams,RB,True
1256316848832524288,League 2,1,4.0,6,dbrauer23,Buffalo Bills,DEF,True
1256316848832524288,League 2,1,5.0,7,Spicymeatball69,Jayden Reed,WR,False
1256316848832524288,League 2,1,5.0,7,Spicymeatball69,Bo Nix,QB,True
1256316848832524288,League 2,1,5.0,7,Spicymeatball69,Brian Thomas,WR,True
1256316848832524288,League 2,1,5.0,7,Spicymeatball69,Isaac TeSlaa,WR,False
1256316848832524288,League 2,1,5.0,7,Spicymeatball69,Davante Adams,WR,True
1256316848832524288,League 2,1,5.0,7,Spicymeatball69,Ka'imi Fairbairn,K,True
1256316848832524288,League 2,1,5.0,7,Spicymeatball69,George Kittle,TE,True
1256316848832524288,League 2,1,5.0,7,Spicymeatball69,Brandon Aiyuk,WR,False
1256316848832524288,League 2,1,5.0,7,Spicymeatball69,Jonathan Taylor,RB,True
1256316848832524288,League 2,1,5.0,7,Spicymeatball69,Javonte Williams,RB,False
1256316848832524288,League 2,1,5.0,7,Spicymeatball69,Jameson Williams,WR,True
1256316848832524288,League 2,1,5.0,7,Spicymeatball69,Breece Hall,RB,True
1256316848832524288,League 2,1,5.0,7,Spicymeatball69,Jaylen Warren,RB,False
1256316848832524288,League 2,1,5.0,7,Spicymeatball69,Jahmyr Gibbs,RB,True
1256316848832524288,League 2,1,5.0,7,Spicymeatball69,Tucker Kraft,TE,False
1256316848832524288,League 2,1,5.0,7,Spicymeatball69,Jordan Addison,WR,False
1256316848832524288,League 2,1,5.0,7,Spicymeatball69,Pittsburgh Steelers,DEF,True
1256316848832524288,League 2,1,3.0,8,YourBeanFriend,Dalton Kincaid,TE,False
1256316848832524288,League 2,1,3.0,8,YourBeanFriend,Rome Odunze,WR,True
1256316848832524288,League 2,1,3.0,8,YourBeanFriend,Marvin Harrison,WR,True
1256316848832524288,League 2,1,3.0,8,YourBeanFriend,Ladd McConkey,WR,True
1256316848832524288,League 2,1,3.0,8,YourBeanFriend,Keon Coleman,WR,False
1256316848832524288,League 2,1,3.0,8,YourBeanFriend,Cam Skattebo,RB,False
1256316848832524288,League 2,1,3.0,8,YourBeanFriend,RJ Harvey,RB,False
1256316848832524288,League 2,1,3.0,8,YourBeanFriend,T.J. Hockenson,TE,True
1256316848832524288,League 2,1,3.0,8,YourBeanFriend,Josh Jacobs,RB,True
1256316848832524288,League 2,1,3.0,8,YourBeanFriend,Najee Harris,RB,False
1256316848832524288,League 2,1,3.0,8,YourBeanFriend,Ja'Marr Chase,WR,True
1256316848832524288,League 2,1,3.0,8,YourBeanFriend,Khalil Shakir,WR,False
1256316848832524288,League 2,1,3.0,8,YourBeanFriend,Kenneth Walker,RB,True
1256316848832524288,League 2,1,3.0,8,YourBeanFriend,Brock Purdy,QB,True
1256316848832524288,League 2,1,3.0,8,YourBeanFriend,Cameron Dicker,K,True
1256316848832524288,League 2,1,3.0,8,YourBeanFriend,Houston Texans,DEF,True
1256316848832524288,League 2,1,2.0,9,NotKool,Rashee Rice,WR,False
1256316848832524288,League 2,1,2.0,9,NotKool,Brandon Aubrey,K,True
1256316848832524288,League 2,1,2.0,9,NotKool,Tyrone Tracy,RB,True
1256316848832524288,League 2,1,2.0,9,NotKool,Elic Ayomanor,WR,False
1256316848832524288,League 2,1,2.0,9,NotKool,Tre' Harris,WR,False
1256316848832524288,League 2,1,2.0,9,NotKool,Keenan Allen,WR,True
1256316848832524288,League 2,1,2.0,9,NotKool,Lamar Jackson,QB,True
1256316848832524288,League 2,1,2.0,9,NotKool,DJ Moore,WR,True
1256316848832524288,League 2,1,2.0,9,NotKool,Tony Pollard,RB,True
1256316848832524288,League 2,1,2.0,9,NotKool,Justin Jefferson,WR,True
1256316848832524288,League 2,1,2.0,9,NotKool,Trey McBride,TE,True
1256316848832524288,League 2,1,2.0,9,NotKool,James Cook,RB,True
1256316848832524288,League 2,1,2.0,9,NotKool,Tank Bigsby,RB,False
1256316848832524288,League 2,1,2.0,9,NotKool,Marvin Mims,WR,False
1256316848832524288,League 2,1,2.0,9,NotKool,Zach Charbonnet,RB,False
1256316848832524288,League 2,1,2.0,9,NotKool,Denver Broncos,DEF,True
1256316848832524288,League 2,1,3.0,10,Nick0M,Jake Bates,K,True
1256316848832524288,League 2,1,3.0,10,Nick0M,Bucky Irving,RB,True
1256316848832524288,League 2,1,3.0,10,Nick0M,Bhayshul Tuten,RB,False
1256316848832524288,League 2,1,3.0,10,Nick0M,Travis Kelce,TE,True
1256316848832524288,League 2,1,3.0,10,Nick0M,Adam Thielen,WR,False
1256316848832524288,League 2,1,3.0,10,Nick0M,Jared Goff,QB,False
1256316848832524288,League 2,1,3.0,10,Nick0M,Tyreek Hill,WR,True
1256316848832524288,League 2,1,3.0,10,Nick0M,Austin Ekeler,RB,False
1256316848832524288,League 2,1,3.0,10,Nick0M,Saquon Barkley,RB,True
1256316848832524288,League 2,1,3.0,10,Nick0M,Jerry Jeudy,WR,True
1256316848832524288,League 2,1,3.0,10,Nick0M,J.K. Dobbins,RB,True
1256316848832524288,League 2,1,3.0,10,Nick0M,Jalen Hurts,QB,True
1256316848832524288,League 2,1,3.0,10,Nick0M,Garrett Wilson,WR,True
1256316848832524288,League 2,1,3.0,10,Nick0M,Brian Robinson,RB,False
1256316848832524288,League 2,1,3.0,10,Nick0M,Zay Flowers,WR,False
1256316848832524288,League 2,1,3.0,10,Nick0M,Philadelphia Eagles,DEF,True
1256316848832524288,League 2,2,2.0,1,Caseyp12,Cam Little,K,True
1256316848832524288,League 2,2,2.0,1,Caseyp12,Matthew Golden,WR,False
1256316848832524288,League 2,2,2.0,1,Caseyp12,Harold Fannin,TE,True
1256316848832524288,League 2,2,2.0,1,Caseyp12,Tetairoa McMillan,WR,True
1256316848832524288,League 2,2,2.0,1,Caseyp12,Baker Mayfield,QB,False
1256316848832524288,League 2,2,2.0,1,Caseyp12,Mark Andrews,TE,False
1256316848832524288,League 2,2,2.0,1,Caseyp12,Courtland Sutton,WR,True
1256316848832524288,League 2,2,2.0,1,Caseyp12,D'Andre Swift,RB,False
1256316848832524288,League 2,2,2.0,1,Caseyp12,Justin Herbert,QB,True
1256316848832524288,League 2,2,2.0,1,Caseyp12,Drake London,WR,True
1256316848832524288,League 2,2,2.0,1,Caseyp12,Jordan Mason,RB,False
1256316848832524288,League 2,2,2.0,1,Caseyp12,Chase Brown,RB,True
1256316848832524288,League 2,2,2.0,1,Caseyp12,Jaxon Smith-Njigba,WR,True
1256316848832524288,League 2,2,2.0,1,Caseyp12,Josh Downs,WR,False
1256316848832524288,League 2,2,2.0,1,Caseyp12,Bijan Robinson,RB,True
1256316848832524288,League 2,2,2.0,1,Caseyp12,San Francisco 49ers,DEF,True
1256316848832524288,League 2,2,1.0,2,ZLoftis9,Bucky Irving,RB,True
1256316848832524288,League 2,2,1.0,2,ZLoftis9,Malik Nabers,WR,True
1256316848832524288,League 2,2,1.0,2,ZLoftis9,Jayden Higgins,WR,False
1256316848832524288,League 2,2,1.0,2,ZLoftis9,Colston Loveland,TE,False
1256316848832524288,League 2,2,1.0,2,ZLoftis9,Ashton Jeanty,RB,True
1256316848832524288,League 2,2,1.0,2,ZLoftis9,Chris Boswell,K,True
1256316848832524288,League 2,2,1.0,2,ZLoftis9,Stefon Diggs,WR,False
1256316848832524288,League 2,2,1.0,2,ZLoftis9,Hunter Henry,TE,True
1256316848832524288,League 2,2,1.0,2,ZLoftis9,Tyreek Hill,WR,True
1256316848832524288,League 2,2,1.0,2,ZLoftis9,Kareem Hunt,RB,False
1256316848832524288,League 2,2,1.0,2,ZLoftis9,Nick Chubb,RB,False
1256316848832524288,League 2,2,1.0,2,ZLoftis9,Marquise Brown,WR,True
1256316848832524288,League 2,2,1.0,2,ZLoftis9,Kyler Murray,QB,True
1256316848832524288,League 2,2,1.0,2,ZLoftis9,CeeDee Lamb,WR,True
1256316848832524288,League 2,2,1.0,2,ZLoftis9,Brian Robinson,RB,False
1256316848832524288,League 2,2,1.0,2,ZLoftis9,Isiah Pacheco,RB,False
1256316848832524288,League 2,2,1.0,2,ZLoftis9,Minnesota Vikings,DEF,True
1256316848832524288,League 2,2,2.0,3,PlayaHaterOTY,Jayden Daniels,QB,True
1256316848832524288,League 2,2,2.0,3,PlayaHaterOTY,Ricky Pearsall,WR,True
1256316848832524288,League 2,2,2.0,3,PlayaHaterOTY,Kaleb Johnson,RB,False
1256316848832524288,League 2,2,2.0,3,PlayaHaterOTY,Travis Hunter,WR,True
1256316848832524288,League 2,2,2.0,3,PlayaHaterOTY,Jacory Croskey-Merritt,RB,False
1256316848832524288,League 2,2,2.0,3,PlayaHaterOTY,David Njoku,TE,True
1256316848832524288,League 2,2,2.0,3,PlayaHaterOTY,Alvin Kamara,RB,True
1256316848832524288,League 2,2,2.0,3,PlayaHaterOTY,David Montgomery,RB,True
1256316848832524288,League 2,2,2.0,3,PlayaHaterOTY,Chase McLaughlin,K,True
1256316848832524288,League 2,2,2.0,3,PlayaHaterOTY,Jauan Jennings,WR,False
1256316848832524288,League 2,2,2.0,3,PlayaHaterOTY,Darnell Mooney,WR,False
1256316848832524288,League 2,2,2.0,3,PlayaHaterOTY,Amon-Ra St. Brown,WR,True
1256316848832524288,League 2,2,2.0,3,PlayaHaterOTY,Rhamondre Stevenson,RB,False
1256316848832524288,League 2,2,2.0,3,PlayaHaterOTY,Chris Olave,WR,False
1256316848832524288,League 2,2,2.0,3,PlayaHaterOTY,Puka Nacua,WR,True
1256316848832524288,League 2,2,2.0,3,PlayaHaterOTY,Los Angeles Rams,DEF,True
1256316848832524288,League 2,2,5.0,4,Gonzo4537,Cedric Tillman,WR,True
1256316848832524288,League 2,2,5.0,4,Gonzo4537,Xavier Worthy,WR,False
1256316848832524288,League 2,2,5.0,4,Gonzo4537,Omarion Hampton,RB,True
1256316848832524288,League 2,2,5.0,4,Gonzo4537,Emeka Egbuka,WR,True
1256316848832524288,League 2,2,5.0,4,Gonzo4537,Tyler Warren,TE,True
1256316848832524288,League 2,2,5.0,4,Gonzo4537,TreVeyon Henderson,RB,False
1256316848832524288,League 2,2,5.0,4,Gonzo4537,Joe Mixon,RB,False
1256316848832524288,League 2,2,5.0,4,Gonzo4537,Patrick Mahomes,QB,True
1256316848832524288,League 2,2,5.0,4,Gonzo4537,Evan Engram,TE,False
1256316848832524288,League 2,2,5.0,4,Gonzo4537,Jake Elliott,K,True
1256316848832524288,League 2,2,5.0,4,Gonzo4537,Calvin Ridley,WR,False
1256316848832524288,League 2,2,5.0,4,Gonzo4537,Nico Collins,WR,True
1256316848832524288,League 2,2,5.0,4,Gonzo4537,Chuba Hubbard,RB,True
1256316848832524288,League 2,2,5.0,4,Gonzo4537,George Pickens,WR,True
1256316848832524288,League 2,2,5.0,4,Gonzo4537,Kayshon Boutte,WR,False
1256316848832524288,League 2,2,5.0,4,Gonzo4537,Baltimore Ravens,DEF,True
1256316848832524288,League 2,2,5.0,5,aIexwright,Sam LaPorta,TE,True
1256316848832524288,League 2,2,5.0,5,aIexwright,Trey Benson,RB,False
1256316848832524288,League 2,2,5.0,5,aIexwright,Spencer Shrader,K,True
1256316848832524288,League 2,2,5.0,5,aIexwright,Christian McCaffrey,RB,True
1256316848832524288,League 2,2,5.0,5,aIexwright,Chris Godwin,WR,False
1256316848832524288,League 2,2,5.0,5,aIexwright,Cooper Kupp,WR,False
1256316848832524288,League 2,2,5.0,5,aIexwright,Aaron Jones,RB,True
1256316848832524288,League 2,2,5.0,5,aIexwright,Josh Allen,QB,True
1256316848832524288,League 2,2,5.0,5,aIexwright,DK Metcalf,WR,True
1256316848832524288,League 2,2,5.0,5,aIexwright,A.J. Brown,WR,True
1256316848832524288,League 2,2,5.0,5,aIexwright,Jaylen Waddle,WR,False
1256316848832524288,League 2,2,5.0,5,aIexwright,Travis Etienne,RB,True
1256316848832524288,League 2,2,5.0,5,aIexwright,Rashod Bateman,WR,False
1256316848832524288,League 2,2,5.0,5,aIexwright,De'Von Achane,RB,True
1256316848832524288,League 2,2,5.0,5,aIexwright,Quentin Johnston,WR,False
1256316848832524288,League 2,2,5.0,5,aIexwright,Detroit Lions,DEF,True
1256316848832524288,League 2,2,3.0,6,dbrauer23,Brock Bowers,TE,True
1256316848832524288,League 2,2,3.0,6,dbrauer23,Quinshon Judkins,RB,False
1256316848832524288,League 2,2,3.0,6,dbrauer23,Luther Burden,WR,False
1256316848832524288,League 2,2,3.0,6,dbrauer23,Derrick Henry,RB,True
1256316848832524288,League 2,2,3.0,6,dbrauer23,Harrison Butker,K,True
1256316848832524288,League 2,2,3.0,6,dbrauer23,Deebo Samuel,WR,True
1256316848832524288,League 2,2,3.0,6,dbrauer23,Terry McLaurin,WR,True
1256316848832524288,League 2,2,3.0,6,dbrauer23,Jakobi Meyers,WR,True
1256316848832524288,League 2,2,3.0,6,dbrauer23,Joe Burrow,QB,True
1256316848832524288,League 2,2,3.0,6,dbrauer23,Tee Higgins,WR,True
1256316848832524288,League 2,2,3.0,6,dbrauer23,Michael Pittman,WR,False
1256316848832524288,League 2,2,3.0,6,dbrauer23,DeVonta Smith,WR,False
1256316848832524288,League 2,2,3.0,6,dbrauer23,Kyle Pitts,TE,False
1256316848832524288,League 2,2,3.0,6,dbrauer23,Rachaad White,RB,False
1256316848832524288,League 2,2,3.0,6,dbrauer23,Kyren Williams,RB,True
1256316848832524288,League 2,2,3.0,6,dbrauer23,Buffalo Bills,DEF,True
1256316848832524288,League 2,2,4.0,7,Spicymeatball69,Jayden Reed,WR,False
1256316848832524288,League 2,2,4.0,7,Spicymeatball69,Bo Nix,QB,False
1256316848832524288,League 2,2,4.0,7,Spicymeatball69,Brian Thomas,WR,True
1256316848832524288,League 2,2,4.0,7,Spicymeatball69,Davante Adams,WR,True
1256316848832524288,League 2,2,4.0,7,Spicymeatball69,Ka'imi Fairbairn,K,True
1256316848832524288,League 2,2,4.0,7,Spicymeatball69,George Kittle,TE,False
1256316848832524288,League 2,2,4.0,7,Spicymeatball69,Brandon Aiyuk,WR,False
1256316848832524288,League 2,2,4.0,7,Spicymeatball69,Jonathan Taylor,RB,True
1256316848832524288,League 2,2,4.0,7,Spicymeatball69,Javonte Williams,RB,True
1256316848832524288,League 2,2,4.0,7,Spicymeatball69,Justin Fields,QB,True
1256316848832524288,League 2,2,4.0,7,Spicymeatball69,Jameson Williams,WR,False
1256316848832524288,League 2,2,4.0,7,Spicymeatball69,Breece Hall,RB,True
1256316848832524288,League 2,2,4.0,7,Spicymeatball69,Jaylen Warren,RB,False
1256316848832524288,League 2,2,4.0,7,Spicymeatball69,Jahmyr Gibbs,RB,True
1256316848832524288,League 2,2,4.0,7,Spicymeatball69,Tucker Kraft,TE,True
1256316848832524288,League 2,2,4.0,7,Spicymeatball69,Jordan Addison,WR,False
1256316848832524288,League 2,2,4.0,7,Spicymeatball69,Pittsburgh Steelers,DEF,True
1256316848832524288,League 2,2,3.0,8,YourBeanFriend,Dalton Kincaid,TE,True
1256316848832524288,League 2,2,3.0,8,YourBeanFriend,Rome Odunze,WR,False
1256316848832524288,League 2,2,3.0,8,YourBeanFriend,Marvin Harrison,WR,True
1256316848832524288,League 2,2,3.0,8,YourBeanFriend,Ladd McConkey,WR,True
1256316848832524288,League 2,2,3.0,8,YourBeanFriend,Keon Coleman,WR,True
1256316848832524288,League 2,2,3.0,8,YourBeanFriend,RJ Harvey,RB,False
1256316848832524288,League 2,2,3.0,8,YourBeanFriend,T.J. Hockenson,TE,False
1256316848832524288,League 2,2,3.0,8,YourBeanFriend,Josh Jacobs,RB,True
1256316848832524288,League 2,2,3.0,8,YourBeanFriend,Daniel Jones,QB,True
1256316848832524288,League 2,2,3.0,8,YourBeanFriend,Najee Harris,RB,False
1256316848832524288,League 2,2,3.0,8,YourBeanFriend,Ja'Marr Chase,WR,True
1256316848832524288,League 2,2,3.0,8,YourBeanFriend,Khalil Shakir,WR,False
1256316848832524288,League 2,2,3.0,8,YourBeanFriend,Kenneth Walker,RB,True
1256316848832524288,League 2,2,3.0,8,YourBeanFriend,Brock Purdy,QB,False
1256316848832524288,League 2,2,3.0,8,YourBeanFriend,Cameron Dicker,K,True
1256316848832524288,League 2,2,3.0,8,YourBeanFriend,Houston Texans,DEF,True
1256316848832524288,League 2,2,1.0,9,NotKool,Rashee Rice,WR,False
1256316848832524288,League 2,2,1.0,9,NotKool,Brandon Aubrey,K,True
1256316848832524288,League 2,2,1.0,9,NotKool,Tyrone Tracy,RB,False
1256316848832524288,League 2,2,1.0,9,NotKool,Elic Ayomanor,WR,False
1256316848832524288,League 2,2,1.0,9,NotKool,Keenan Allen,WR,True
1256316848832524288,League 2,2,1.0,9,NotKool,Lamar Jackson,QB,True
1256316848832524288,League 2,2,1.0,9,NotKool,DJ Moore,WR,True
1256316848832524288,League 2,2,1.0,9,NotKool,Tony Pollard,RB,True
1256316848832524288,League 2,2,1.0,9,NotKool,Justin Jefferson,WR,True
1256316848832524288,League 2,2,1.0,9,NotKool,Calvin Austin,WR,False
1256316848832524288,League 2,2,1.0,9,NotKool,Trey McBride,TE,True
1256316848832524288,League 2,2,1.0,9,NotKool,James Cook,RB,True
1256316848832524288,League 2,2,1.0,9,NotKool,Tank Bigsby,RB,False
1256316848832524288,League 2,2,1.0,9,NotKool,Marvin Mims,WR,False
1256316848832524288,League 2,2,1.0,9,NotKool,Zach Charbonnet,RB,True
1256316848832524288,League 2,2,1.0,9,NotKool,Denver Broncos,DEF,True
1256316848832524288,League 2,2,4.0,10,Nick0M,Jake Bates,K,True
1256316848832524288,League 2,2,4.0,10,Nick0M,Will Shipley,RB,False
1256316848832524288,League 2,2,4.0,10,Nick0M,Bhayshul Tuten,RB,False
1256316848832524288,League 2,2,4.0,10,Nick0M,Travis Kelce,TE,True
1256316848832524288,League 2,2,4.0,10,Nick0M,Adam Thielen,WR,False
1256316848832524288,League 2,2,4.0,10,Nick0M,Mike Evans,WR,True
1256316848832524288,League 2,2,4.0,10,Nick0M,James Conner,RB,True
1256316848832524288,League 2,2,4.0,10,Nick0M,Austin Ekeler,RB,False
1256316848832524288,League 2,2,4.0,10,Nick0M,Saquon Barkley,RB,True
1256316848832524288,League 2,2,4.0,10,Nick0M,Jerry Jeudy,WR,False
1256316848832524288,League 2,2,4.0,10,Nick0M,J.K. Dobbins,RB,True
1256316848832524288,League 2,2,4.0,10,Nick0M,Jalen Hurts,QB,True
1256316848832524288,League 2,2,4.0,10,Nick0M,Garrett Wilson,WR,True
1256316848832524288,League 2,2,4.0,10,Nick0M,Rashid Shaheed,WR,False
1256316848832524288,League 2,2,4.0,10,Nick0M,Zay Flowers,WR,True
1256316848832524288,League 2,2,4.0,10,Nick0M,Arizona Cardinals,DEF,True
1256316848832524288,League 2,3,1.0,1,Caseyp12,Ricky Pearsall,WR,False
1256316848832524288,League 2,3,1.0,1,Caseyp12,Cam Little,K,True
1256316848832524288,League 2,3,1.0,1,Caseyp12,Cam Skattebo,RB,False
1256316848832524288,League 2,3,1.0,1,Caseyp12,Matthew Golden,WR,False
1256316848832524288,League 2,3,1.0,1,Caseyp12,Harold Fannin,TE,False
1256316848832524288,League 2,3,1.0,1,Caseyp12,Tetairoa McMillan,WR,True
1256316848832524288,League 2,3,1.0,1,Caseyp12,Baker Mayfield,QB,True
1256316848832524288,League 2,3,1.0,1,Caseyp12,Courtland Sutton,WR,False
1256316848832524288,League 2,3,1.0,1,Caseyp12,Justin Herbert,QB,False
1256316848832524288,League 2,3,1.0,1,Caseyp12,Juwan Johnson,TE,True
1256316848832524288,League 2,3,1.0,1,Caseyp12,Drake London,WR,True
1256316848832524288,League 2,3,1.0,1,Caseyp12,Jordan Mason,RB,True
1256316848832524288,League 2,3,1.0,1,Caseyp12,Chase Brown,RB,True
1256316848832524288,League 2,3,1.0,1,Caseyp12,Jaxon Smith-Njigba,WR,True
1256316848832524288,League 2,3,1.0,1,Caseyp12,Bijan Robinson,RB,True
1256316848832524288,League 2,3,1.0,1,Caseyp12,Indianapolis Colts,DEF,True
1256316848832524288,League 2,3,1.0,2,ZLoftis9,Caleb Williams,QB,True
1256316848832524288,League 2,3,1.0,2,ZLoftis9,Drake Maye,QB,False
1256316848832524288,League 2,3,1.0,2,ZLoftis9,Bucky Irving,RB,True
1256316848832524288,League 2,3,1.0,2,ZLoftis9,Malik Nabers,WR,True
1256316848832524288,League 2,3,1.0,2,ZLoftis9,Colston Loveland,TE,False
1256316848832524288,League 2,3,1.0,2,ZLoftis9,Ashton Jeanty,RB,True
1256316848832524288,League 2,3,1.0,2,ZLoftis9,Kyle Monangai,RB,False
1256316848832524288,League 2,3,1.0,2,ZLoftis9,Chris Boswell,K,True
1256316848832524288,League 2,3,1.0,2,ZLoftis9,Stefon Diggs,WR,False
1256316848832524288,League 2,3,1.0,2,ZLoftis9,Tyreek Hill,WR,True
1256316848832524288,League 2,3,1.0,2,ZLoftis9,Kareem Hunt,RB,False
1256316848832524288,League 2,3,1.0,2,ZLoftis9,Aaron Jones,RB,False
1256316848832524288,League 2,3,1.0,2,ZLoftis9,Nick Chubb,RB,False
1256316848832524288,League 2,3,1.0,2,ZLoftis9,Marquise Brown,WR,True
1256316848832524288,League 2,3,1.0,2,ZLoftis9,Devin Singletary,RB,False
1256316848832524288,League 2,3,1.0,2,ZLoftis9,CeeDee Lamb,WR,True
1256316848832524288,League 2,3,1.0,2,ZLoftis9,Rashod Bateman,WR,False
1256316848832524288,League 2,3,1.0,2,ZLoftis9,Jake Ferguson,TE,True
1256316848832524288,League 2,3,1.0,2,ZLoftis9,Tyquan Thornton,WR,False
1256316848832524288,League 2,3,1.0,2,ZLoftis9,Isiah Pacheco,RB,False
1256316848832524288,League 2,3,1.0,2,ZLoftis9,Dontayvion Wicks,WR,False
1256316848832524288,League 2,3,1.0,2,ZLoftis9,Minnesota Vikings,DEF,True
1256316848832524288,League 2,3,2.0,3,PlayaHaterOTY,Jayden Daniels,QB,False
1256316848832524288,League 2,3,2.0,3,PlayaHaterOTY,Travis Hunter,WR,False
1256316848832524288,League 2,3,2.0,3,PlayaHaterOTY,Jacory Croskey-Merritt,RB,False
1256316848832524288,League 2,3,2.0,3,PlayaHaterOTY,Tyler Loop,K,True
1256316848832524288,League 2,3,2.0,3,PlayaHaterOTY,David Njoku,TE,True
1256316848832524288,League 2,3,2.0,3,PlayaHaterOTY,Alvin Kamara,RB,True
1256316848832524288,League 2,3,2.0,3,PlayaHaterOTY,David Montgomery,RB,True
1256316848832524288,League 2,3,2.0,3,PlayaHaterOTY,D'Andre Swift,RB,False
1256316848832524288,League 2,3,2.0,3,PlayaHaterOTY,Jordan Love,QB,True
1256316848832524288,League 2,3,2.0,3,PlayaHaterOTY,Jauan Jennings,WR,False
1256316848832524288,League 2,3,2.0,3,PlayaHaterOTY,Amon-Ra St. Brown,WR,True
1256316848832524288,League 2,3,2.0,3,PlayaHaterOTY,Rhamondre Stevenson,RB,True
1256316848832524288,League 2,3,2.0,3,PlayaHaterOTY,Romeo Doubs,WR,False
1256316848832524288,League 2,3,2.0,3,PlayaHaterOTY,Chris Olave,WR,True
1256316848832524288,League 2,3,2.0,3,PlayaHaterOTY,Puka Nacua,WR,True
1256316848832524288,League 2,3,2.0,3,PlayaHaterOTY,Atlanta Falcons,DEF,True
1256316848832524288,League 2,3,3.0,4,Gonzo4537,Cedric Tillman,WR,False
1256316848832524288,League 2,3,3.0,4,Gonzo4537,Xavier Worthy,WR,False
1256316848832524288,League 2,3,3.0,4,Gonzo4537,Troy Franklin,WR,False
1256316848832524288,League 2,3,3.0,4,Gonzo4537,Omarion Hampton,RB,True
1256316848832524288,League 2,3,3.0,4,Gonzo4537,Emeka Egbuka,WR,True
1256316848832524288,League 2,3,3.0,4,Gonzo4537,Tyler Warren,TE,True
1256316848832524288,League 2,3,3.0,4,Gonzo4537,TreVeyon Henderson,RB,False
1256316848832524288,League 2,3,3.0,4,Gonzo4537,Joe Mixon,RB,False
1256316848832524288,League 2,3,3.0,4,Gonzo4537,Patrick Mahomes,QB,True
1256316848832524288,League 2,3,3.0,4,Gonzo4537,Jake Elliott,K,True
1256316848832524288,League 2,3,3.0,4,Gonzo4537,Calvin Ridley,WR,False
1256316848832524288,League 2,3,3.0,4,Gonzo4537,Nico Collins,WR,True
1256316848832524288,League 2,3,3.0,4,Gonzo4537,Chuba Hubbard,RB,True
1256316848832524288,League 2,3,3.0,4,Gonzo4537,Wan'Dale Robinson,WR,True
1256316848832524288,League 2,3,3.0,4,Gonzo4537,George Pickens,WR,True
1256316848832524288,League 2,3,3.0,4,Gonzo4537,Baltimore Ravens,DEF,True
1256316848832524288,League 2,3,4.0,5,aIexwright,Sam LaPorta,TE,True
1256316848832524288,League 2,3,4.0,5,aIexwright,Trey Benson,RB,False
1256316848832524288,League 2,3,4.0,5,aIexwright,Spencer Shrader,K,True
1256316848832524288,League 2,3,4.0,5,aIexwright,Zach Ertz,TE,False
1256316848832524288,League 2,3,4.0,5,aIexwright,Christian McCaffrey,RB,True
1256316848832524288,League 2,3,4.0,5,aIexwright,Chris Godwin,WR,False
1256316848832524288,League 2,3,4.0,5,aIexwright,Cooper Kupp,WR,False
1256316848832524288,League 2,3,4.0,5,aIexwright,Josh Allen,QB,True
1256316848832524288,League 2,3,4.0,5,aIexwright,DK Metcalf,WR,True
1256316848832524288,League 2,3,4.0,5,aIexwright,A.J. Brown,WR,True
1256316848832524288,League 2,3,4.0,5,aIexwright,Jaylen Waddle,WR,False
1256316848832524288,League 2,3,4.0,5,aIexwright,Travis Etienne,RB,True
1256316848832524288,League 2,3,4.0,5,aIexwright,Brian Robinson,RB,False
1256316848832524288,League 2,3,4.0,5,aIexwright,De'Von Achane,RB,True
1256316848832524288,League 2,3,4.0,5,aIexwright,Quentin Johnston,WR,True
1256316848832524288,League 2,3,4.0,5,aIexwright,San Francisco 49ers,DEF,True
1256316848832524288,League 2,3,5.0,6,dbrauer23,Brock Bowers,TE,True
1256316848832524288,League 2,3,5.0,6,dbrauer23,Quinshon Judkins,RB,False
1256316848832524288,League 2,3,5.0,6,dbrauer23,Jared Goff,QB,True
1256316848832524288,League 2,3,5.0,6,dbrauer23,Derrick Henry,RB,True
1256316848832524288,League 2,3,5.0,6,dbrauer23,Harrison Butker,K,True
1256316848832524288,League 2,3,5.0,6,dbrauer23,Deebo Samuel,WR,True
1256316848832524288,League 2,3,5.0,6,dbrauer23,Terry McLaurin,WR,True
1256316848832524288,League 2,3,5.0,6,dbrauer23,Jakobi Meyers,WR,True
1256316848832524288,League 2,3,5.0,6,dbrauer23,Joe Burrow,QB,False
1256316848832524288,League 2,3,5.0,6,dbrauer23,Tee Higgins,WR,True
1256316848832524288,League 2,3,5.0,6,dbrauer23,Michael Pittman,WR,False
1256316848832524288,League 2,3,5.0,6,dbrauer23,DeVonta Smith,WR,False
1256316848832524288,League 2,3,5.0,6,dbrauer23,Kyle Pitts,TE,False
1256316848832524288,League 2,3,5.0,6,dbrauer23,Rachaad White,RB,False
1256316848832524288,League 2,3,5.0,6,dbrauer23,Kyren Williams,RB,True
1256316848832524288,League 2,3,5.0,6,dbrauer23,Buffalo Bills,DEF,True
1256316848832524288,League 2,3,5.0,7,Spicymeatball69,Bo Nix,QB,False
1256316848832524288,League 2,3,5.0,7,Spicymeatball69,Brian Thomas,WR,True
1256316848832524288,League 2,3,5.0,7,Spicymeatball69,Davante Adams,WR,True
1256316848832524288,League 2,3,5.0,7,Spicymeatball69,Dak Prescott,QB,True
1256316848832524288,League 2,3,5.0,7,Spicymeatball69,Ka'imi Fairbairn,K,True
1256316848832524288,League 2,3,5.0,7,Spicymeatball69,George Kittle,TE,False
1256316848832524288,League 2,3,5.0,7,Spicymeatball69,Mark Andrews,TE,False
1256316848832524288,League 2,3,5.0,7,Spicymeatball69,Jonathan Taylor,RB,True
1256316848832524288,League 2,3,5.0,7,Spicymeatball69,Javonte Williams,RB,True
1256316848832524288,League 2,3,5.0,7,Spicymeatball69,Jameson Williams,WR,False
1256316848832524288,League 2,3,5.0,7,Spicymeatball69,Breece Hall,RB,True
1256316848832524288,League 2,3,5.0,7,Spicymeatball69,Jaylen Warren,RB,False
1256316848832524288,League 2,3,5.0,7,Spicymeatball69,Jahmyr Gibbs,RB,True
1256316848832524288,League 2,3,5.0,7,Spicymeatball69,Tucker Kraft,TE,True
1256316848832524288,League 2,3,5.0,7,Spicymeatball69,Jordan Addison,WR,False
1256316848832524288,League 2,3,5.0,7,Spicymeatball69,Green Bay Packers,DEF,True
1256316848832524288,League 2,3,5.0,7,Spicymeatball69,Pittsburgh Steelers,DEF,False
1256316848832524288,League 2,3,3.0,8,YourBeanFriend,Dalton Kincaid,TE,True
1256316848832524288,League 2,3,3.0,8,YourBeanFriend,Rome Odunze,WR,True
1256316848832524288,League 2,3,3.0,8,YourBeanFriend,Marvin Harrison,WR,True
1256316848832524288,League 2,3,3.0,8,YourBeanFriend,Ladd McConkey,WR,True
1256316848832524288,League 2,3,3.0,8,YourBeanFriend,Keon Coleman,WR,False
1256316848832524288,League 2,3,3.0,8,YourBeanFriend,RJ Harvey,RB,False
1256316848832524288,League 2,3,3.0,8,YourBeanFriend,T.J. Hockenson,TE,False
1256316848832524288,League 2,3,3.0,8,YourBeanFriend,Josh Jacobs,RB,True
1256316848832524288,League 2,3,3.0,8,YourBeanFriend,Daniel Jones,QB,True
1256316848832524288,League 2,3,3.0,8,YourBeanFriend,Najee Harris,RB,False
1256316848832524288,League 2,3,3.0,8,YourBeanFriend,Ja'Marr Chase,WR,True
1256316848832524288,League 2,3,3.0,8,YourBeanFriend,Khalil Shakir,WR,False
1256316848832524288,League 2,3,3.0,8,YourBeanFriend,Kenneth Walker,RB,True
1256316848832524288,League 2,3,3.0,8,YourBeanFriend,Brock Purdy,QB,False
1256316848832524288,League 2,3,3.0,8,YourBeanFriend,Cameron Dicker,K,True
1256316848832524288,League 2,3,3.0,8,YourBeanFriend,Houston Texans,DEF,True
1256316848832524288,League 2,3,2.0,9,NotKool,Rashee Rice,WR,False
1256316848832524288,League 2,3,2.0,9,NotKool,Brandon Aubrey,K,True
1256316848832524288,League 2,3,2.0,9,NotKool,Blake Corum,RB,False
1256316848832524288,League 2,3,2.0,9,NotKool,Tyrone Tracy,RB,False
1256316848832524288,League 2,3,2.0,9,NotKool,Elic Ayomanor,WR,True
1256316848832524288,League 2,3,2.0,9,NotKool,Keenan Allen,WR,True
1256316848832524288,League 2,3,2.0,9,NotKool,Lamar Jackson,QB,True
1256316848832524288,League 2,3,2.0,9,NotKool,DJ Moore,WR,True
1256316848832524288,League 2,3,2.0,9,NotKool,Tony Pollard,RB,True
1256316848832524288,League 2,3,2.0,9,NotKool,Justin Jefferson,WR,True
1256316848832524288,League 2,3,2.0,9,NotKool,Calvin Austin,WR,False
1256316848832524288,League 2,3,2.0,9,NotKool,Trey McBride,TE,True
1256316848832524288,League 2,3,2.0,9,NotKool,James Cook,RB,True
1256316848832524288,League 2,3,2.0,9,NotKool,Zach Charbonnet,RB,False
1256316848832524288,League 2,3,2.0,9,NotKool,Denver Broncos,DEF,False
1256316848832524288,League 2,3,2.0,9,NotKool,Seattle Seahawks,DEF,True
1256316848832524288,League 2,3,4.0,10,Nick0M,Jake Bates,K,True
1256316848832524288,League 2,3,4.0,10,Nick0M,Will Shipley,RB,False
1256316848832524288,League 2,3,4.0,10,Nick0M,Bhayshul Tuten,RB,False
1256316848832524288,League 2,3,4.0,10,Nick0M,Travis Kelce,TE,True
1256316848832524288,League 2,3,4.0,10,Nick0M,Adam Thielen,WR,False
1256316848832524288,League 2,3,4.0,10,Nick0M,Mike Evans,WR,True
1256316848832524288,League 2,3,4.0,10,Nick0M,James Conner,RB,True
1256316848832524288,League 2,3,4.0,10,Nick0M,Austin Ekeler,RB,False
1256316848832524288,League 2,3,4.0,10,Nick0M,Saquon Barkley,RB,True
1256316848832524288,League 2,3,4.0,10,Nick0M,Jake Browning,QB,False
1256316848832524288,League 2,3,4.0,10,Nick0M,Jerry Jeudy,WR,False
1256316848832524288,League 2,3,4.0,10,Nick0M,J.K. Dobbins,RB,True
1256316848832524288,League 2,3,4.0,10,Nick0M,Jalen Hurts,QB,True
1256316848832524288,League 2,3,4.0,10,Nick0M,Garrett Wilson,WR,True
1256316848832524288,League 2,3,4.0,10,Nick0M,Rashid Shaheed,WR,False
1256316848832524288,League 2,3,4.0,10,Nick0M,Zay Flowers,WR,True
1256316848832524288,League 2,3,4.0,10,Nick0M,Philadelphia Eagles,DEF,True
1256316848832524288,League 2,4,4.0,1,Caseyp12,Ricky Pearsall,WR,False
1256316848832524288,League 2,4,4.0,1,Caseyp12,Cam Little,K,True
1256316848832524288,League 2,4,4.0,1,Caseyp12,Woody Marks,RB,False
1256316848832524288,League 2,4,4.0,1,Caseyp12,Cam Skattebo,RB,True
1256316848832524288,League 2,4,4.0,1,Caseyp12,Matthew Golden,WR,False
1256316848832524288,League 2,4,4.0,1,Caseyp12,Tetairoa McMillan,WR,False
1256316848832524288,League 2,4,4.0,1,Caseyp12,Baker Mayfield,QB,False
1256316848832524288,League 2,4,4.0,1,Caseyp12,Courtland Sutton,WR,True
1256316848832524288,League 2,4,4.0,1,Caseyp12,Justin Herbert,QB,True
1256316848832524288,League 2,4,4.0,1,Caseyp12,Juwan Johnson,TE,True
1256316848832524288,League 2,4,4.0,1,Caseyp12,Drake London,WR,True
1256316848832524288,League 2,4,4.0,1,Caseyp12,Jordan Mason,RB,True
1256316848832524288,League 2,4,4.0,1,Caseyp12,Chase Brown,RB,False
1256316848832524288,League 2,4,4.0,1,Caseyp12,Jaxon Smith-Njigba,WR,True
1256316848832524288,League 2,4,4.0,1,Caseyp12,Bijan Robinson,RB,True
1256316848832524288,League 2,4,4.0,1,Caseyp12,Detroit Lions,DEF,True
1256316848832524288,League 2,4,1.0,2,ZLoftis9,Tre Tucker,WR,True
1256316848832524288,League 2,4,1.0,2,ZLoftis9,Caleb Williams,QB,True
1256316848832524288,League 2,4,1.0,2,ZLoftis9,Bucky Irving,RB,True
1256316848832524288,League 2,4,1.0,2,ZLoftis9,Malik Washington,WR,False
1256316848832524288,League 2,4,1.0,2,ZLoftis9,Malik Nabers,WR,True
1256316848832524288,League 2,4,1.0,2,ZLoftis9,Ladd McConkey,WR,True
1256316848832524288,League 2,4,1.0,2,ZLoftis9,Luke McCaffrey,WR,True
1256316848832524288,League 2,4,1.0,2,ZLoftis9,Ollie Gordon,RB,False
1256316848832524288,League 2,4,1.0,2,ZLoftis9,Ashton Jeanty,RB,True
1256316848832524288,League 2,4,1.0,2,ZLoftis9,Chris Boswell,K,True
1256316848832524288,League 2,4,1.0,2,ZLoftis9,Stefon Diggs,WR,False
1256316848832524288,League 2,4,1.0,2,ZLoftis9,Sterling Shepard,WR,False
1256316848832524288,League 2,4,1.0,2,ZLoftis9,Kareem Hunt,RB,False
1256316848832524288,League 2,4,1.0,2,ZLoftis9,Aaron Jones,RB,False
1256316848832524288,League 2,4,1.0,2,ZLoftis9,CeeDee Lamb,WR,False
1256316848832524288,League 2,4,1.0,2,ZLoftis9,Jake Ferguson,TE,True
1256316848832524288,League 2,4,1.0,2,ZLoftis9,Tyquan Thornton,WR,False
1256316848832524288,League 2,4,1.0,2,ZLoftis9,Isiah Pacheco,RB,False
1256316848832524288,League 2,4,1.0,2,ZLoftis9,Minnesota Vikings,DEF,True
1256316848832524288,League 2,4,2.0,3,PlayaHaterOTY,Jayden Daniels,QB,True
1256316848832524288,League 2,4,2.0,3,PlayaHaterOTY,Travis Hunter,WR,False
1256316848832524288,League 2,4,2.0,3,PlayaHaterOTY,Jacory Croskey-Merritt,RB,False
1256316848832524288,League 2,4,2.0,3,PlayaHaterOTY,Tyler Loop,K,True
1256316848832524288,League 2,4,2.0,3,PlayaHaterOTY,David Njoku,TE,True
1256316848832524288,League 2,4,2.0,3,PlayaHaterOTY,Alvin Kamara,RB,True
1256316848832524288,League 2,4,2.0,3,PlayaHaterOTY,David Montgomery,RB,True
1256316848832524288,League 2,4,2.0,3,PlayaHaterOTY,D'Andre Swift,RB,False
1256316848832524288,League 2,4,2.0,3,PlayaHaterOTY,Jauan Jennings,WR,True
1256316848832524288,League 2,4,2.0,3,PlayaHaterOTY,Amon-Ra St. Brown,WR,True
1256316848832524288,League 2,4,2.0,3,PlayaHaterOTY,Rhamondre Stevenson,RB,False
1256316848832524288,League 2,4,2.0,3,PlayaHaterOTY,Romeo Doubs,WR,False
1256316848832524288,League 2,4,2.0,3,PlayaHaterOTY,Tyler Allgeier,RB,False
1256316848832524288,League 2,4,2.0,3,PlayaHaterOTY,Chris Olave,WR,True
1256316848832524288,League 2,4,2.0,3,PlayaHaterOTY,Puka Nacua,WR,True
1256316848832524288,League 2,4,2.0,3,PlayaHaterOTY,New England Patriots,DEF,True
1256316848832524288,League 2,4,5.0,4,Gonzo4537,Cedric Tillman,WR,False
1256316848832524288,League 2,4,5.0,4,Gonzo4537,Xavier Worthy,WR,False
1256316848832524288,League 2,4,5.0,4,Gonzo4537,Troy Franklin,WR,False
1256316848832524288,League 2,4,5.0,4,Gonzo4537,Omarion Hampton,RB,True
1256316848832524288,League 2,4,5.0,4,Gonzo4537,Emeka Egbuka,WR,True
1256316848832524288,League 2,4,5.0,4,Gonzo4537,Tyler Warren,TE,True
1256316848832524288,League 2,4,5.0,4,Gonzo4537,TreVeyon Henderson,RB,False
1256316848832524288,League 2,4,5.0,4,Gonzo4537,Joe Mixon,RB,False
1256316848832524288,League 2,4,5.0,4,Gonzo4537,Patrick Mahomes,QB,True
1256316848832524288,League 2,4,5.0,4,Gonzo4537,Jake Elliott,K,True
1256316848832524288,League 2,4,5.0,4,Gonzo4537,Calvin Ridley,WR,False
1256316848832524288,League 2,4,5.0,4,Gonzo4537,Nico Collins,WR,True
1256316848832524288,League 2,4,5.0,4,Gonzo4537,Chuba Hubbard,RB,True
1256316848832524288,League 2,4,5.0,4,Gonzo4537,Wan'Dale Robinson,WR,True
1256316848832524288,League 2,4,5.0,4,Gonzo4537,George Pickens,WR,True
1256316848832524288,League 2,4,5.0,4,Gonzo4537,Baltimore Ravens,DEF,True
1256316848832524288,League 2,4,4.0,5,aIexwright,Sam LaPorta,TE,True
1256316848832524288,League 2,4,4.0,5,aIexwright,Trey Benson,RB,True
1256316848832524288,League 2,4,4.0,5,aIexwright,Spencer Shrader,K,True
1256316848832524288,League 2,4,4.0,5,aIexwright,Zach Ertz,TE,False
1256316848832524288,League 2,4,4.0,5,aIexwright,Christian McCaffrey,RB,True
1256316848832524288,League 2,4,4.0,5,aIexwright,Chris Godwin,WR,False
1256316848832524288,League 2,4,4.0,5,aIexwright,Cooper Kupp,WR,False
1256316848832524288,League 2,4,4.0,5,aIexwright,Josh Allen,QB,True
1256316848832524288,League 2,4,4.0,5,aIexwright,DK Metcalf,WR,False
1256316848832524288,League 2,4,4.0,5,aIexwright,A.J. Brown,WR,True
1256316848832524288,League 2,4,4.0,5,aIexwright,Jaylen Waddle,WR,True
1256316848832524288,League 2,4,4.0,5,aIexwright,Travis Etienne,RB,False
1256316848832524288,League 2,4,4.0,5,aIexwright,Brian Robinson,RB,False
1256316848832524288,League 2,4,4.0,5,aIexwright,De'Von Achane,RB,True
1256316848832524288,League 2,4,4.0,5,aIexwright,Quentin Johnston,WR,True
1256316848832524288,League 2,4,4.0,5,aIexwright,Los Angeles Chargers,DEF,True
1256316848832524288,League 2,4,3.0,6,dbrauer23,Brock Bowers,TE,True
1256316848832524288,League 2,4,3.0,6,dbrauer23,Quinshon Judkins,RB,True
1256316848832524288,League 2,4,3.0,6,dbrauer23,Jared Goff,QB,True
1256316848832524288,League 2,4,3.0,6,dbrauer23,Derrick Henry,RB,True
1256316848832524288,League 2,4,3.0,6,dbrauer23,Harrison Butker,K,True
1256316848832524288,League 2,4,3.0,6,dbrauer23,Deebo Samuel,WR,False
1256316848832524288,League 2,4,3.0,6,dbrauer23,Terry McLaurin,WR,False
1256316848832524288,League 2,4,3.0,6,dbrauer23,Jakobi Meyers,WR,True
1256316848832524288,League 2,4,3.0,6,dbrauer23,Joe Burrow,QB,False
1256316848832524288,League 2,4,3.0,6,dbrauer23,Tee Higgins,WR,False
1256316848832524288,League 2,4,3.0,6,dbrauer23,Michael Pittman,WR,True
1256316848832524288,League 2,4,3.0,6,dbrauer23,DeVonta Smith,WR,True
1256316848832524288,League 2,4,3.0,6,dbrauer23,Kyle Pitts,TE,False
1256316848832524288,League 2,4,3.0,6,dbrauer23,Rachaad White,RB,False
1256316848832524288,League 2,4,3.0,6,dbrauer23,Kyren Williams,RB,True
1256316848832524288,League 2,4,3.0,6,dbrauer23,Buffalo Bills,DEF,True
1256316848832524288,League 2,4,5.0,7,Spicymeatball69,Bo Nix,QB,False
1256316848832524288,League 2,4,5.0,7,Spicymeatball69,Drake Maye,QB,True
1256316848832524288,League 2,4,5.0,7,Spicymeatball69,Brian Thomas,WR,True
1256316848832524288,League 2,4,5.0,7,Spicymeatball69,Davante Adams,WR,True
1256316848832524288,League 2,4,5.0,7,Spicymeatball69,Hunter Henry,TE,True
1256316848832524288,League 2,4,5.0,7,Spicymeatball69,Ka'imi Fairbairn,K,True
1256316848832524288,League 2,4,5.0,7,Spicymeatball69,George Kittle,TE,False
1256316848832524288,League 2,4,5.0,7,Spicymeatball69,Jonathan Taylor,RB,True
1256316848832524288,League 2,4,5.0,7,Spicymeatball69,Javonte Williams,RB,True
1256316848832524288,League 2,4,5.0,7,Spicymeatball69,Justin Fields,QB,False
1256316848832524288,League 2,4,5.0,7,Spicymeatball69,Jameson Williams,WR,False
1256316848832524288,League 2,4,5.0,7,Spicymeatball69,Breece Hall,RB,True
1256316848832524288,League 2,4,5.0,7,Spicymeatball69,Jaylen Warren,RB,False
1256316848832524288,League 2,4,5.0,7,Spicymeatball69,Jahmyr Gibbs,RB,True
1256316848832524288,League 2,4,5.0,7,Spicymeatball69,Tucker Kraft,TE,False
1256316848832524288,League 2,4,5.0,7,Spicymeatball69,Josh Downs,WR,False
1256316848832524288,League 2,4,5.0,7,Spicymeatball69,Jordan Addison,WR,False
1256316848832524288,League 2,4,5.0,7,Spicymeatball69,Green Bay Packers,DEF,True
1256316848832524288,League 2,4,1.0,8,YourBeanFriend,Dalton Kincaid,TE,True
1256316848832524288,League 2,4,1.0,8,YourBeanFriend,Rome Odunze,WR,True
1256316848832524288,League 2,4,1.0,8,YourBeanFriend,Marvin Harrison,WR,True
1256316848832524288,League 2,4,1.0,8,YourBeanFriend,Keon Coleman,WR,False
1256316848832524288,League 2,4,1.0,8,YourBeanFriend,RJ Harvey,RB,False
1256316848832524288,League 2,4,1.0,8,YourBeanFriend,Tyreek Hill,WR,True
1256316848832524288,League 2,4,1.0,8,YourBeanFriend,Nick Chubb,RB,False
1256316848832524288,League 2,4,1.0,8,YourBeanFriend,T.J. Hockenson,TE,False
1256316848832524288,League 2,4,1.0,8,YourBeanFriend,Josh Jacobs,RB,True
1256316848832524288,League 2,4,1.0,8,YourBeanFriend,Daniel Jones,QB,False
1256316848832524288,League 2,4,1.0,8,YourBeanFriend,Ja'Marr Chase,WR,True
1256316848832524288,League 2,4,1.0,8,YourBeanFriend,Khalil Shakir,WR,False
1256316848832524288,League 2,4,1.0,8,YourBeanFriend,Kenneth Walker,RB,True
1256316848832524288,League 2,4,1.0,8,YourBeanFriend,Brock Purdy,QB,True
1256316848832524288,League 2,4,1.0,8,YourBeanFriend,Cameron Dicker,K,True
1256316848832524288,League 2,4,1.0,8,YourBeanFriend,Houston Texans,DEF,True
1256316848832524288,League 2,4,3.0,9,NotKool,Rashee Rice,WR,False
1256316848832524288,League 2,4,3.0,9,NotKool,Brandon Aubrey,K,True
1256316848832524288,League 2,4,3.0,9,NotKool,Blake Corum,RB,False
1256316848832524288,League 2,4,3.0,9,NotKool,Tory Horton,WR,False
1256316848832524288,League 2,4,3.0,9,NotKool,Elic Ayomanor,WR,True
1256316848832524288,League 2,4,3.0,9,NotKool,Keenan Allen,WR,True
1256316848832524288,League 2,4,3.0,9,NotKool,Lamar Jackson,QB,True
1256316848832524288,League 2,4,3.0,9,NotKool,DJ Moore,WR,True
1256316848832524288,League 2,4,3.0,9,NotKool,Tony Pollard,RB,True
1256316848832524288,League 2,4,3.0,9,NotKool,Justin Jefferson,WR,True
1256316848832524288,League 2,4,3.0,9,NotKool,Calvin Austin,WR,False
1256316848832524288,League 2,4,3.0,9,NotKool,Trey McBride,TE,True
1256316848832524288,League 2,4,3.0,9,NotKool,James Cook,RB,True
1256316848832524288,League 2,4,3.0,9,NotKool,Zach Charbonnet,RB,False
1256316848832524288,League 2,4,3.0,9,NotKool,Denver Broncos,DEF,False
1256316848832524288,League 2,4,3.0,9,NotKool,Seattle Seahawks,DEF,False
1256316848832524288,League 2,4,2.0,10,Nick0M,Bhayshul Tuten,RB,False
1256316848832524288,League 2,4,2.0,10,Nick0M,Travis Kelce,TE,True
1256316848832524288,League 2,4,2.0,10,Nick0M,Matt Prater,K,True
1256316848832524288,League 2,4,2.0,10,Nick0M,Mike Evans,WR,False
1256316848832524288,League 2,4,2.0,10,Nick0M,Saquon Barkley,RB,True
1256316848832524288,League 2,4,2.0,10,Nick0M,Christian Kirk,WR,False
1256316848832524288,League 2,4,2.0,10,Nick0M,Jerry Jeudy,WR,True
1256316848832524288,League 2,4,2.0,10,Nick0M,J.K. Dobbins,RB,True
1256316848832524288,League 2,4,2.0,10,Nick0M,Jalen Hurts,QB,True
1256316848832524288,League 2,4,2.0,10,Nick0M,Darnell Mooney,WR,False
1256316848832524288,League 2,4,2.0,10,Nick0M,Garrett Wilson,WR,True
1256316848832524288,League 2,4,2.0,10,Nick0M,Rashid Shaheed,WR,True
1256316848832524288,League 2,4,2.0,10,Nick0M,KaVontae Turpin,WR,False
1256316848832524288,League 2,4,2.0,10,Nick0M,Parker Washington,WR,False
1256316848832524288,League 2,4,2.0,10,Nick0M,Zay Flowers,WR,True
1256316848832524288,League 2,4,2.0,10,Nick0M,Philadelphia Eagles,DEF,True
1256316848832524288,League 2,5,4.0,1,Caseyp12,Ricky Pearsall,WR,False
1256316848832524288,League 2,5,4.0,1,Caseyp12,Woody Marks,RB,True
1256316848832524288,League 2,5,4.0,1,Caseyp12,Cam Skattebo,RB,True
1256316848832524288,League 2,5,4.0,1,Caseyp12,RJ Harvey,RB,False
1256316848832524288,League 2,5,4.0,1,Caseyp12,Matthew Golden,WR,False
1256316848832524288,League 2,5,4.0,1,Caseyp12,Tetairoa McMillan,WR,True
1256316848832524288,League 2,5,4.0,1,Caseyp12,Dak Prescott,QB,True
1256316848832524288,League 2,5,4.0,1,Caseyp12,Courtland Sutton,WR,True
1256316848832524288,League 2,5,4.0,1,Caseyp12,Chase McLaughlin,K,True
1256316848832524288,League 2,5,4.0,1,Caseyp12,Juwan Johnson,TE,True
1256316848832524288,League 2,5,4.0,1,Caseyp12,Rico Dowdle,RB,True
1256316848832524288,League 2,5,4.0,1,Caseyp12,Drake London,WR,False
1256316848832524288,League 2,5,4.0,1,Caseyp12,Jordan Mason,RB,False
1256316848832524288,League 2,5,4.0,1,Caseyp12,Jaxon Smith-Njigba,WR,True
1256316848832524288,League 2,5,4.0,1,Caseyp12,Bijan Robinson,RB,False
1256316848832524288,League 2,5,4.0,1,Caseyp12,Detroit Lions,DEF,True
1256316848832524288,League 2,5,4.0,1,Caseyp12,Green Bay Packers,DEF,False
1256316848832524288,League 2,5,1.0,2,ZLoftis9,Tre Tucker,WR,True
1256316848832524288,League 2,5,1.0,2,ZLoftis9,Emari Demercado,RB,False
1256316848832524288,League 2,5,1.0,2,ZLoftis9,Caleb Williams,QB,False
1256316848832524288,League 2,5,1.0,2,ZLoftis9,Bucky Irving,RB,False
1256316848832524288,League 2,5,1.0,2,ZLoftis9,Malik Washington,WR,True
1256316848832524288,League 2,5,1.0,2,ZLoftis9,Ladd McConkey,WR,True
1256316848832524288,League 2,5,1.0,2,ZLoftis9,Jaxson Dart,QB,True
1256316848832524288,League 2,5,1.0,2,ZLoftis9,Ashton Jeanty,RB,True
1256316848832524288,League 2,5,1.0,2,ZLoftis9,Stefon Diggs,WR,True
1256316848832524288,League 2,5,1.0,2,ZLoftis9,Jason Myers,K,True
1256316848832524288,League 2,5,1.0,2,ZLoftis9,Kareem Hunt,RB,False
1256316848832524288,League 2,5,1.0,2,ZLoftis9,Aaron Jones,RB,False
1256316848832524288,League 2,5,1.0,2,ZLoftis9,Kendrick Bourne,WR,False
1256316848832524288,League 2,5,1.0,2,ZLoftis9,CeeDee Lamb,WR,False
1256316848832524288,League 2,5,1.0,2,ZLoftis9,Jake Ferguson,TE,True
1256316848832524288,League 2,5,1.0,2,ZLoftis9,Isiah Pacheco,RB,False
1256316848832524288,League 2,5,1.0,2,ZLoftis9,Sean Tucker,RB,True
1256316848832524288,League 2,5,1.0,2,ZLoftis9,Minnesota Vikings,DEF,True
1256316848832524288,League 2,5,2.0,3,PlayaHaterOTY,Jayden Daniels,QB,True
1256316848832524288,League 2,5,2.0,3,PlayaHaterOTY,Travis Hunter,WR,False
1256316848832524288,League 2,5,2.0,3,PlayaHaterOTY,Jacory Croskey-Merritt,RB,False
1256316848832524288,League 2,5,2.0,3,PlayaHaterOTY,Tyler Loop,K,True
1256316848832524288,League 2,5,2.0,3,PlayaHaterOTY,Alvin Kamara,RB,True
1256316848832524288,League 2,5,2.0,3,PlayaHaterOTY,David Montgomery,RB,True
1256316848832524288,League 2,5,2.0,3,PlayaHaterOTY,Darius Slayton,WR,True
1256316848832524288,League 2,5,2.0,3,PlayaHaterOTY,D'Andre Swift,RB,False
1256316848832524288,League 2,5,2.0,3,PlayaHaterOTY,Jauan Jennings,WR,False
1256316848832524288,League 2,5,2.0,3,PlayaHaterOTY,Amon-Ra St. Brown,WR,True
1256316848832524288,League 2,5,2.0,3,PlayaHaterOTY,Rhamondre Stevenson,RB,False
1256316848832524288,League 2,5,2.0,3,PlayaHaterOTY,Romeo Doubs,WR,False
1256316848832524288,League 2,5,2.0,3,PlayaHaterOTY,Chris Olave,WR,True
1256316848832524288,League 2,5,2.0,3,PlayaHaterOTY,Brenton Strange,TE,True
1256316848832524288,League 2,5,2.0,3,PlayaHaterOTY,Puka Nacua,WR,True
1256316848832524288,League 2,5,2.0,3,PlayaHaterOTY,Cleveland Browns,DEF,True
1256316848832524288,League 2,5,3.0,4,Gonzo4537,Xavier Worthy,WR,True
1256316848832524288,League 2,5,3.0,4,Gonzo4537,Troy Franklin,WR,False
1256316848832524288,League 2,5,3.0,4,Gonzo4537,Omarion Hampton,RB,True
1256316848832524288,League 2,5,3.0,4,Gonzo4537,Emeka Egbuka,WR,True
1256316848832524288,League 2,5,3.0,4,Gonzo4537,Tyler Warren,TE,True
1256316848832524288,League 2,5,3.0,4,Gonzo4537,TreVeyon Henderson,RB,True
1256316848832524288,League 2,5,3.0,4,Gonzo4537,Darren Waller,TE,False
1256316848832524288,League 2,5,3.0,4,Gonzo4537,Joe Mixon,RB,False
1256316848832524288,League 2,5,3.0,4,Gonzo4537,Patrick Mahomes,QB,True
1256316848832524288,League 2,5,3.0,4,Gonzo4537,Jake Elliott,K,True
1256316848832524288,League 2,5,3.0,4,Gonzo4537,Calvin Ridley,WR,False
1256316848832524288,League 2,5,3.0,4,Gonzo4537,Nico Collins,WR,True
1256316848832524288,League 2,5,3.0,4,Gonzo4537,Chuba Hubbard,RB,False
1256316848832524288,League 2,5,3.0,4,Gonzo4537,Wan'Dale Robinson,WR,False
1256316848832524288,League 2,5,3.0,4,Gonzo4537,George Pickens,WR,True
1256316848832524288,League 2,5,3.0,4,Gonzo4537,Los Angeles Rams,DEF,True
1256316848832524288,League 2,5,5.0,5,aIexwright,Sam LaPorta,TE,True
1256316848832524288,League 2,5,5.0,5,aIexwright,Trey Benson,RB,False
1256316848832524288,League 2,5,5.0,5,aIexwright,Spencer Shrader,K,True
1256316848832524288,League 2,5,5.0,5,aIexwright,Zach Ertz,TE,False
1256316848832524288,League 2,5,5.0,5,aIexwright,Christian McCaffrey,RB,True
1256316848832524288,League 2,5,5.0,5,aIexwright,Chris Godwin,WR,True
1256316848832524288,League 2,5,5.0,5,aIexwright,Cooper Kupp,WR,False
1256316848832524288,League 2,5,5.0,5,aIexwright,Josh Allen,QB,True
1256316848832524288,League 2,5,5.0,5,aIexwright,DK Metcalf,WR,False
1256316848832524288,League 2,5,5.0,5,aIexwright,A.J. Brown,WR,False
1256316848832524288,League 2,5,5.0,5,aIexwright,Jaylen Waddle,WR,True
1256316848832524288,League 2,5,5.0,5,aIexwright,Travis Etienne,RB,True
1256316848832524288,League 2,5,5.0,5,aIexwright,Michael Carter,RB,False
1256316848832524288,League 2,5,5.0,5,aIexwright,Brian Robinson,RB,False
1256316848832524288,League 2,5,5.0,5,aIexwright,De'Von Achane,RB,True
1256316848832524288,League 2,5,5.0,5,aIexwright,Quentin Johnston,WR,True
1256316848832524288,League 2,5,5.0,5,aIexwright,Indianapolis Colts,DEF,True
1256316848832524288,League 2,5,5.0,6,dbrauer23,Brock Bowers,TE,False
1256316848832524288,League 2,5,5.0,6,dbrauer23,Harold Fannin,TE,True
1256316848832524288,League 2,5,5.0,6,dbrauer23,Quinshon Judkins,RB,True
1256316848832524288,League 2,5,5.0,6,dbrauer23,Jared Goff,QB,True
1256316848832524288,League 2,5,5.0,6,dbrauer23,Derrick Henry,RB,True
1256316848832524288,League 2,5,5.0,6,dbrauer23,Harrison Butker,K,True
1256316848832524288,League 2,5,5.0,6,dbrauer23,Deebo Samuel,WR,True
1256316848832524288,League 2,5,5.0,6,dbrauer23,Terry McLaurin,WR,False
1256316848832524288,League 2,5,5.0,6,dbrauer23,Jakobi Meyers,WR,True
1256316848832524288,League 2,5,5.0,6,dbrauer23,Joe Burrow,QB,False
1256316848832524288,League 2,5,5.0,6,dbrauer23,Tee Higgins,WR,False
1256316848832524288,League 2,5,5.0,6,dbrauer23,Michael Pittman,WR,True
1256316848832524288,League 2,5,5.0,6,dbrauer23,DeVonta Smith,WR,False
1256316848832524288,League 2,5,5.0,6,dbrauer23,Kyle Pitts,TE,False
1256316848832524288,League 2,5,5.0,6,dbrauer23,Rachaad White,RB,False
1256316848832524288,League 2,5,5.0,6,dbrauer23,Kyren Williams,RB,True
1256316848832524288,League 2,5,5.0,6,dbrauer23,Buffalo Bills,DEF,True
1256316848832524288,League 2,5,4.0,7,Spicymeatball69,Bo Nix,QB,False
1256316848832524288,League 2,5,4.0,7,Spicymeatball69,Drake Maye,QB,True
1256316848832524288,League 2,5,4.0,7,Spicymeatball69,Brian Thomas,WR,True
1256316848832524288,League 2,5,4.0,7,Spicymeatball69,Davante Adams,WR,True
1256316848832524288,League 2,5,4.0,7,Spicymeatball69,Hunter Henry,TE,True
1256316848832524288,League 2,5,4.0,7,Spicymeatball69,Ka'imi Fairbairn,K,True
1256316848832524288,League 2,5,4.0,7,Spicymeatball69,George Kittle,TE,False
1256316848832524288,League 2,5,4.0,7,Spicymeatball69,Baker Mayfield,QB,False
1256316848832524288,League 2,5,4.0,7,Spicymeatball69,Jonathan Taylor,RB,True
1256316848832524288,League 2,5,4.0,7,Spicymeatball69,Javonte Williams,RB,True
1256316848832524288,League 2,5,4.0,7,Spicymeatball69,Jameson Williams,WR,False
1256316848832524288,League 2,5,4.0,7,Spicymeatball69,Breece Hall,RB,True
1256316848832524288,League 2,5,4.0,7,Spicymeatball69,Jaylen Warren,RB,False
1256316848832524288,League 2,5,4.0,7,Spicymeatball69,Jahmyr Gibbs,RB,True
1256316848832524288,League 2,5,4.0,7,Spicymeatball69,Tucker Kraft,TE,False
1256316848832524288,League 2,5,4.0,7,Spicymeatball69,Jordan Addison,WR,False
1256316848832524288,League 2,5,4.0,7,Spicymeatball69,Arizona Cardinals,DEF,True
1256316848832524288,League 2,5,4.0,7,Spicymeatball69,Pittsburgh Steelers,DEF,False
1256316848832524288,League 2,5,2.0,8,YourBeanFriend,Dalton Kincaid,TE,True
1256316848832524288,League 2,5,2.0,8,YourBeanFriend,Rome Odunze,WR,False
1256316848832524288,League 2,5,2.0,8,YourBeanFriend,Marvin Harrison,WR,True
1256316848832524288,League 2,5,2.0,8,YourBeanFriend,Keon Coleman,WR,True
1256316848832524288,League 2,5,2.0,8,YourBeanFriend,Nick Chubb,RB,False
1256316848832524288,League 2,5,2.0,8,YourBeanFriend,T.J. Hockenson,TE,False
1256316848832524288,League 2,5,2.0,8,YourBeanFriend,Marquise Brown,WR,False
1256316848832524288,League 2,5,2.0,8,YourBeanFriend,Josh Jacobs,RB,False
1256316848832524288,League 2,5,2.0,8,YourBeanFriend,Ja'Marr Chase,WR,True
1256316848832524288,League 2,5,2.0,8,YourBeanFriend,Justin Fields,QB,True
1256316848832524288,League 2,5,2.0,8,YourBeanFriend,Khalil Shakir,WR,True
1256316848832524288,League 2,5,2.0,8,YourBeanFriend,Kenneth Walker,RB,True
1256316848832524288,League 2,5,2.0,8,YourBeanFriend,Brock Purdy,QB,False
1256316848832524288,League 2,5,2.0,8,YourBeanFriend,Cameron Dicker,K,True
1256316848832524288,League 2,5,2.0,8,YourBeanFriend,Chase Brown,RB,True
1256316848832524288,League 2,5,2.0,8,YourBeanFriend,Houston Texans,DEF,True
1256316848832524288,League 2,5,3.0,9,NotKool,Rashee Rice,WR,False
1256316848832524288,League 2,5,3.0,9,NotKool,Brandon Aubrey,K,True
1256316848832524288,League 2,5,3.0,9,NotKool,Blake Corum,RB,False
1256316848832524288,League 2,5,3.0,9,NotKool,Brashard Smith,RB,False
1256316848832524288,League 2,5,3.0,9,NotKool,Elic Ayomanor,WR,True
1256316848832524288,League 2,5,3.0,9,NotKool,Keenan Allen,WR,True
1256316848832524288,League 2,5,3.0,9,NotKool,Lamar Jackson,QB,False
1256316848832524288,League 2,5,3.0,9,NotKool,DJ Moore,WR,False
1256316848832524288,League 2,5,3.0,9,NotKool,Tony Pollard,RB,True
1256316848832524288,League 2,5,3.0,9,NotKool,Justin Jefferson,WR,True
1256316848832524288,League 2,5,3.0,9,NotKool,Justin Herbert,QB,True
1256316848832524288,League 2,5,3.0,9,NotKool,Trey McBride,TE,True
1256316848832524288,League 2,5,3.0,9,NotKool,James Cook,RB,True
1256316848832524288,League 2,5,3.0,9,NotKool,Zach Charbonnet,RB,False
1256316848832524288,League 2,5,3.0,9,NotKool,Kendre Miller,RB,True
1256316848832524288,League 2,5,3.0,9,NotKool,Denver Broncos,DEF,False
1256316848832524288,League 2,5,3.0,9,NotKool,Seattle Seahawks,DEF,True
1256316848832524288,League 2,5,1.0,10,Nick0M,Bhayshul Tuten,RB,False
1256316848832524288,League 2,5,1.0,10,Nick0M,Travis Kelce,TE,True
1256316848832524288,League 2,5,1.0,10,Nick0M,Matt Prater,K,True
1256316848832524288,League 2,5,1.0,10,Nick0M,Mike Evans,WR,False
1256316848832524288,League 2,5,1.0,10,Nick0M,Saquon Barkley,RB,True
1256316848832524288,League 2,5,1.0,10,Nick0M,Christian Kirk,WR,False
1256316848832524288,League 2,5,1.0,10,Nick0M,Jerry Jeudy,WR,True
1256316848832524288,League 2,5,1.0,10,Nick0M,J.K. Dobbins,RB,True
1256316848832524288,League 2,5,1.0,10,Nick0M,Jalen Hurts,QB,True
1256316848832524288,League 2,5,1.0,10,Nick0M,Darnell Mooney,WR,False
1256316848832524288,League 2,5,1.0,10,Nick0M,Kenneth Gainwell,RB,False
1256316848832524288,League 2,5,1.0,10,Nick0M,Garrett Wilson,WR,True
1256316848832524288,League 2,5,1.0,10,Nick0M,Rashid Shaheed,WR,True
1256316848832524288,League 2,5,1.0,10,Nick0M,KaVontae Turpin,WR,False
1256316848832524288,League 2,5,1.0,10,Nick0M,Zay Flowers,WR,True
1256316848832524288,League 2,5,1.0,10,Nick0M,Philadelphia Eagles,DEF,True
1256316848832524288,League 2,6,4.0,1,Caseyp12,Ricky Pearsall,WR,False
1256316848832524288,League 2,6,4.0,1,Caseyp12,Woody Marks,RB,False
1256316848832524288,League 2,6,4.0,1,Caseyp12,Cam Skattebo,RB,False
1256316848832524288,League 2,6,4.0,1,Caseyp12,RJ Harvey,RB,False
1256316848832524288,League 2,6,4.0,1,Caseyp12,Mason Taylor,TE,True
1256316848832524288,League 2,6,4.0,1,Caseyp12,Matthew Golden,WR,False
1256316848832524288,League 2,6,4.0,1,Caseyp12,Tetairoa McMillan,WR,True
1256316848832524288,League 2,6,4.0,1,Caseyp12,Dak Prescott,QB,True
1256316848832524288,League 2,6,4.0,1,Caseyp12,Courtland Sutton,WR,True
1256316848832524288,League 2,6,4.0,1,Caseyp12,Chase McLaughlin,K,True
1256316848832524288,League 2,6,4.0,1,Caseyp12,Rico Dowdle,RB,True
1256316848832524288,League 2,6,4.0,1,Caseyp12,Drake London,WR,True
1256316848832524288,League 2,6,4.0,1,Caseyp12,Jordan Mason,RB,False
1256316848832524288,League 2,6,4.0,1,Caseyp12,Jaxon Smith-Njigba,WR,True
1256316848832524288,League 2,6,4.0,1,Caseyp12,Bijan Robinson,RB,True
1256316848832524288,League 2,6,4.0,1,Caseyp12,Green Bay Packers,DEF,True
1256316848832524288,League 2,6,1.0,2,ZLoftis9,Tre Tucker,WR,True
1256316848832524288,League 2,6,1.0,2,ZLoftis9,Caleb Williams,QB,True
1256316848832524288,League 2,6,1.0,2,ZLoftis9,Bucky Irving,RB,False
1256316848832524288,League 2,6,1.0,2,ZLoftis9,Malik Washington,WR,False
1256316848832524288,League 2,6,1.0,2,ZLoftis9,Ladd McConkey,WR,True
1256316848832524288,League 2,6,1.0,2,ZLoftis9,Kimani Vidal,RB,True
1256316848832524288,League 2,6,1.0,2,ZLoftis9,Jaydon Blue,RB,False
1256316848832524288,League 2,6,1.0,2,ZLoftis9,Ashton Jeanty,RB,True
1256316848832524288,League 2,6,1.0,2,ZLoftis9,Kyle Monangai,RB,False
1256316848832524288,League 2,6,1.0,2,ZLoftis9,Chris Boswell,K,True
1256316848832524288,League 2,6,1.0,2,ZLoftis9,Stefon Diggs,WR,True
1256316848832524288,League 2,6,1.0,2,ZLoftis9,Kareem Hunt,RB,False
1256316848832524288,League 2,6,1.0,2,ZLoftis9,Aaron Jones,RB,False
1256316848832524288,League 2,6,1.0,2,ZLoftis9,Kendrick Bourne,WR,True
1256316848832524288,League 2,6,1.0,2,ZLoftis9,CeeDee Lamb,WR,False
1256316848832524288,League 2,6,1.0,2,ZLoftis9,Jake Ferguson,TE,True
1256316848832524288,League 2,6,1.0,2,ZLoftis9,Isiah Pacheco,RB,False
1256316848832524288,League 2,6,1.0,2,ZLoftis9,New England Patriots,DEF,True
1256316848832524288,League 2,6,2.0,3,PlayaHaterOTY,Jayden Daniels,QB,True
1256316848832524288,League 2,6,2.0,3,PlayaHaterOTY,Travis Hunter,WR,False
1256316848832524288,League 2,6,2.0,3,PlayaHaterOTY,Jacory Croskey-Merritt,RB,True
1256316848832524288,League 2,6,2.0,3,PlayaHaterOTY,Alvin Kamara,RB,False
1256316848832524288,League 2,6,2.0,3,PlayaHaterOTY,Dallas Goedert,TE,True
1256316848832524288,League 2,6,2.0,3,PlayaHaterOTY,Michael Badgley,K,True
1256316848832524288,League 2,6,2.0,3,PlayaHaterOTY,David Montgomery,RB,True
1256316848832524288,League 2,6,2.0,3,PlayaHaterOTY,Darius Slayton,WR,False
1256316848832524288,League 2,6,2.0,3,PlayaHaterOTY,D'Andre Swift,RB,True
1256316848832524288,League 2,6,2.0,3,PlayaHaterOTY,Jauan Jennings,WR,False
1256316848832524288,League 2,6,2.0,3,PlayaHaterOTY,Amon-Ra St. Brown,WR,True
1256316848832524288,League 2,6,2.0,3,PlayaHaterOTY,Rhamondre Stevenson,RB,False
1256316848832524288,League 2,6,2.0,3,PlayaHaterOTY,Romeo Doubs,WR,False
1256316848832524288,League 2,6,2.0,3,PlayaHaterOTY,Chris Olave,WR,True
1256316848832524288,League 2,6,2.0,3,PlayaHaterOTY,Puka Nacua,WR,True
1256316848832524288,League 2,6,2.0,3,PlayaHaterOTY,Detroit Lions,DEF,True
1256316848832524288,League 2,6,2.0,4,Gonzo4537,Xavier Worthy,WR,True
1256316848832524288,League 2,6,2.0,4,Gonzo4537,Troy Franklin,WR,False
1256316848832524288,League 2,6,2.0,4,Gonzo4537,Omarion Hampton,RB,False
1256316848832524288,League 2,6,2.0,4,Gonzo4537,Emeka Egbuka,WR,True
1256316848832524288,League 2,6,2.0,4,Gonzo4537,Tyler Warren,TE,True
1256316848832524288,League 2,6,2.0,4,Gonzo4537,TreVeyon Henderson,RB,True
1256316848832524288,League 2,6,2.0,4,Gonzo4537,Darren Waller,TE,False
1256316848832524288,League 2,6,2.0,4,Gonzo4537,Patrick Mahomes,QB,True
1256316848832524288,League 2,6,2.0,4,Gonzo4537,Jake Elliott,K,True
1256316848832524288,League 2,6,2.0,4,Gonzo4537,Calvin Ridley,WR,False
1256316848832524288,League 2,6,2.0,4,Gonzo4537,Nico Collins,WR,False
1256316848832524288,League 2,6,2.0,4,Gonzo4537,Chuba Hubbard,RB,False
1256316848832524288,League 2,6,2.0,4,Gonzo4537,Wan'Dale Robinson,WR,True
1256316848832524288,League 2,6,2.0,4,Gonzo4537,Tyler Allgeier,RB,True
1256316848832524288,League 2,6,2.0,4,Gonzo4537,George Pickens,WR,True
1256316848832524288,League 2,6,2.0,4,Gonzo4537,Tyjae Spears,RB,False
1256316848832524288,League 2,6,2.0,4,Gonzo4537,Los Angeles Rams,DEF,True
1256316848832524288,League 2,6,5.0,5,aIexwright,Sam LaPorta,TE,True
1256316848832524288,League 2,6,5.0,5,aIexwright,Trey Benson,RB,False
1256316848832524288,League 2,6,5.0,5,aIexwright,Zach Ertz,TE,False
1256316848832524288,League 2,6,5.0,5,aIexwright,Christian McCaffrey,RB,True
1256316848832524288,League 2,6,5.0,5,aIexwright,Chris Godwin,WR,False
1256316848832524288,League 2,6,5.0,5,aIexwright,Cooper Kupp,WR,False
1256316848832524288,League 2,6,5.0,5,aIexwright,Josh Allen,QB,True
1256316848832524288,League 2,6,5.0,5,aIexwright,Eddy Pineiro,K,True
1256316848832524288,League 2,6,5.0,5,aIexwright,DK Metcalf,WR,True
1256316848832524288,League 2,6,5.0,5,aIexwright,A.J. Brown,WR,True
1256316848832524288,League 2,6,5.0,5,aIexwright,Jaylen Waddle,WR,True
1256316848832524288,League 2,6,5.0,5,aIexwright,Travis Etienne,RB,True
1256316848832524288,League 2,6,5.0,5,aIexwright,Michael Carter,RB,False
1256316848832524288,League 2,6,5.0,5,aIexwright,Hassan Haskins,RB,False
1256316848832524288,League 2,6,5.0,5,aIexwright,De'Von Achane,RB,True
1256316848832524288,League 2,6,5.0,5,aIexwright,Quentin Johnston,WR,False
1256316848832524288,League 2,6,5.0,5,aIexwright,Indianapolis Colts,DEF,True
1256316848832524288,League 2,6,1.0,6,dbrauer23,Brock Bowers,TE,False
1256316848832524288,League 2,6,1.0,6,dbrauer23,Harold Fannin,TE,True
1256316848832524288,League 2,6,1.0,6,dbrauer23,Quinshon Judkins,RB,True
1256316848832524288,League 2,6,1.0,6,dbrauer23,Jared Goff,QB,True
1256316848832524288,League 2,6,1.0,6,dbrauer23,Derrick Henry,RB,True
1256316848832524288,League 2,6,1.0,6,dbrauer23,Harrison Butker,K,True
1256316848832524288,League 2,6,1.0,6,dbrauer23,Deebo Samuel,WR,True
1256316848832524288,League 2,6,1.0,6,dbrauer23,Terry McLaurin,WR,False
1256316848832524288,League 2,6,1.0,6,dbrauer23,Jakobi Meyers,WR,True
1256316848832524288,League 2,6,1.0,6,dbrauer23,Joe Burrow,QB,False
1256316848832524288,League 2,6,1.0,6,dbrauer23,Tee Higgins,WR,False
1256316848832524288,League 2,6,1.0,6,dbrauer23,Michael Pittman,WR,False
1256316848832524288,League 2,6,1.0,6,dbrauer23,DeVonta Smith,WR,False
1256316848832524288,League 2,6,1.0,6,dbrauer23,Kyle Pitts,TE,False
1256316848832524288,League 2,6,1.0,6,dbrauer23,Rachaad White,RB,True
1256316848832524288,League 2,6,1.0,6,dbrauer23,Kyren Williams,RB,True
1256316848832524288,League 2,6,1.0,6,dbrauer23,Buffalo Bills,DEF,True
1256316848832524288,League 2,6,3.0,7,Spicymeatball69,Drake Maye,QB,True
1256316848832524288,League 2,6,3.0,7,Spicymeatball69,Brian Thomas,WR,True
1256316848832524288,League 2,6,3.0,7,Spicymeatball69,Davante Adams,WR,True
1256316848832524288,League 2,6,3.0,7,Spicymeatball69,Hunter Henry,TE,False
1256316848832524288,League 2,6,3.0,7,Spicymeatball69,Ka'imi Fairbairn,K,False
1256316848832524288,League 2,6,3.0,7,Spicymeatball69,George Kittle,TE,False
1256316848832524288,League 2,6,3.0,7,Spicymeatball69,Baker Mayfield,QB,False
1256316848832524288,League 2,6,3.0,7,Spicymeatball69,Matt Gay,K,True
1256316848832524288,League 2,6,3.0,7,Spicymeatball69,Jonathan Taylor,RB,True
1256316848832524288,League 2,6,3.0,7,Spicymeatball69,Javonte Williams,RB,True
1256316848832524288,League 2,6,3.0,7,Spicymeatball69,Jameson Williams,WR,False
1256316848832524288,League 2,6,3.0,7,Spicymeatball69,Breece Hall,RB,True
1256316848832524288,League 2,6,3.0,7,Spicymeatball69,Jaylen Warren,RB,False
1256316848832524288,League 2,6,3.0,7,Spicymeatball69,Jahmyr Gibbs,RB,True
1256316848832524288,League 2,6,3.0,7,Spicymeatball69,Tucker Kraft,TE,True
1256316848832524288,League 2,6,3.0,7,Spicymeatball69,Jordan Addison,WR,False
1256316848832524288,League 2,6,3.0,7,Spicymeatball69,Pittsburgh Steelers,DEF,True
1256316848832524288,League 2,6,5.0,8,YourBeanFriend,Dalton Kincaid,TE,True
1256316848832524288,League 2,6,5.0,8,YourBeanFriend,Rome Odunze,WR,True
1256316848832524288,League 2,6,5.0,8,YourBeanFriend,Marvin Harrison,WR,True
1256316848832524288,League 2,6,5.0,8,YourBeanFriend,Keon Coleman,WR,False
1256316848832524288,League 2,6,5.0,8,YourBeanFriend,Nick Chubb,RB,False
1256316848832524288,League 2,6,5.0,8,YourBeanFriend,T.J. Hockenson,TE,False
1256316848832524288,League 2,6,5.0,8,YourBeanFriend,Marquise Brown,WR,False
1256316848832524288,League 2,6,5.0,8,YourBeanFriend,Josh Jacobs,RB,True
1256316848832524288,League 2,6,5.0,8,YourBeanFriend,Ja'Marr Chase,WR,True
1256316848832524288,League 2,6,5.0,8,YourBeanFriend,Justin Fields,QB,True
1256316848832524288,League 2,6,5.0,8,YourBeanFriend,Khalil Shakir,WR,False
1256316848832524288,League 2,6,5.0,8,YourBeanFriend,Kenneth Walker,RB,True
1256316848832524288,League 2,6,5.0,8,YourBeanFriend,Brock Purdy,QB,False
1256316848832524288,League 2,6,5.0,8,YourBeanFriend,Cameron Dicker,K,True
1256316848832524288,League 2,6,5.0,8,YourBeanFriend,Chase Brown,RB,True
1256316848832524288,League 2,6,5.0,8,YourBeanFriend,Jacksonville Jaguars,DEF,True
1256316848832524288,League 2,6,3.0,9,NotKool,Rashee Rice,WR,False
1256316848832524288,League 2,6,3.0,9,NotKool,Brandon Aubrey,K,True
1256316848832524288,League 2,6,3.0,9,NotKool,Tory Horton,WR,False
1256316848832524288,League 2,6,3.0,9,NotKool,Elic Ayomanor,WR,True
1256316848832524288,League 2,6,3.0,9,NotKool,Keenan Allen,WR,True
1256316848832524288,League 2,6,3.0,9,NotKool,Matthew Stafford,QB,True
1256316848832524288,League 2,6,3.0,9,NotKool,Lamar Jackson,QB,False
1256316848832524288,League 2,6,3.0,9,NotKool,DJ Moore,WR,True
1256316848832524288,League 2,6,3.0,9,NotKool,Tony Pollard,RB,True
1256316848832524288,League 2,6,3.0,9,NotKool,Justin Jefferson,WR,False
1256316848832524288,League 2,6,3.0,9,NotKool,Trey McBride,TE,True
1256316848832524288,League 2,6,3.0,9,NotKool,James Cook,RB,True
1256316848832524288,League 2,6,3.0,9,NotKool,Jake Tonges,TE,True
1256316848832524288,League 2,6,3.0,9,NotKool,Zach Charbonnet,RB,False
1256316848832524288,League 2,6,3.0,9,NotKool,Kendre Miller,RB,False
1256316848832524288,League 2,6,3.0,9,NotKool,Denver Broncos,DEF,True
1256316848832524288,League 2,6,4.0,10,Nick0M,Bhayshul Tuten,RB,False
1256316848832524288,League 2,6,4.0,10,Nick0M,Travis Kelce,TE,True
1256316848832524288,League 2,6,4.0,10,Nick0M,Matt Prater,K,True
1256316848832524288,League 2,6,4.0,10,Nick0M,Mike Evans,WR,False
1256316848832524288,League 2,6,4.0,10,Nick0M,Saquon Barkley,RB,True
1256316848832524288,League 2,6,4.0,10,Nick0M,Christian Kirk,WR,False
1256316848832524288,League 2,6,4.0,10,Nick0M,Jerry Jeudy,WR,True
1256316848832524288,League 2,6,4.0,10,Nick0M,J.K. Dobbins,RB,True
1256316848832524288,League 2,6,4.0,10,Nick0M,Jalen Hurts,QB,True
1256316848832524288,League 2,6,4.0,10,Nick0M,Darnell Mooney,WR,False
1256316848832524288,League 2,6,4.0,10,Nick0M,Kenneth Gainwell,RB,False
1256316848832524288,League 2,6,4.0,10,Nick0M,Garrett Wilson,WR,True
1256316848832524288,League 2,6,4.0,10,Nick0M,Rashid Shaheed,WR,True
1256316848832524288,League 2,6,4.0,10,Nick0M,KaVontae Turpin,WR,False
1256316848832524288,League 2,6,4.0,10,Nick0M,Zay Flowers,WR,True
1256316848832524288,League 2,6,4.0,10,Nick0M,Philadelphia Eagles,DEF,True
1256316848832524288,League 2,7,4.0,1,Caseyp12,Ricky Pearsall,WR,False
1256316848832524288,League 2,7,4.0,1,Caseyp12,Tyrone Tracy,RB,False
1256316848832524288,League 2,7,4.0,1,Caseyp12,Woody Marks,RB,False
1256316848832524288,League 2,7,4.0,1,Caseyp12,Cam Skattebo,RB,True
1256316848832524288,League 2,7,4.0,1,Caseyp12,Jayden Higgins,WR,False
1256316848832524288,League 2,7,4.0,1,Caseyp12,Matthew Golden,WR,False
1256316848832524288,League 2,7,4.0,1,Caseyp12,Luther Burden,WR,False
1256316848832524288,League 2,7,4.0,1,Caseyp12,Tetairoa McMillan,WR,False
1256316848832524288,League 2,7,4.0,1,Caseyp12,Dak Prescott,QB,True
1256316848832524288,League 2,7,4.0,1,Caseyp12,Chase McLaughlin,K,True
1256316848832524288,League 2,7,4.0,1,Caseyp12,Rico Dowdle,RB,True
1256316848832524288,League 2,7,4.0,1,Caseyp12,Drake London,WR,True
1256316848832524288,League 2,7,4.0,1,Caseyp12,Trey McBride,TE,True
1256316848832524288,League 2,7,4.0,1,Caseyp12,Jordan Mason,RB,True
1256316848832524288,League 2,7,4.0,1,Caseyp12,Jaxon Smith-Njigba,WR,True
1256316848832524288,League 2,7,4.0,1,Caseyp12,Bijan Robinson,RB,True
1256316848832524288,League 2,7,4.0,1,Caseyp12,Zach Charbonnet,RB,False
1256316848832524288,League 2,7,4.0,1,Caseyp12,Kansas City Chiefs,DEF,True
1256316848832524288,League 2,7,1.0,2,ZLoftis9,Tre Tucker,WR,True
1256316848832524288,League 2,7,1.0,2,ZLoftis9,Caleb Williams,QB,True
1256316848832524288,League 2,7,1.0,2,ZLoftis9,Bucky Irving,RB,False
1256316848832524288,League 2,7,1.0,2,ZLoftis9,Malik Washington,WR,False
1256316848832524288,League 2,7,1.0,2,ZLoftis9,Ladd McConkey,WR,True
1256316848832524288,League 2,7,1.0,2,ZLoftis9,Kimani Vidal,RB,True
1256316848832524288,League 2,7,1.0,2,ZLoftis9,Ashton Jeanty,RB,True
1256316848832524288,League 2,7,1.0,2,ZLoftis9,Chris Boswell,K,True
1256316848832524288,League 2,7,1.0,2,ZLoftis9,Stefon Diggs,WR,False
1256316848832524288,League 2,7,1.0,2,ZLoftis9,Kareem Hunt,RB,False
1256316848832524288,League 2,7,1.0,2,ZLoftis9,Aaron Jones,RB,False
1256316848832524288,League 2,7,1.0,2,ZLoftis9,Kendrick Bourne,WR,True
1256316848832524288,League 2,7,1.0,2,ZLoftis9,Sam Darnold,QB,False
1256316848832524288,League 2,7,1.0,2,ZLoftis9,CeeDee Lamb,WR,True
1256316848832524288,League 2,7,1.0,2,ZLoftis9,Jake Ferguson,TE,True
1256316848832524288,League 2,7,1.0,2,ZLoftis9,Hassan Haskins,RB,False
1256316848832524288,League 2,7,1.0,2,ZLoftis9,Isiah Pacheco,RB,False
1256316848832524288,League 2,7,1.0,2,ZLoftis9,New England Patriots,DEF,True
1256316848832524288,League 2,7,2.0,3,PlayaHaterOTY,Jayden Daniels,QB,True
1256316848832524288,League 2,7,2.0,3,PlayaHaterOTY,Luke McCaffrey,WR,False
1256316848832524288,League 2,7,2.0,3,PlayaHaterOTY,Travis Hunter,WR,False
1256316848832524288,League 2,7,2.0,3,PlayaHaterOTY,Jacory Croskey-Merritt,RB,True
1256316848832524288,League 2,7,2.0,3,PlayaHaterOTY,Alvin Kamara,RB,False
1256316848832524288,League 2,7,2.0,3,PlayaHaterOTY,Dallas Goedert,TE,True
1256316848832524288,League 2,7,2.0,3,PlayaHaterOTY,Michael Badgley,K,True
1256316848832524288,League 2,7,2.0,3,PlayaHaterOTY,David Montgomery,RB,True
1256316848832524288,League 2,7,2.0,3,PlayaHaterOTY,D'Andre Swift,RB,True
1256316848832524288,League 2,7,2.0,3,PlayaHaterOTY,Jauan Jennings,WR,False
1256316848832524288,League 2,7,2.0,3,PlayaHaterOTY,Amon-Ra St. Brown,WR,True
1256316848832524288,League 2,7,2.0,3,PlayaHaterOTY,Rhamondre Stevenson,RB,False
1256316848832524288,League 2,7,2.0,3,PlayaHaterOTY,Romeo Doubs,WR,False
1256316848832524288,League 2,7,2.0,3,PlayaHaterOTY,Chris Olave,WR,True
1256316848832524288,League 2,7,2.0,3,PlayaHaterOTY,Puka Nacua,WR,True
1256316848832524288,League 2,7,2.0,3,PlayaHaterOTY,Chicago Bears,DEF,True
1256316848832524288,League 2,7,1.0,4,Gonzo4537,Xavier Worthy,WR,True
1256316848832524288,League 2,7,1.0,4,Gonzo4537,Omarion Hampton,RB,False
1256316848832524288,League 2,7,1.0,4,Gonzo4537,Emeka Egbuka,WR,False
1256316848832524288,League 2,7,1.0,4,Gonzo4537,Tyler Warren,TE,True
1256316848832524288,League 2,7,1.0,4,Gonzo4537,TreVeyon Henderson,RB,True
1256316848832524288,League 2,7,1.0,4,Gonzo4537,Darren Waller,TE,False
1256316848832524288,League 2,7,1.0,4,Gonzo4537,Patrick Mahomes,QB,True
1256316848832524288,League 2,7,1.0,4,Gonzo4537,Calvin Ridley,WR,False
1256316848832524288,League 2,7,1.0,4,Gonzo4537,Matt Gay,K,True
1256316848832524288,League 2,7,1.0,4,Gonzo4537,Nico Collins,WR,True
1256316848832524288,League 2,7,1.0,4,Gonzo4537,Chuba Hubbard,RB,True
1256316848832524288,League 2,7,1.0,4,Gonzo4537,Zonovan Knight,RB,False
1256316848832524288,League 2,7,1.0,4,Gonzo4537,Wan'Dale Robinson,WR,True
1256316848832524288,League 2,7,1.0,4,Gonzo4537,Tyler Allgeier,RB,False
1256316848832524288,League 2,7,1.0,4,Gonzo4537,George Pickens,WR,True
1256316848832524288,League 2,7,1.0,4,Gonzo4537,Tyjae Spears,RB,False
1256316848832524288,League 2,7,1.0,4,Gonzo4537,Seattle Seahawks,DEF,True
1256316848832524288,League 2,7,3.0,5,aIexwright,Sam LaPorta,TE,True
1256316848832524288,League 2,7,3.0,5,aIexwright,Trey Benson,RB,False
1256316848832524288,League 2,7,3.0,5,aIexwright,Zach Ertz,TE,False
1256316848832524288,League 2,7,3.0,5,aIexwright,Christian McCaffrey,RB,True
1256316848832524288,League 2,7,3.0,5,aIexwright,Chris Godwin,WR,False
1256316848832524288,League 2,7,3.0,5,aIexwright,Cooper Kupp,WR,False
1256316848832524288,League 2,7,3.0,5,aIexwright,Josh Allen,QB,False
1256316848832524288,League 2,7,3.0,5,aIexwright,Eddy Pineiro,K,True
1256316848832524288,League 2,7,3.0,5,aIexwright,DK Metcalf,WR,True
1256316848832524288,League 2,7,3.0,5,aIexwright,A.J. Brown,WR,True
1256316848832524288,League 2,7,3.0,5,aIexwright,Justin Herbert,QB,True
1256316848832524288,League 2,7,3.0,5,aIexwright,Jaylen Waddle,WR,True
1256316848832524288,League 2,7,3.0,5,aIexwright,Travis Etienne,RB,True
1256316848832524288,League 2,7,3.0,5,aIexwright,Michael Carter,RB,False
1256316848832524288,League 2,7,3.0,5,aIexwright,De'Von Achane,RB,True
1256316848832524288,League 2,7,3.0,5,aIexwright,Quentin Johnston,WR,False
1256316848832524288,League 2,7,3.0,5,aIexwright,Indianapolis Colts,DEF,True
1256316848832524288,League 2,7,5.0,6,dbrauer23,Brock Bowers,TE,False
1256316848832524288,League 2,7,5.0,6,dbrauer23,Harold Fannin,TE,True
1256316848832524288,League 2,7,5.0,6,dbrauer23,Quinshon Judkins,RB,True
1256316848832524288,League 2,7,5.0,6,dbrauer23,Jared Goff,QB,True
1256316848832524288,League 2,7,5.0,6,dbrauer23,Derrick Henry,RB,False
1256316848832524288,League 2,7,5.0,6,dbrauer23,Chris Moore,WR,True
1256316848832524288,League 2,7,5.0,6,dbrauer23,Harrison Butker,K,True
1256316848832524288,League 2,7,5.0,6,dbrauer23,Deebo Samuel,WR,False
1256316848832524288,League 2,7,5.0,6,dbrauer23,Terry McLaurin,WR,False
1256316848832524288,League 2,7,5.0,6,dbrauer23,Jakobi Meyers,WR,True
1256316848832524288,League 2,7,5.0,6,dbrauer23,Joe Burrow,QB,False
1256316848832524288,League 2,7,5.0,6,dbrauer23,Tee Higgins,WR,False
1256316848832524288,League 2,7,5.0,6,dbrauer23,Michael Pittman,WR,True
1256316848832524288,League 2,7,5.0,6,dbrauer23,DeVonta Smith,WR,False
1256316848832524288,League 2,7,5.0,6,dbrauer23,Rachaad White,RB,True
1256316848832524288,League 2,7,5.0,6,dbrauer23,Kyren Williams,RB,True
1256316848832524288,League 2,7,5.0,6,dbrauer23,Green Bay Packers,DEF,True
1256316848832524288,League 2,7,2.0,7,Spicymeatball69,Drake Maye,QB,False
1256316848832524288,League 2,7,2.0,7,Spicymeatball69,Brian Thomas,WR,True
1256316848832524288,League 2,7,2.0,7,Spicymeatball69,Davante Adams,WR,True
1256316848832524288,League 2,7,2.0,7,Spicymeatball69,Ka'imi Fairbairn,K,True
1256316848832524288,League 2,7,2.0,7,Spicymeatball69,George Kittle,TE,True
1256316848832524288,League 2,7,2.0,7,Spicymeatball69,Baker Mayfield,QB,True
1256316848832524288,League 2,7,2.0,7,Spicymeatball69,Jonathan Taylor,RB,True
1256316848832524288,League 2,7,2.0,7,Spicymeatball69,Javonte Williams,RB,True
1256316848832524288,League 2,7,2.0,7,Spicymeatball69,Jameson Williams,WR,False
1256316848832524288,League 2,7,2.0,7,Spicymeatball69,Breece Hall,RB,True
1256316848832524288,League 2,7,2.0,7,Spicymeatball69,Jaylen Warren,RB,False
1256316848832524288,League 2,7,2.0,7,Spicymeatball69,Jahmyr Gibbs,RB,True
1256316848832524288,League 2,7,2.0,7,Spicymeatball69,Tucker Kraft,TE,False
1256316848832524288,League 2,7,2.0,7,Spicymeatball69,Josh Downs,WR,False
1256316848832524288,League 2,7,2.0,7,Spicymeatball69,Jordan Addison,WR,False
1256316848832524288,League 2,7,2.0,7,Spicymeatball69,Buffalo Bills,DEF,False
1256316848832524288,League 2,7,2.0,7,Spicymeatball69,Pittsburgh Steelers,DEF,True
1256316848832524288,League 2,7,4.0,8,YourBeanFriend,Dalton Kincaid,TE,False
1256316848832524288,League 2,7,4.0,8,YourBeanFriend,Bo Nix,QB,True
1256316848832524288,League 2,7,4.0,8,YourBeanFriend,Rome Odunze,WR,True
1256316848832524288,League 2,7,4.0,8,YourBeanFriend,Marvin Harrison,WR,False
1256316848832524288,League 2,7,4.0,8,YourBeanFriend,Keon Coleman,WR,False
1256316848832524288,League 2,7,4.0,8,YourBeanFriend,Hunter Henry,TE,True
1256316848832524288,League 2,7,4.0,8,YourBeanFriend,Nick Chubb,RB,False
1256316848832524288,League 2,7,4.0,8,YourBeanFriend,Marquise Brown,WR,True
1256316848832524288,League 2,7,4.0,8,YourBeanFriend,Josh Jacobs,RB,True
1256316848832524288,League 2,7,4.0,8,YourBeanFriend,Ja'Marr Chase,WR,True
1256316848832524288,League 2,7,4.0,8,YourBeanFriend,Khalil Shakir,WR,False
1256316848832524288,League 2,7,4.0,8,YourBeanFriend,Kenneth Walker,RB,True
1256316848832524288,League 2,7,4.0,8,YourBeanFriend,Brock Purdy,QB,False
1256316848832524288,League 2,7,4.0,8,YourBeanFriend,Cameron Dicker,K,True
1256316848832524288,League 2,7,4.0,8,YourBeanFriend,Chase Brown,RB,True
1256316848832524288,League 2,7,4.0,8,YourBeanFriend,Jacksonville Jaguars,DEF,True
1256316848832524288,League 2,7,3.0,9,NotKool,Rashee Rice,WR,True
1256316848832524288,League 2,7,3.0,9,NotKool,Brandon Aubrey,K,True
1256316848832524288,League 2,7,3.0,9,NotKool,AJ Barner,TE,True
1256316848832524288,League 2,7,3.0,9,NotKool,RJ Harvey,RB,False
1256316848832524288,League 2,7,3.0,9,NotKool,Tory Horton,WR,False
1256316848832524288,League 2,7,3.0,9,NotKool,Elic Ayomanor,WR,False
1256316848832524288,League 2,7,3.0,9,NotKool,Keenan Allen,WR,True
1256316848832524288,League 2,7,3.0,9,NotKool,Lamar Jackson,QB,False
1256316848832524288,League 2,7,3.0,9,NotKool,DJ Moore,WR,False
1256316848832524288,League 2,7,3.0,9,NotKool,Mark Andrews,TE,False
1256316848832524288,League 2,7,3.0,9,NotKool,Courtland Sutton,WR,True
1256316848832524288,League 2,7,3.0,9,NotKool,Daniel Jones,QB,True
1256316848832524288,League 2,7,3.0,9,NotKool,Tony Pollard,RB,True
1256316848832524288,League 2,7,3.0,9,NotKool,Justin Jefferson,WR,True
1256316848832524288,League 2,7,3.0,9,NotKool,James Cook,RB,False
1256316848832524288,League 2,7,3.0,9,NotKool,Kendre Miller,RB,True
1256316848832524288,League 2,7,3.0,9,NotKool,Denver Broncos,DEF,True
1256316848832524288,League 2,7,5.0,10,Nick0M,Jake Bates,K,True
1256316848832524288,League 2,7,5.0,10,Nick0M,Bhayshul Tuten,RB,False
1256316848832524288,League 2,7,5.0,10,Nick0M,Travis Kelce,TE,True
1256316848832524288,League 2,7,5.0,10,Nick0M,Mike Evans,WR,False
1256316848832524288,League 2,7,5.0,10,Nick0M,Saquon Barkley,RB,True
1256316848832524288,League 2,7,5.0,10,Nick0M,Christian Kirk,WR,True
1256316848832524288,League 2,7,5.0,10,Nick0M,Jerry Jeudy,WR,True
1256316848832524288,League 2,7,5.0,10,Nick0M,J.K. Dobbins,RB,True
1256316848832524288,League 2,7,5.0,10,Nick0M,Jalen Hurts,QB,True
1256316848832524288,League 2,7,5.0,10,Nick0M,Darnell Mooney,WR,False
1256316848832524288,League 2,7,5.0,10,Nick0M,Kenneth Gainwell,RB,True
1256316848832524288,League 2,7,5.0,10,Nick0M,Garrett Wilson,WR,False
1256316848832524288,League 2,7,5.0,10,Nick0M,Rashid Shaheed,WR,True
1256316848832524288,League 2,7,5.0,10,Nick0M,KaVontae Turpin,WR,False
1256316848832524288,League 2,7,5.0,10,Nick0M,Zay Flowers,WR,False
1256316848832524288,League 2,7,5.0,10,Nick0M,Philadelphia Eagles,DEF,True
1256316848832524288,League 2,8,4.0,1,Caseyp12,Ricky Pearsall,WR,False
1256316848832524288,League 2,8,4.0,1,Caseyp12,Woody Marks,RB,False
1256316848832524288,League 2,8,4.0,1,Caseyp12,Cam Skattebo,RB,True
1256316848832524288,League 2,8,4.0,1,Caseyp12,Matthew Golden,WR,True
1256316848832524288,League 2,8,4.0,1,Caseyp12,Tetairoa McMillan,WR,True
1256316848832524288,League 2,8,4.0,1,Caseyp12,Dak Prescott,QB,True
1256316848832524288,League 2,8,4.0,1,Caseyp12,Dalton Schultz,TE,True
1256316848832524288,League 2,8,4.0,1,Caseyp12,Chase McLaughlin,K,True
1256316848832524288,League 2,8,4.0,1,Caseyp12,Rico Dowdle,RB,True
1256316848832524288,League 2,8,4.0,1,Caseyp12,Drake London,WR,False
1256316848832524288,League 2,8,4.0,1,Caseyp12,Trey McBride,TE,False
1256316848832524288,League 2,8,4.0,1,Caseyp12,Jordan Mason,RB,True
1256316848832524288,League 2,8,4.0,1,Caseyp12,Jaxon Smith-Njigba,WR,False
1256316848832524288,League 2,8,4.0,1,Caseyp12,Bijan Robinson,RB,True
1256316848832524288,League 2,8,4.0,1,Caseyp12,Zach Charbonnet,RB,False
1256316848832524288,League 2,8,4.0,1,Caseyp12,Kansas City Chiefs,DEF,True
1256316848832524288,League 2,8,1.0,2,ZLoftis9,Tre Tucker,WR,False
1256316848832524288,League 2,8,1.0,2,ZLoftis9,Bucky Irving,RB,False
1256316848832524288,League 2,8,1.0,2,ZLoftis9,Malik Washington,WR,False
1256316848832524288,League 2,8,1.0,2,ZLoftis9,Troy Franklin,WR,False
1256316848832524288,League 2,8,1.0,2,ZLoftis9,Ladd McConkey,WR,True
1256316848832524288,League 2,8,1.0,2,ZLoftis9,Kimani Vidal,RB,True
1256316848832524288,League 2,8,1.0,2,ZLoftis9,Tez Johnson,WR,True
1256316848832524288,League 2,8,1.0,2,ZLoftis9,Jaxson Dart,QB,True
1256316848832524288,League 2,8,1.0,2,ZLoftis9,Ashton Jeanty,RB,False
1256316848832524288,League 2,8,1.0,2,ZLoftis9,Chris Boswell,K,True
1256316848832524288,League 2,8,1.0,2,ZLoftis9,Stefon Diggs,WR,True
1256316848832524288,League 2,8,1.0,2,ZLoftis9,Aaron Jones,RB,False
1256316848832524288,League 2,8,1.0,2,ZLoftis9,CeeDee Lamb,WR,True
1256316848832524288,League 2,8,1.0,2,ZLoftis9,Jake Ferguson,TE,True
1256316848832524288,League 2,8,1.0,2,ZLoftis9,Isiah Pacheco,RB,True
1256316848832524288,League 2,8,1.0,2,ZLoftis9,New England Patriots,DEF,True
1256316848832524288,League 2,8,2.0,3,PlayaHaterOTY,Jayden Daniels,QB,False
1256316848832524288,League 2,8,2.0,3,PlayaHaterOTY,Travis Hunter,WR,False
1256316848832524288,League 2,8,2.0,3,PlayaHaterOTY,Jacory Croskey-Merritt,RB,True
1256316848832524288,League 2,8,2.0,3,PlayaHaterOTY,Joe Flacco,QB,True
1256316848832524288,League 2,8,2.0,3,PlayaHaterOTY,Alvin Kamara,RB,False
1256316848832524288,League 2,8,2.0,3,PlayaHaterOTY,Matthew Stafford,QB,False
1256316848832524288,League 2,8,2.0,3,PlayaHaterOTY,Dallas Goedert,TE,True
1256316848832524288,League 2,8,2.0,3,PlayaHaterOTY,Michael Badgley,K,True
1256316848832524288,League 2,8,2.0,3,PlayaHaterOTY,David Montgomery,RB,False
1256316848832524288,League 2,8,2.0,3,PlayaHaterOTY,D'Andre Swift,RB,True
1256316848832524288,League 2,8,2.0,3,PlayaHaterOTY,Jauan Jennings,WR,True
1256316848832524288,League 2,8,2.0,3,PlayaHaterOTY,Amon-Ra St. Brown,WR,False
1256316848832524288,League 2,8,2.0,3,PlayaHaterOTY,Rhamondre Stevenson,RB,True
1256316848832524288,League 2,8,2.0,3,PlayaHaterOTY,Romeo Doubs,WR,True
1256316848832524288,League 2,8,2.0,3,PlayaHaterOTY,Chris Olave,WR,True
1256316848832524288,League 2,8,2.0,3,PlayaHaterOTY,Puka Nacua,WR,False
1256316848832524288,League 2,8,2.0,3,PlayaHaterOTY,Detroit Lions,DEF,False
1256316848832524288,League 2,8,2.0,3,PlayaHaterOTY,Tampa Bay Buccaneers,DEF,True
1256316848832524288,League 2,8,5.0,4,Gonzo4537,Xavier Worthy,WR,True
1256316848832524288,League 2,8,5.0,4,Gonzo4537,Omarion Hampton,RB,False
1256316848832524288,League 2,8,5.0,4,Gonzo4537,Emeka Egbuka,WR,True
1256316848832524288,League 2,8,5.0,4,Gonzo4537,Tyler Warren,TE,True
1256316848832524288,League 2,8,5.0,4,Gonzo4537,TreVeyon Henderson,RB,False
1256316848832524288,League 2,8,5.0,4,Gonzo4537,Darren Waller,TE,False
1256316848832524288,League 2,8,5.0,4,Gonzo4537,Patrick Mahomes,QB,True
1256316848832524288,League 2,8,5.0,4,Gonzo4537,Calvin Ridley,WR,False
1256316848832524288,League 2,8,5.0,4,Gonzo4537,Matt Gay,K,True
1256316848832524288,League 2,8,5.0,4,Gonzo4537,Nico Collins,WR,False
1256316848832524288,League 2,8,5.0,4,Gonzo4537,Chuba Hubbard,RB,True
1256316848832524288,League 2,8,5.0,4,Gonzo4537,Zonovan Knight,RB,False
1256316848832524288,League 2,8,5.0,4,Gonzo4537,Wan'Dale Robinson,WR,True
1256316848832524288,League 2,8,5.0,4,Gonzo4537,Tyler Allgeier,RB,True
1256316848832524288,League 2,8,5.0,4,Gonzo4537,George Pickens,WR,True
1256316848832524288,League 2,8,5.0,4,Gonzo4537,Tyjae Spears,RB,False
1256316848832524288,League 2,8,5.0,4,Gonzo4537,Atlanta Falcons,DEF,True
1256316848832524288,League 2,8,2.0,5,aIexwright,Sam LaPorta,TE,False
1256316848832524288,League 2,8,2.0,5,aIexwright,Trey Benson,RB,False
1256316848832524288,League 2,8,2.0,5,aIexwright,Zach Ertz,TE,True
1256316848832524288,League 2,8,2.0,5,aIexwright,Sterling Shepard,WR,True
1256316848832524288,League 2,8,2.0,5,aIexwright,Christian McCaffrey,RB,True
1256316848832524288,League 2,8,2.0,5,aIexwright,Chris Godwin,WR,False
1256316848832524288,League 2,8,2.0,5,aIexwright,Cooper Kupp,WR,False
1256316848832524288,League 2,8,2.0,5,aIexwright,Josh Allen,QB,True
1256316848832524288,League 2,8,2.0,5,aIexwright,Eddy Pineiro,K,True
1256316848832524288,League 2,8,2.0,5,aIexwright,DK Metcalf,WR,True
1256316848832524288,League 2,8,2.0,5,aIexwright,A.J. Brown,WR,False
1256316848832524288,League 2,8,2.0,5,aIexwright,Justin Herbert,QB,False
1256316848832524288,League 2,8,2.0,5,aIexwright,Jaylen Waddle,WR,True
1256316848832524288,League 2,8,2.0,5,aIexwright,Travis Etienne,RB,False
1256316848832524288,League 2,8,2.0,5,aIexwright,De'Von Achane,RB,True
1256316848832524288,League 2,8,2.0,5,aIexwright,Quentin Johnston,WR,True
1256316848832524288,League 2,8,2.0,5,aIexwright,Indianapolis Colts,DEF,True
1256316848832524288,League 2,8,4.0,6,dbrauer23,Caleb Williams,QB,False
1256316848832524288,League 2,8,4.0,6,dbrauer23,Brock Bowers,TE,False
1256316848832524288,League 2,8,4.0,6,dbrauer23,Harold Fannin,TE,True
1256316848832524288,League 2,8,4.0,6,dbrauer23,Quinshon Judkins,RB,True
1256316848832524288,League 2,8,4.0,6,dbrauer23,Jared Goff,QB,True
1256316848832524288,League 2,8,4.0,6,dbrauer23,Derrick Henry,RB,True
1256316848832524288,League 2,8,4.0,6,dbrauer23,Harrison Butker,K,True
1256316848832524288,League 2,8,4.0,6,dbrauer23,Deebo Samuel,WR,False
1256316848832524288,League 2,8,4.0,6,dbrauer23,Terry McLaurin,WR,False
1256316848832524288,League 2,8,4.0,6,dbrauer23,Jakobi Meyers,WR,False
1256316848832524288,League 2,8,4.0,6,dbrauer23,Joe Burrow,QB,False
1256316848832524288,League 2,8,4.0,6,dbrauer23,Tee Higgins,WR,True
1256316848832524288,League 2,8,4.0,6,dbrauer23,Michael Pittman,WR,True
1256316848832524288,League 2,8,4.0,6,dbrauer23,DeVonta Smith,WR,True
1256316848832524288,League 2,8,4.0,6,dbrauer23,Rachaad White,RB,True
1256316848832524288,League 2,8,4.0,6,dbrauer23,Kyren Williams,RB,False
1256316848832524288,League 2,8,4.0,6,dbrauer23,Green Bay Packers,DEF,True
1256316848832524288,League 2,8,1.0,7,Spicymeatball69,Drake Maye,QB,False
1256316848832524288,League 2,8,1.0,7,Spicymeatball69,Brian Thomas,WR,False
1256316848832524288,League 2,8,1.0,7,Spicymeatball69,Davante Adams,WR,False
1256316848832524288,League 2,8,1.0,7,Spicymeatball69,Ka'imi Fairbairn,K,True
1256316848832524288,League 2,8,1.0,7,Spicymeatball69,George Kittle,TE,False
1256316848832524288,League 2,8,1.0,7,Spicymeatball69,Baker Mayfield,QB,True
1256316848832524288,League 2,8,1.0,7,Spicymeatball69,Jonathan Taylor,RB,True
1256316848832524288,League 2,8,1.0,7,Spicymeatball69,Javonte Williams,RB,True
1256316848832524288,League 2,8,1.0,7,Spicymeatball69,Jameson Williams,WR,False
1256316848832524288,League 2,8,1.0,7,Spicymeatball69,Breece Hall,RB,True
1256316848832524288,League 2,8,1.0,7,Spicymeatball69,Jaylen Warren,RB,True
1256316848832524288,League 2,8,1.0,7,Spicymeatball69,Jahmyr Gibbs,RB,False
1256316848832524288,League 2,8,1.0,7,Spicymeatball69,Tucker Kraft,TE,True
1256316848832524288,League 2,8,1.0,7,Spicymeatball69,Kayshon Boutte,WR,True
1256316848832524288,League 2,8,1.0,7,Spicymeatball69,Jordan Addison,WR,True
1256316848832524288,League 2,8,1.0,7,Spicymeatball69,Buffalo Bills,DEF,True
1256316848832524288,League 2,8,1.0,7,Spicymeatball69,Los Angeles Rams,DEF,False
1256316848832524288,League 2,8,3.0,8,YourBeanFriend,Dalton Kincaid,TE,True
1256316848832524288,League 2,8,3.0,8,YourBeanFriend,Bo Nix,QB,True
1256316848832524288,League 2,8,3.0,8,YourBeanFriend,Rome Odunze,WR,True
1256316848832524288,League 2,8,3.0,8,YourBeanFriend,Marvin Harrison,WR,False
1256316848832524288,League 2,8,3.0,8,YourBeanFriend,Keon Coleman,WR,False
1256316848832524288,League 2,8,3.0,8,YourBeanFriend,Oronde Gadsden,TE,True
1256316848832524288,League 2,8,3.0,8,YourBeanFriend,Nick Chubb,RB,False
1256316848832524288,League 2,8,3.0,8,YourBeanFriend,Marquise Brown,WR,False
1256316848832524288,League 2,8,3.0,8,YourBeanFriend,Josh Jacobs,RB,True
1256316848832524288,League 2,8,3.0,8,YourBeanFriend,Ja'Marr Chase,WR,True
1256316848832524288,League 2,8,3.0,8,YourBeanFriend,Khalil Shakir,WR,True
1256316848832524288,League 2,8,3.0,8,YourBeanFriend,Kenneth Walker,RB,False
1256316848832524288,League 2,8,3.0,8,YourBeanFriend,Brock Purdy,QB,False
1256316848832524288,League 2,8,3.0,8,YourBeanFriend,Cameron Dicker,K,True
1256316848832524288,League 2,8,3.0,8,YourBeanFriend,Chase Brown,RB,True
1256316848832524288,League 2,8,3.0,8,YourBeanFriend,Houston Texans,DEF,True
1256316848832524288,League 2,8,3.0,9,NotKool,Rashee Rice,WR,True
1256316848832524288,League 2,8,3.0,9,NotKool,Brandon Aubrey,K,True
1256316848832524288,League 2,8,3.0,9,NotKool,Brashard Smith,RB,False
1256316848832524288,League 2,8,3.0,9,NotKool,RJ Harvey,RB,False
1256316848832524288,League 2,8,3.0,9,NotKool,Kyle Monangai,RB,True
1256316848832524288,League 2,8,3.0,9,NotKool,Keenan Allen,WR,True
1256316848832524288,League 2,8,3.0,9,NotKool,Lamar Jackson,QB,False
1256316848832524288,League 2,8,3.0,9,NotKool,DJ Moore,WR,False
1256316848832524288,League 2,8,3.0,9,NotKool,Mark Andrews,TE,False
1256316848832524288,League 2,8,3.0,9,NotKool,Courtland Sutton,WR,True
1256316848832524288,League 2,8,3.0,9,NotKool,Daniel Jones,QB,True
1256316848832524288,League 2,8,3.0,9,NotKool,Tony Pollard,RB,False
1256316848832524288,League 2,8,3.0,9,NotKool,Justin Jefferson,WR,True
1256316848832524288,League 2,8,3.0,9,NotKool,Cade Otton,TE,True
1256316848832524288,League 2,8,3.0,9,NotKool,James Cook,RB,True
1256316848832524288,League 2,8,3.0,9,NotKool,Denver Broncos,DEF,True
1256316848832524288,League 2,8,5.0,10,Nick0M,Bhayshul Tuten,RB,False
1256316848832524288,League 2,8,5.0,10,Nick0M,Jaylin Noel,WR,True
1256316848832524288,League 2,8,5.0,10,Nick0M,Travis Kelce,TE,True
1256316848832524288,League 2,8,5.0,10,Nick0M,Matt Prater,K,True
1256316848832524288,League 2,8,5.0,10,Nick0M,Mike Evans,WR,False
1256316848832524288,League 2,8,5.0,10,Nick0M,Saquon Barkley,RB,True
1256316848832524288,League 2,8,5.0,10,Nick0M,Christian Kirk,WR,False
1256316848832524288,League 2,8,5.0,10,Nick0M,Jerry Jeudy,WR,False
1256316848832524288,League 2,8,5.0,10,Nick0M,J.K. Dobbins,RB,True
1256316848832524288,League 2,8,5.0,10,Nick0M,Jalen Hurts,QB,True
1256316848832524288,League 2,8,5.0,10,Nick0M,Darnell Mooney,WR,True
1256316848832524288,League 2,8,5.0,10,Nick0M,Kenneth Gainwell,RB,False
1256316848832524288,League 2,8,5.0,10,Nick0M,Garrett Wilson,WR,False
1256316848832524288,League 2,8,5.0,10,Nick0M,Rashid Shaheed,WR,True
1256316848832524288,League 2,8,5.0,10,Nick0M,Zay Flowers,WR,True
1256316848832524288,League 2,8,5.0,10,Nick0M,Philadelphia Eagles,DEF,True
1256316848832524288,League 2,9,4.0,1,Caseyp12,Ricky Pearsall,WR,False
1256316848832524288,League 2,9,4.0,1,Caseyp12,Woody Marks,RB,False
1256316848832524288,League 2,9,4.0,1,Caseyp12,Tetairoa McMillan,WR,True
1256316848832524288,League 2,9,4.0,1,Caseyp12,Tyler Loop,K,True
1256316848832524288,League 2,9,4.0,1,Caseyp12,Dak Prescott,QB,True
1256316848832524288,League 2,9,4.0,1,Caseyp12,Kareem Hunt,RB,True
1256316848832524288,League 2,9,4.0,1,Caseyp12,Chase McLaughlin,K,False
1256316848832524288,League 2,9,4.0,1,Caseyp12,Rico Dowdle,RB,False
1256316848832524288,League 2,9,4.0,1,Caseyp12,Jauan Jennings,WR,True
1256316848832524288,League 2,9,4.0,1,Caseyp12,Drake London,WR,True
1256316848832524288,League 2,9,4.0,1,Caseyp12,Trey McBride,TE,True
1256316848832524288,League 2,9,4.0,1,Caseyp12,Jordan Mason,RB,False
1256316848832524288,League 2,9,4.0,1,Caseyp12,Jaxon Smith-Njigba,WR,True
1256316848832524288,League 2,9,4.0,1,Caseyp12,Bijan Robinson,RB,True
1256316848832524288,League 2,9,4.0,1,Caseyp12,Zach Charbonnet,RB,False
1256316848832524288,League 2,9,4.0,1,Caseyp12,Los Angeles Chargers,DEF,True
1256316848832524288,League 2,9,1.0,2,ZLoftis9,Tre Tucker,WR,False
1256316848832524288,League 2,9,1.0,2,ZLoftis9,Bucky Irving,RB,False
1256316848832524288,League 2,9,1.0,2,ZLoftis9,Malik Washington,WR,False
1256316848832524288,League 2,9,1.0,2,ZLoftis9,Troy Franklin,WR,False
1256316848832524288,League 2,9,1.0,2,ZLoftis9,Ladd McConkey,WR,True
1256316848832524288,League 2,9,1.0,2,ZLoftis9,Kimani Vidal,RB,True
1256316848832524288,League 2,9,1.0,2,ZLoftis9,Tez Johnson,WR,False
1256316848832524288,League 2,9,1.0,2,ZLoftis9,Ollie Gordon,RB,False
1256316848832524288,League 2,9,1.0,2,ZLoftis9,Jaxson Dart,QB,True
1256316848832524288,League 2,9,1.0,2,ZLoftis9,Ashton Jeanty,RB,True
1256316848832524288,League 2,9,1.0,2,ZLoftis9,Chimere Dike,WR,False
1256316848832524288,League 2,9,1.0,2,ZLoftis9,Chris Boswell,K,True
1256316848832524288,League 2,9,1.0,2,ZLoftis9,Stefon Diggs,WR,True
1256316848832524288,League 2,9,1.0,2,ZLoftis9,Aaron Jones,RB,True
1256316848832524288,League 2,9,1.0,2,ZLoftis9,CeeDee Lamb,WR,True
1256316848832524288,League 2,9,1.0,2,ZLoftis9,Jake Ferguson,TE,True
1256316848832524288,League 2,9,1.0,2,ZLoftis9,Cleveland Browns,DEF,False
1256316848832524288,League 2,9,1.0,2,ZLoftis9,New England Patriots,DEF,True
1256316848832524288,League 2,9,2.0,3,PlayaHaterOTY,Jake Bates,K,True
1256316848832524288,League 2,9,2.0,3,PlayaHaterOTY,Jayden Daniels,QB,True
1256316848832524288,League 2,9,2.0,3,PlayaHaterOTY,Travis Hunter,WR,False
1256316848832524288,League 2,9,2.0,3,PlayaHaterOTY,Jacory Croskey-Merritt,RB,True
1256316848832524288,League 2,9,2.0,3,PlayaHaterOTY,Alvin Kamara,RB,True
1256316848832524288,League 2,9,2.0,3,PlayaHaterOTY,Matthew Stafford,QB,False
1256316848832524288,League 2,9,2.0,3,PlayaHaterOTY,Dallas Goedert,TE,False
1256316848832524288,League 2,9,2.0,3,PlayaHaterOTY,David Montgomery,RB,False
1256316848832524288,League 2,9,2.0,3,PlayaHaterOTY,D'Andre Swift,RB,False
1256316848832524288,League 2,9,2.0,3,PlayaHaterOTY,Amon-Ra St. Brown,WR,True
1256316848832524288,League 2,9,2.0,3,PlayaHaterOTY,Kyle Pitts,TE,True
1256316848832524288,League 2,9,2.0,3,PlayaHaterOTY,Rhamondre Stevenson,RB,False
1256316848832524288,League 2,9,2.0,3,PlayaHaterOTY,Romeo Doubs,WR,True
1256316848832524288,League 2,9,2.0,3,PlayaHaterOTY,Chris Olave,WR,True
1256316848832524288,League 2,9,2.0,3,PlayaHaterOTY,Parker Washington,WR,False
1256316848832524288,League 2,9,2.0,3,PlayaHaterOTY,Puka Nacua,WR,True
1256316848832524288,League 2,9,2.0,3,PlayaHaterOTY,Detroit Lions,DEF,True
1256316848832524288,League 2,9,4.0,4,Gonzo4537,Xavier Worthy,WR,True
1256316848832524288,League 2,9,4.0,4,Gonzo4537,Omarion Hampton,RB,False
1256316848832524288,League 2,9,4.0,4,Gonzo4537,Emeka Egbuka,WR,False
1256316848832524288,League 2,9,4.0,4,Gonzo4537,Tyler Warren,TE,True
1256316848832524288,League 2,9,4.0,4,Gonzo4537,TreVeyon Henderson,RB,True
1256316848832524288,League 2,9,4.0,4,Gonzo4537,Jason Myers,K,True
1256316848832524288,League 2,9,4.0,4,Gonzo4537,Patrick Mahomes,QB,True
1256316848832524288,League 2,9,4.0,4,Gonzo4537,Calvin Ridley,WR,False
1256316848832524288,League 2,9,4.0,4,Gonzo4537,Devin Singletary,RB,False
1256316848832524288,League 2,9,4.0,4,Gonzo4537,Nico Collins,WR,True
1256316848832524288,League 2,9,4.0,4,Gonzo4537,Chuba Hubbard,RB,False
1256316848832524288,League 2,9,4.0,4,Gonzo4537,Zonovan Knight,RB,True
1256316848832524288,League 2,9,4.0,4,Gonzo4537,Wan'Dale Robinson,WR,True
1256316848832524288,League 2,9,4.0,4,Gonzo4537,Tyler Allgeier,RB,False
1256316848832524288,League 2,9,4.0,4,Gonzo4537,George Pickens,WR,True
1256316848832524288,League 2,9,4.0,4,Gonzo4537,Tyjae Spears,RB,False
1256316848832524288,League 2,9,4.0,4,Gonzo4537,Jacksonville Jaguars,DEF,True
1256316848832524288,League 2,9,1.0,5,aIexwright,Sam LaPorta,TE,True
1256316848832524288,League 2,9,1.0,5,aIexwright,Trey Benson,RB,False
1256316848832524288,League 2,9,1.0,5,aIexwright,Zach Ertz,TE,False
1256316848832524288,League 2,9,1.0,5,aIexwright,Sterling Shepard,WR,False
1256316848832524288,League 2,9,1.0,5,aIexwright,Christian McCaffrey,RB,True
1256316848832524288,League 2,9,1.0,5,aIexwright,Chris Godwin,WR,False
1256316848832524288,League 2,9,1.0,5,aIexwright,Cooper Kupp,WR,False
1256316848832524288,League 2,9,1.0,5,aIexwright,Josh Allen,QB,True
1256316848832524288,League 2,9,1.0,5,aIexwright,Eddy Pineiro,K,True
1256316848832524288,League 2,9,1.0,5,aIexwright,DK Metcalf,WR,True
1256316848832524288,League 2,9,1.0,5,aIexwright,A.J. Brown,WR,False
1256316848832524288,League 2,9,1.0,5,aIexwright,Justin Herbert,QB,False
1256316848832524288,League 2,9,1.0,5,aIexwright,Jaylen Waddle,WR,True
1256316848832524288,League 2,9,1.0,5,aIexwright,Travis Etienne,RB,True
1256316848832524288,League 2,9,1.0,5,aIexwright,De'Von Achane,RB,True
1256316848832524288,League 2,9,1.0,5,aIexwright,Quentin Johnston,WR,True
1256316848832524288,League 2,9,1.0,5,aIexwright,Indianapolis Colts,DEF,True
1256316848832524288,League 2,9,2.0,6,dbrauer23,Brock Bowers,TE,True
1256316848832524288,League 2,9,2.0,6,dbrauer23,Tyrone Tracy,RB,True
1256316848832524288,League 2,9,2.0,6,dbrauer23,Harold Fannin,TE,False
1256316848832524288,League 2,9,2.0,6,dbrauer23,Quinshon Judkins,RB,False
1256316848832524288,League 2,9,2.0,6,dbrauer23,Jared Goff,QB,True
1256316848832524288,League 2,9,2.0,6,dbrauer23,Derrick Henry,RB,True
1256316848832524288,League 2,9,2.0,6,dbrauer23,Harrison Butker,K,True
1256316848832524288,League 2,9,2.0,6,dbrauer23,Deebo Samuel,WR,True
1256316848832524288,League 2,9,2.0,6,dbrauer23,Terry McLaurin,WR,False
1256316848832524288,League 2,9,2.0,6,dbrauer23,Jakobi Meyers,WR,False
1256316848832524288,League 2,9,2.0,6,dbrauer23,Joe Burrow,QB,False
1256316848832524288,League 2,9,2.0,6,dbrauer23,Tee Higgins,WR,True
1256316848832524288,League 2,9,2.0,6,dbrauer23,Michael Pittman,WR,True
1256316848832524288,League 2,9,2.0,6,dbrauer23,DeVonta Smith,WR,False
1256316848832524288,League 2,9,2.0,6,dbrauer23,Rachaad White,RB,False
1256316848832524288,League 2,9,2.0,6,dbrauer23,Kyren Williams,RB,True
1256316848832524288,League 2,9,2.0,6,dbrauer23,Green Bay Packers,DEF,True
1256316848832524288,League 2,9,5.0,7,Spicymeatball69,Drake Maye,QB,True
1256316848832524288,League 2,9,5.0,7,Spicymeatball69,Brian Thomas,WR,True
1256316848832524288,League 2,9,5.0,7,Spicymeatball69,Davante Adams,WR,True
1256316848832524288,League 2,9,5.0,7,Spicymeatball69,Ka'imi Fairbairn,K,True
1256316848832524288,League 2,9,5.0,7,Spicymeatball69,George Kittle,TE,False
1256316848832524288,League 2,9,5.0,7,Spicymeatball69,Baker Mayfield,QB,False
1256316848832524288,League 2,9,5.0,7,Spicymeatball69,Justin Jefferson,WR,True
1256316848832524288,League 2,9,5.0,7,Spicymeatball69,Jonathan Taylor,RB,True
1256316848832524288,League 2,9,5.0,7,Spicymeatball69,Javonte Williams,RB,True
1256316848832524288,League 2,9,5.0,7,Spicymeatball69,Jameson Williams,WR,False
1256316848832524288,League 2,9,5.0,7,Spicymeatball69,Jaylen Warren,RB,False
1256316848832524288,League 2,9,5.0,7,Spicymeatball69,Jahmyr Gibbs,RB,True
1256316848832524288,League 2,9,5.0,7,Spicymeatball69,Tucker Kraft,TE,True
1256316848832524288,League 2,9,5.0,7,Spicymeatball69,Jordan Addison,WR,False
1256316848832524288,League 2,9,5.0,7,Spicymeatball69,Buffalo Bills,DEF,False
1256316848832524288,League 2,9,5.0,7,Spicymeatball69,Los Angeles Rams,DEF,True
1256316848832524288,League 2,9,5.0,8,YourBeanFriend,Dalton Kincaid,TE,False
1256316848832524288,League 2,9,5.0,8,YourBeanFriend,Bo Nix,QB,True
1256316848832524288,League 2,9,5.0,8,YourBeanFriend,Rome Odunze,WR,True
1256316848832524288,League 2,9,5.0,8,YourBeanFriend,Marvin Harrison,WR,True
1256316848832524288,League 2,9,5.0,8,YourBeanFriend,Keon Coleman,WR,False
1256316848832524288,League 2,9,5.0,8,YourBeanFriend,Oronde Gadsden,TE,True
1256316848832524288,League 2,9,5.0,8,YourBeanFriend,Nick Chubb,RB,False
1256316848832524288,League 2,9,5.0,8,YourBeanFriend,Marquise Brown,WR,False
1256316848832524288,League 2,9,5.0,8,YourBeanFriend,Josh Jacobs,RB,True
1256316848832524288,League 2,9,5.0,8,YourBeanFriend,Ja'Marr Chase,WR,True
1256316848832524288,League 2,9,5.0,8,YourBeanFriend,Khalil Shakir,WR,True
1256316848832524288,League 2,9,5.0,8,YourBeanFriend,Kenneth Walker,RB,False
1256316848832524288,League 2,9,5.0,8,YourBeanFriend,Brock Purdy,QB,False
1256316848832524288,League 2,9,5.0,8,YourBeanFriend,Cameron Dicker,K,True
1256316848832524288,League 2,9,5.0,8,YourBeanFriend,Chase Brown,RB,True
1256316848832524288,League 2,9,5.0,8,YourBeanFriend,Houston Texans,DEF,True
1256316848832524288,League 2,9,3.0,9,NotKool,Rashee Rice,WR,True
1256316848832524288,League 2,9,3.0,9,NotKool,Brandon Aubrey,K,True
1256316848832524288,League 2,9,3.0,9,NotKool,Brashard Smith,RB,False
1256316848832524288,League 2,9,3.0,9,NotKool,RJ Harvey,RB,True
1256316848832524288,League 2,9,3.0,9,NotKool,Kyle Monangai,RB,True
1256316848832524288,League 2,9,3.0,9,NotKool,Keenan Allen,WR,True
1256316848832524288,League 2,9,3.0,9,NotKool,Lamar Jackson,QB,True
1256316848832524288,League 2,9,3.0,9,NotKool,DJ Moore,WR,False
1256316848832524288,League 2,9,3.0,9,NotKool,Mark Andrews,TE,True
1256316848832524288,League 2,9,3.0,9,NotKool,Courtland Sutton,WR,True
1256316848832524288,League 2,9,3.0,9,NotKool,Daniel Jones,QB,False
1256316848832524288,League 2,9,3.0,9,NotKool,Tony Pollard,RB,False
1256316848832524288,League 2,9,3.0,9,NotKool,Cade Otton,TE,False
1256316848832524288,League 2,9,3.0,9,NotKool,James Cook,RB,True
1256316848832524288,League 2,9,3.0,9,NotKool,Breece Hall,RB,False
1256316848832524288,League 2,9,3.0,9,NotKool,Denver Broncos,DEF,True
1256316848832524288,League 2,9,3.0,10,Nick0M,Joshua Karty,K,True
1256316848832524288,League 2,9,3.0,10,Nick0M,Travis Kelce,TE,True
1256316848832524288,League 2,9,3.0,10,Nick0M,Mike Evans,WR,False
1256316848832524288,League 2,9,3.0,10,Nick0M,Samaje Perine,RB,True
1256316848832524288,League 2,9,3.0,10,Nick0M,Kendrick Bourne,WR,True
1256316848832524288,League 2,9,3.0,10,Nick0M,Saquon Barkley,RB,False
1256316848832524288,League 2,9,3.0,10,Nick0M,Sam Darnold,QB,True
1256316848832524288,League 2,9,3.0,10,Nick0M,Darius Slayton,WR,False
1256316848832524288,League 2,9,3.0,10,Nick0M,Jerry Jeudy,WR,False
1256316848832524288,League 2,9,3.0,10,Nick0M,J.K. Dobbins,RB,True
1256316848832524288,League 2,9,3.0,10,Nick0M,Jalen Hurts,QB,False
1256316848832524288,League 2,9,3.0,10,Nick0M,Darnell Mooney,WR,True
1256316848832524288,League 2,9,3.0,10,Nick0M,Kenneth Gainwell,RB,False
1256316848832524288,League 2,9,3.0,10,Nick0M,Garrett Wilson,WR,False
1256316848832524288,League 2,9,3.0,10,Nick0M,Rashid Shaheed,WR,True
1256316848832524288,League 2,9,3.0,10,Nick0M,Zay Flowers,WR,True
1256316848832524288,League 2,9,3.0,10,Nick0M,Seattle Seahawks,DEF,True
1256316848832524288,League 2,10,2.0,1,Caseyp12,Emanuel Wilson,RB,False
1256316848832524288,League 2,10,2.0,1,Caseyp12,Caleb Williams,QB,True
1256316848832524288,League 2,10,2.0,1,Caseyp12,Ricky Pearsall,WR,False
1256316848832524288,League 2,10,2.0,1,Caseyp12,Woody Marks,RB,False
1256316848832524288,League 2,10,2.0,1,Caseyp12,Tetairoa McMillan,WR,True
1256316848832524288,League 2,10,2.0,1,Caseyp12,Dak Prescott,QB,False
1256316848832524288,League 2,10,2.0,1,Caseyp12,Kareem Hunt,RB,False
1256316848832524288,League 2,10,2.0,1,Caseyp12,Chase McLaughlin,K,True
1256316848832524288,League 2,10,2.0,1,Caseyp12,Rico Dowdle,RB,True
1256316848832524288,League 2,10,2.0,1,Caseyp12,Jauan Jennings,WR,True
1256316848832524288,League 2,10,2.0,1,Caseyp12,Drake London,WR,True
1256316848832524288,League 2,10,2.0,1,Caseyp12,Trey McBride,TE,True
1256316848832524288,League 2,10,2.0,1,Caseyp12,Christian Watson,WR,False
1256316848832524288,League 2,10,2.0,1,Caseyp12,Jordan Mason,RB,False
1256316848832524288,League 2,10,2.0,1,Caseyp12,Jaxon Smith-Njigba,WR,True
1256316848832524288,League 2,10,2.0,1,Caseyp12,Josh Downs,WR,False
1256316848832524288,League 2,10,2.0,1,Caseyp12,Bijan Robinson,RB,True
1256316848832524288,League 2,10,2.0,1,Caseyp12,Carolina Panthers,DEF,True
1256316848832524288,League 2,10,1.0,2,ZLoftis9,Tre Tucker,WR,False
1256316848832524288,League 2,10,1.0,2,ZLoftis9,Bucky Irving,RB,False
1256316848832524288,League 2,10,1.0,2,ZLoftis9,Troy Franklin,WR,True
1256316848832524288,League 2,10,1.0,2,ZLoftis9,Ladd McConkey,WR,True
1256316848832524288,League 2,10,1.0,2,ZLoftis9,Kimani Vidal,RB,True
1256316848832524288,League 2,10,1.0,2,ZLoftis9,Tez Johnson,WR,True
1256316848832524288,League 2,10,1.0,2,ZLoftis9,Jaxson Dart,QB,True
1256316848832524288,League 2,10,1.0,2,ZLoftis9,Ashton Jeanty,RB,True
1256316848832524288,League 2,10,1.0,2,ZLoftis9,Chris Boswell,K,True
1256316848832524288,League 2,10,1.0,2,ZLoftis9,Stefon Diggs,WR,True
1256316848832524288,League 2,10,1.0,2,ZLoftis9,Aaron Jones,RB,False
1256316848832524288,League 2,10,1.0,2,ZLoftis9,CeeDee Lamb,WR,False
1256316848832524288,League 2,10,1.0,2,ZLoftis9,Kyle Pitts,TE,True
1256316848832524288,League 2,10,1.0,2,ZLoftis9,Jake Ferguson,TE,False
1256316848832524288,League 2,10,1.0,2,ZLoftis9,Cleveland Browns,DEF,True
1256316848832524288,League 2,10,1.0,2,ZLoftis9,New England Patriots,DEF,False
1256316848832524288,League 2,10,1.0,3,PlayaHaterOTY,Jake Bates,K,True
1256316848832524288,League 2,10,1.0,3,PlayaHaterOTY,Travis Hunter,WR,False
1256316848832524288,League 2,10,1.0,3,PlayaHaterOTY,Jacory Croskey-Merritt,RB,False
1256316848832524288,League 2,10,1.0,3,PlayaHaterOTY,Alvin Kamara,RB,False
1256316848832524288,League 2,10,1.0,3,PlayaHaterOTY,Matthew Stafford,QB,True
1256316848832524288,League 2,10,1.0,3,PlayaHaterOTY,Dallas Goedert,TE,True
1256316848832524288,League 2,10,1.0,3,PlayaHaterOTY,David Montgomery,RB,True
1256316848832524288,League 2,10,1.0,3,PlayaHaterOTY,Ty Johnson,RB,False
1256316848832524288,League 2,10,1.0,3,PlayaHaterOTY,D'Andre Swift,RB,True
1256316848832524288,League 2,10,1.0,3,PlayaHaterOTY,Amon-Ra St. Brown,WR,True
1256316848832524288,League 2,10,1.0,3,PlayaHaterOTY,Rhamondre Stevenson,RB,False
1256316848832524288,League 2,10,1.0,3,PlayaHaterOTY,Romeo Doubs,WR,True
1256316848832524288,League 2,10,1.0,3,PlayaHaterOTY,Chris Olave,WR,True
1256316848832524288,League 2,10,1.0,3,PlayaHaterOTY,Parker Washington,WR,False
1256316848832524288,League 2,10,1.0,3,PlayaHaterOTY,Puka Nacua,WR,True
1256316848832524288,League 2,10,1.0,3,PlayaHaterOTY,Zach Charbonnet,RB,False
1256316848832524288,League 2,10,1.0,3,PlayaHaterOTY,Detroit Lions,DEF,True
1256316848832524288,League 2,10,4.0,4,Gonzo4537,Emari Demercado,RB,True
1256316848832524288,League 2,10,4.0,4,Gonzo4537,Xavier Worthy,WR,False
1256316848832524288,League 2,10,4.0,4,Gonzo4537,Omarion Hampton,RB,False
1256316848832524288,League 2,10,4.0,4,Gonzo4537,Emeka Egbuka,WR,True
1256316848832524288,League 2,10,4.0,4,Gonzo4537,Tyler Warren,TE,True
1256316848832524288,League 2,10,4.0,4,Gonzo4537,TreVeyon Henderson,RB,True
1256316848832524288,League 2,10,4.0,4,Gonzo4537,Jason Myers,K,True
1256316848832524288,League 2,10,4.0,4,Gonzo4537,Patrick Mahomes,QB,False
1256316848832524288,League 2,10,4.0,4,Gonzo4537,Sam Darnold,QB,True
1256316848832524288,League 2,10,4.0,4,Gonzo4537,Devin Singletary,RB,False
1256316848832524288,League 2,10,4.0,4,Gonzo4537,Olamide Zaccheaus,WR,True
1256316848832524288,League 2,10,4.0,4,Gonzo4537,Nico Collins,WR,True
1256316848832524288,League 2,10,4.0,4,Gonzo4537,Chuba Hubbard,RB,False
1256316848832524288,League 2,10,4.0,4,Gonzo4537,Wan'Dale Robinson,WR,True
1256316848832524288,League 2,10,4.0,4,Gonzo4537,George Pickens,WR,False
1256316848832524288,League 2,10,4.0,4,Gonzo4537,Tyjae Spears,RB,False
1256316848832524288,League 2,10,4.0,4,Gonzo4537,Jacksonville Jaguars,DEF,True
1256316848832524288,League 2,10,5.0,5,aIexwright,Chris Rodriguez,RB,False
1256316848832524288,League 2,10,5.0,5,aIexwright,Sam LaPorta,TE,True
1256316848832524288,League 2,10,5.0,5,aIexwright,Trey Benson,RB,False
1256316848832524288,League 2,10,5.0,5,aIexwright,Zach Ertz,TE,False
1256316848832524288,League 2,10,5.0,5,aIexwright,Sterling Shepard,WR,False
1256316848832524288,League 2,10,5.0,5,aIexwright,Christian McCaffrey,RB,True
1256316848832524288,League 2,10,5.0,5,aIexwright,Chris Godwin,WR,False
1256316848832524288,League 2,10,5.0,5,aIexwright,Josh Allen,QB,True
1256316848832524288,League 2,10,5.0,5,aIexwright,Eddy Pineiro,K,True
1256316848832524288,League 2,10,5.0,5,aIexwright,DK Metcalf,WR,True
1256316848832524288,League 2,10,5.0,5,aIexwright,A.J. Brown,WR,True
1256316848832524288,League 2,10,5.0,5,aIexwright,Justin Herbert,QB,False
1256316848832524288,League 2,10,5.0,5,aIexwright,Jaylen Waddle,WR,True
1256316848832524288,League 2,10,5.0,5,aIexwright,Travis Etienne,RB,False
1256316848832524288,League 2,10,5.0,5,aIexwright,De'Von Achane,RB,True
1256316848832524288,League 2,10,5.0,5,aIexwright,Quentin Johnston,WR,True
1256316848832524288,League 2,10,5.0,5,aIexwright,Indianapolis Colts,DEF,True
1256316848832524288,League 2,10,4.0,6,dbrauer23,Brock Bowers,TE,True
1256316848832524288,League 2,10,4.0,6,dbrauer23,Tyrone Tracy,RB,False
1256316848832524288,League 2,10,4.0,6,dbrauer23,Harold Fannin,TE,False
1256316848832524288,League 2,10,4.0,6,dbrauer23,Quinshon Judkins,RB,True
1256316848832524288,League 2,10,4.0,6,dbrauer23,Jared Goff,QB,True
1256316848832524288,League 2,10,4.0,6,dbrauer23,Derrick Henry,RB,True
1256316848832524288,League 2,10,4.0,6,dbrauer23,Deebo Samuel,WR,True
1256316848832524288,League 2,10,4.0,6,dbrauer23,Terry McLaurin,WR,False
1256316848832524288,League 2,10,4.0,6,dbrauer23,Jakobi Meyers,WR,False
1256316848832524288,League 2,10,4.0,6,dbrauer23,Matt Gay,K,True
1256316848832524288,League 2,10,4.0,6,dbrauer23,Joe Burrow,QB,False
1256316848832524288,League 2,10,4.0,6,dbrauer23,Tee Higgins,WR,False
1256316848832524288,League 2,10,4.0,6,dbrauer23,Michael Pittman,WR,True
1256316848832524288,League 2,10,4.0,6,dbrauer23,DeVonta Smith,WR,False
1256316848832524288,League 2,10,4.0,6,dbrauer23,Rachaad White,RB,True
1256316848832524288,League 2,10,4.0,6,dbrauer23,Kyren Williams,RB,True
1256316848832524288,League 2,10,4.0,6,dbrauer23,Green Bay Packers,DEF,True
1256316848832524288,League 2,10,5.0,7,Spicymeatball69,Drake Maye,QB,True
1256316848832524288,League 2,10,5.0,7,Spicymeatball69,Brian Thomas,WR,False
1256316848832524288,League 2,10,5.0,7,Spicymeatball69,Matt Prater,K,True
1256316848832524288,League 2,10,5.0,7,Spicymeatball69,Davante Adams,WR,True
1256316848832524288,League 2,10,5.0,7,Spicymeatball69,Ka'imi Fairbairn,K,False
1256316848832524288,League 2,10,5.0,7,Spicymeatball69,George Kittle,TE,True
1256316848832524288,League 2,10,5.0,7,Spicymeatball69,Baker Mayfield,QB,False
1256316848832524288,League 2,10,5.0,7,Spicymeatball69,Justin Jefferson,WR,True
1256316848832524288,League 2,10,5.0,7,Spicymeatball69,Jonathan Taylor,RB,True
1256316848832524288,League 2,10,5.0,7,Spicymeatball69,Javonte Williams,RB,False
1256316848832524288,League 2,10,5.0,7,Spicymeatball69,Alec Pierce,WR,False
1256316848832524288,League 2,10,5.0,7,Spicymeatball69,Jameson Williams,WR,False
1256316848832524288,League 2,10,5.0,7,Spicymeatball69,Jaylen Warren,RB,True
1256316848832524288,League 2,10,5.0,7,Spicymeatball69,Jahmyr Gibbs,RB,True
1256316848832524288,League 2,10,5.0,7,Spicymeatball69,Jordan Addison,WR,True
1256316848832524288,League 2,10,5.0,7,Spicymeatball69,Buffalo Bills,DEF,True
1256316848832524288,League 2,10,3.0,8,YourBeanFriend,Dalton Kincaid,TE,True
1256316848832524288,League 2,10,3.0,8,YourBeanFriend,Bo Nix,QB,True
1256316848832524288,League 2,10,3.0,8,YourBeanFriend,Rome Odunze,WR,True
1256316848832524288,League 2,10,3.0,8,YourBeanFriend,Marvin Harrison,WR,True
1256316848832524288,League 2,10,3.0,8,YourBeanFriend,Keon Coleman,WR,False
1256316848832524288,League 2,10,3.0,8,YourBeanFriend,Oronde Gadsden,TE,True
1256316848832524288,League 2,10,3.0,8,YourBeanFriend,Nick Chubb,RB,False
1256316848832524288,League 2,10,3.0,8,YourBeanFriend,Josh Jacobs,RB,True
1256316848832524288,League 2,10,3.0,8,YourBeanFriend,Ja'Marr Chase,WR,False
1256316848832524288,League 2,10,3.0,8,YourBeanFriend,Khalil Shakir,WR,True
1256316848832524288,League 2,10,3.0,8,YourBeanFriend,Kenneth Walker,RB,True
1256316848832524288,League 2,10,3.0,8,YourBeanFriend,Brock Purdy,QB,False
1256316848832524288,League 2,10,3.0,8,YourBeanFriend,Cameron Dicker,K,True
1256316848832524288,League 2,10,3.0,8,YourBeanFriend,Chase Brown,RB,False
1256316848832524288,League 2,10,3.0,8,YourBeanFriend,Houston Texans,DEF,True
1256316848832524288,League 2,10,2.0,9,NotKool,Rashee Rice,WR,False
1256316848832524288,League 2,10,2.0,9,NotKool,Brandon Aubrey,K,False
1256316848832524288,League 2,10,2.0,9,NotKool,RJ Harvey,RB,False
1256316848832524288,League 2,10,2.0,9,NotKool,Kyle Monangai,RB,True
1256316848832524288,League 2,10,2.0,9,NotKool,Keenan Allen,WR,True
1256316848832524288,League 2,10,2.0,9,NotKool,Cairo Santos,K,True
1256316848832524288,League 2,10,2.0,9,NotKool,Lamar Jackson,QB,True
1256316848832524288,League 2,10,2.0,9,NotKool,DJ Moore,WR,True
1256316848832524288,League 2,10,2.0,9,NotKool,Mark Andrews,TE,True
1256316848832524288,League 2,10,2.0,9,NotKool,Courtland Sutton,WR,True
1256316848832524288,League 2,10,2.0,9,NotKool,Daniel Jones,QB,False
1256316848832524288,League 2,10,2.0,9,NotKool,Tony Pollard,RB,False
1256316848832524288,League 2,10,2.0,9,NotKool,Cade Otton,TE,False
1256316848832524288,League 2,10,2.0,9,NotKool,James Cook,RB,True
1256316848832524288,League 2,10,2.0,9,NotKool,Breece Hall,RB,True
1256316848832524288,League 2,10,2.0,9,NotKool,Denver Broncos,DEF,True
1256316848832524288,League 2,10,3.0,10,Nick0M,Travis Kelce,TE,False
1256316848832524288,League 2,10,3.0,10,Nick0M,Mike Evans,WR,False
1256316848832524288,League 2,10,3.0,10,Nick0M,Jake Elliott,K,True
1256316848832524288,League 2,10,3.0,10,Nick0M,Kendrick Bourne,WR,True
1256316848832524288,League 2,10,3.0,10,Nick0M,Saquon Barkley,RB,True
1256316848832524288,League 2,10,3.0,10,Nick0M,Darius Slayton,WR,True
1256316848832524288,League 2,10,3.0,10,Nick0M,Jerry Jeudy,WR,False
1256316848832524288,League 2,10,3.0,10,Nick0M,J.K. Dobbins,RB,True
1256316848832524288,League 2,10,3.0,10,Nick0M,Jalen Hurts,QB,True
1256316848832524288,League 2,10,3.0,10,Nick0M,Juwan Johnson,TE,True
1256316848832524288,League 2,10,3.0,10,Nick0M,Darnell Mooney,WR,False
1256316848832524288,League 2,10,3.0,10,Nick0M,Kenneth Gainwell,RB,False
1256316848832524288,League 2,10,3.0,10,Nick0M,Garrett Wilson,WR,True
1256316848832524288,League 2,10,3.0,10,Nick0M,Rashid Shaheed,WR,False
1256316848832524288,League 2,10,3.0,10,Nick0M,Luke Musgrave,TE,False
1256316848832524288,League 2,10,3.0,10,Nick0M,Zay Flowers,WR,True
1256316848832524288,League 2,10,3.0,10,Nick0M,Seattle Seahawks,DEF,True
1256316848832524288,League 2,11,2.0,1,Caseyp12,Caleb Williams,QB,False
1256316848832524288,League 2,11,2.0,1,Caseyp12,Ricky Pearsall,WR,False
1256316848832524288,League 2,11,2.0,1,Caseyp12,Woody Marks,RB,True
1256316848832524288,League 2,11,2.0,1,Caseyp12,Tetairoa McMillan,WR,True
1256316848832524288,League 2,11,2.0,1,Caseyp12,Dak Prescott,QB,True
1256316848832524288,League 2,11,2.0,1,Caseyp12,Calvin Ridley,WR,False
1256316848832524288,League 2,11,2.0,1,Caseyp12,Chase McLaughlin,K,True
1256316848832524288,League 2,11,2.0,1,Caseyp12,Rico Dowdle,RB,True
1256316848832524288,League 2,11,2.0,1,Caseyp12,Jauan Jennings,WR,False
1256316848832524288,League 2,11,2.0,1,Caseyp12,Drake London,WR,True
1256316848832524288,League 2,11,2.0,1,Caseyp12,Trey McBride,TE,True
1256316848832524288,League 2,11,2.0,1,Caseyp12,Tyler Allgeier,RB,False
1256316848832524288,League 2,11,2.0,1,Caseyp12,Brian Robinson,RB,False
1256316848832524288,League 2,11,2.0,1,Caseyp12,Jordan Mason,RB,False
1256316848832524288,League 2,11,2.0,1,Caseyp12,Jaxon Smith-Njigba,WR,True
1256316848832524288,League 2,11,2.0,1,Caseyp12,Bijan Robinson,RB,True
1256316848832524288,League 2,11,2.0,1,Caseyp12,Baltimore Ravens,DEF,True
1256316848832524288,League 2,11,1.0,2,ZLoftis9,Tre Tucker,WR,False
1256316848832524288,League 2,11,1.0,2,ZLoftis9,Bucky Irving,RB,False
1256316848832524288,League 2,11,1.0,2,ZLoftis9,Troy Franklin,WR,False
1256316848832524288,League 2,11,1.0,2,ZLoftis9,Ladd McConkey,WR,True
1256316848832524288,League 2,11,1.0,2,ZLoftis9,Kimani Vidal,RB,True
1256316848832524288,League 2,11,1.0,2,ZLoftis9,Tez Johnson,WR,False
1256316848832524288,League 2,11,1.0,2,ZLoftis9,Jaxson Dart,QB,False
1256316848832524288,League 2,11,1.0,2,ZLoftis9,Ashton Jeanty,RB,True
1256316848832524288,League 2,11,1.0,2,ZLoftis9,Chris Boswell,K,True
1256316848832524288,League 2,11,1.0,2,ZLoftis9,Stefon Diggs,WR,True
1256316848832524288,League 2,11,1.0,2,ZLoftis9,Aaron Jones,RB,True
1256316848832524288,League 2,11,1.0,2,ZLoftis9,CeeDee Lamb,WR,True
1256316848832524288,League 2,11,1.0,2,ZLoftis9,Jake Ferguson,TE,True
1256316848832524288,League 2,11,1.0,2,ZLoftis9,Brock Purdy,QB,True
1256316848832524288,League 2,11,1.0,2,ZLoftis9,Sean Tucker,RB,False
1256316848832524288,League 2,11,1.0,2,ZLoftis9,New England Patriots,DEF,True
1256316848832524288,League 2,11,2.0,3,PlayaHaterOTY,Jake Bates,K,True
1256316848832524288,League 2,11,2.0,3,PlayaHaterOTY,Travis Hunter,WR,False
1256316848832524288,League 2,11,2.0,3,PlayaHaterOTY,Jacory Croskey-Merritt,RB,False
1256316848832524288,League 2,11,2.0,3,PlayaHaterOTY,Alvin Kamara,RB,False
1256316848832524288,League 2,11,2.0,3,PlayaHaterOTY,Matthew Stafford,QB,True
1256316848832524288,League 2,11,2.0,3,PlayaHaterOTY,Dallas Goedert,TE,True
1256316848832524288,League 2,11,2.0,3,PlayaHaterOTY,David Montgomery,RB,False
1256316848832524288,League 2,11,2.0,3,PlayaHaterOTY,Ty Johnson,RB,False
1256316848832524288,League 2,11,2.0,3,PlayaHaterOTY,D'Andre Swift,RB,True
1256316848832524288,League 2,11,2.0,3,PlayaHaterOTY,Amon-Ra St. Brown,WR,True
1256316848832524288,League 2,11,2.0,3,PlayaHaterOTY,Rhamondre Stevenson,RB,False
1256316848832524288,League 2,11,2.0,3,PlayaHaterOTY,Romeo Doubs,WR,True
1256316848832524288,League 2,11,2.0,3,PlayaHaterOTY,Chris Olave,WR,False
1256316848832524288,League 2,11,2.0,3,PlayaHaterOTY,Parker Washington,WR,True
1256316848832524288,League 2,11,2.0,3,PlayaHaterOTY,Puka Nacua,WR,True
1256316848832524288,League 2,11,2.0,3,PlayaHaterOTY,Zach Charbonnet,RB,True
1256316848832524288,League 2,11,2.0,3,PlayaHaterOTY,Kansas City Chiefs,DEF,True
1256316848832524288,League 2,11,5.0,4,Gonzo4537,Emari Demercado,RB,False
1256316848832524288,League 2,11,5.0,4,Gonzo4537,Theo Johnson,TE,True
1256316848832524288,League 2,11,5.0,4,Gonzo4537,Xavier Worthy,WR,False
1256316848832524288,League 2,11,5.0,4,Gonzo4537,Omarion Hampton,RB,False
1256316848832524288,League 2,11,5.0,4,Gonzo4537,Emeka Egbuka,WR,True
1256316848832524288,League 2,11,5.0,4,Gonzo4537,Tyler Warren,TE,False
1256316848832524288,League 2,11,5.0,4,Gonzo4537,TreVeyon Henderson,RB,True
1256316848832524288,League 2,11,5.0,4,Gonzo4537,Jason Myers,K,True
1256316848832524288,League 2,11,5.0,4,Gonzo4537,Patrick Mahomes,QB,True
1256316848832524288,League 2,11,5.0,4,Gonzo4537,Kareem Hunt,RB,True
1256316848832524288,League 2,11,5.0,4,Gonzo4537,Sam Darnold,QB,False
1256316848832524288,League 2,11,5.0,4,Gonzo4537,Nico Collins,WR,True
1256316848832524288,League 2,11,5.0,4,Gonzo4537,Chuba Hubbard,RB,False
1256316848832524288,League 2,11,5.0,4,Gonzo4537,Wan'Dale Robinson,WR,True
1256316848832524288,League 2,11,5.0,4,Gonzo4537,George Pickens,WR,True
1256316848832524288,League 2,11,5.0,4,Gonzo4537,Tyjae Spears,RB,False
1256316848832524288,League 2,11,5.0,4,Gonzo4537,Los Angeles Chargers,DEF,True
1256316848832524288,League 2,11,5.0,5,aIexwright,Chris Rodriguez,RB,False
1256316848832524288,League 2,11,5.0,5,aIexwright,Sam LaPorta,TE,False
1256316848832524288,League 2,11,5.0,5,aIexwright,Trey Benson,RB,False
1256316848832524288,League 2,11,5.0,5,aIexwright,Zach Ertz,TE,True
1256316848832524288,League 2,11,5.0,5,aIexwright,Sterling Shepard,WR,False
1256316848832524288,League 2,11,5.0,5,aIexwright,Christian McCaffrey,RB,True
1256316848832524288,League 2,11,5.0,5,aIexwright,Chris Godwin,WR,False
1256316848832524288,League 2,11,5.0,5,aIexwright,Josh Allen,QB,True
1256316848832524288,League 2,11,5.0,5,aIexwright,Eddy Pineiro,K,True
1256316848832524288,League 2,11,5.0,5,aIexwright,DK Metcalf,WR,True
1256316848832524288,League 2,11,5.0,5,aIexwright,A.J. Brown,WR,True
1256316848832524288,League 2,11,5.0,5,aIexwright,Justin Herbert,QB,False
1256316848832524288,League 2,11,5.0,5,aIexwright,Jaylen Waddle,WR,True
1256316848832524288,League 2,11,5.0,5,aIexwright,Travis Etienne,RB,True
1256316848832524288,League 2,11,5.0,5,aIexwright,De'Von Achane,RB,True
1256316848832524288,League 2,11,5.0,5,aIexwright,Quentin Johnston,WR,False
1256316848832524288,League 2,11,5.0,5,aIexwright,Atlanta Falcons,DEF,True
1256316848832524288,League 2,11,3.0,6,dbrauer23,Brock Bowers,TE,True
1256316848832524288,League 2,11,3.0,6,dbrauer23,Tyrone Tracy,RB,False
1256316848832524288,League 2,11,3.0,6,dbrauer23,Harold Fannin,TE,False
1256316848832524288,League 2,11,3.0,6,dbrauer23,Quinshon Judkins,RB,True
1256316848832524288,League 2,11,3.0,6,dbrauer23,Jared Goff,QB,True
1256316848832524288,League 2,11,3.0,6,dbrauer23,Derrick Henry,RB,True
1256316848832524288,League 2,11,3.0,6,dbrauer23,Deebo Samuel,WR,True
1256316848832524288,League 2,11,3.0,6,dbrauer23,Terry McLaurin,WR,False
1256316848832524288,League 2,11,3.0,6,dbrauer23,Jakobi Meyers,WR,False
1256316848832524288,League 2,11,3.0,6,dbrauer23,Matt Gay,K,True
1256316848832524288,League 2,11,3.0,6,dbrauer23,Joe Burrow,QB,False
1256316848832524288,League 2,11,3.0,6,dbrauer23,Tee Higgins,WR,False
1256316848832524288,League 2,11,3.0,6,dbrauer23,Michael Pittman,WR,False
1256316848832524288,League 2,11,3.0,6,dbrauer23,DeVonta Smith,WR,True
1256316848832524288,League 2,11,3.0,6,dbrauer23,Rachaad White,RB,True
1256316848832524288,League 2,11,3.0,6,dbrauer23,Kyren Williams,RB,True
1256316848832524288,League 2,11,3.0,6,dbrauer23,Green Bay Packers,DEF,True
1256316848832524288,League 2,11,4.0,7,Spicymeatball69,Drake Maye,QB,True
1256316848832524288,League 2,11,4.0,7,Spicymeatball69,Brian Thomas,WR,False
1256316848832524288,League 2,11,4.0,7,Spicymeatball69,Matt Prater,K,True
1256316848832524288,League 2,11,4.0,7,Spicymeatball69,Davante Adams,WR,True
1256316848832524288,League 2,11,4.0,7,Spicymeatball69,Ka'imi Fairbairn,K,False
1256316848832524288,League 2,11,4.0,7,Spicymeatball69,George Kittle,TE,True
1256316848832524288,League 2,11,4.0,7,Spicymeatball69,Baker Mayfield,QB,False
1256316848832524288,League 2,11,4.0,7,Spicymeatball69,Justin Jefferson,WR,True
1256316848832524288,League 2,11,4.0,7,Spicymeatball69,Jonathan Taylor,RB,False
1256316848832524288,League 2,11,4.0,7,Spicymeatball69,Javonte Williams,RB,True
1256316848832524288,League 2,11,4.0,7,Spicymeatball69,Alec Pierce,WR,False
1256316848832524288,League 2,11,4.0,7,Spicymeatball69,Jameson Williams,WR,True
1256316848832524288,League 2,11,4.0,7,Spicymeatball69,Jaylen Warren,RB,True
1256316848832524288,League 2,11,4.0,7,Spicymeatball69,Jahmyr Gibbs,RB,True
1256316848832524288,League 2,11,4.0,7,Spicymeatball69,Jordan Addison,WR,False
1256316848832524288,League 2,11,4.0,7,Spicymeatball69,Pittsburgh Steelers,DEF,True
1256316848832524288,League 2,11,3.0,8,YourBeanFriend,Dalton Kincaid,TE,False
1256316848832524288,League 2,11,3.0,8,YourBeanFriend,Bo Nix,QB,False
1256316848832524288,League 2,11,3.0,8,YourBeanFriend,Rome Odunze,WR,True
1256316848832524288,League 2,11,3.0,8,YourBeanFriend,Marvin Harrison,WR,False
1256316848832524288,League 2,11,3.0,8,YourBeanFriend,Keon Coleman,WR,True
1256316848832524288,League 2,11,3.0,8,YourBeanFriend,Oronde Gadsden,TE,True
1256316848832524288,League 2,11,3.0,8,YourBeanFriend,Joe Flacco,QB,True
1256316848832524288,League 2,11,3.0,8,YourBeanFriend,Nick Chubb,RB,False
1256316848832524288,League 2,11,3.0,8,YourBeanFriend,Dalton Schultz,TE,False
1256316848832524288,League 2,11,3.0,8,YourBeanFriend,Josh Jacobs,RB,True
1256316848832524288,League 2,11,3.0,8,YourBeanFriend,Ja'Marr Chase,WR,True
1256316848832524288,League 2,11,3.0,8,YourBeanFriend,Khalil Shakir,WR,True
1256316848832524288,League 2,11,3.0,8,YourBeanFriend,Kenneth Walker,RB,False
1256316848832524288,League 2,11,3.0,8,YourBeanFriend,Cameron Dicker,K,True
1256316848832524288,League 2,11,3.0,8,YourBeanFriend,Chase Brown,RB,True
1256316848832524288,League 2,11,3.0,8,YourBeanFriend,Houston Texans,DEF,True
1256316848832524288,League 2,11,1.0,9,NotKool,Rashee Rice,WR,True
1256316848832524288,League 2,11,1.0,9,NotKool,Brandon Aubrey,K,True
1256316848832524288,League 2,11,1.0,9,NotKool,RJ Harvey,RB,True
1256316848832524288,League 2,11,1.0,9,NotKool,Kyle Monangai,RB,False
1256316848832524288,League 2,11,1.0,9,NotKool,Kyle Williams,WR,False
1256316848832524288,League 2,11,1.0,9,NotKool,Keenan Allen,WR,True
1256316848832524288,League 2,11,1.0,9,NotKool,Lamar Jackson,QB,True
1256316848832524288,League 2,11,1.0,9,NotKool,DJ Moore,WR,False
1256316848832524288,League 2,11,1.0,9,NotKool,Mark Andrews,TE,False
1256316848832524288,League 2,11,1.0,9,NotKool,Courtland Sutton,WR,True
1256316848832524288,League 2,11,1.0,9,NotKool,Daniel Jones,QB,False
1256316848832524288,League 2,11,1.0,9,NotKool,Tony Pollard,RB,False
1256316848832524288,League 2,11,1.0,9,NotKool,Cade Otton,TE,True
1256316848832524288,League 2,11,1.0,9,NotKool,James Cook,RB,True
1256316848832524288,League 2,11,1.0,9,NotKool,Breece Hall,RB,True
1256316848832524288,League 2,11,1.0,9,NotKool,Denver Broncos,DEF,True
1256316848832524288,League 2,11,4.0,10,Nick0M,Michael Wilson,WR,True
1256316848832524288,League 2,11,4.0,10,Nick0M,Malik Washington,WR,True
1256316848832524288,League 2,11,4.0,10,Nick0M,Travis Kelce,TE,True
1256316848832524288,League 2,11,4.0,10,Nick0M,Harrison Butker,K,True
1256316848832524288,League 2,11,4.0,10,Nick0M,Kendrick Bourne,WR,False
1256316848832524288,League 2,11,4.0,10,Nick0M,Saquon Barkley,RB,True
1256316848832524288,League 2,11,4.0,10,Nick0M,Darius Slayton,WR,False
1256316848832524288,League 2,11,4.0,10,Nick0M,Jerry Jeudy,WR,False
1256316848832524288,League 2,11,4.0,10,Nick0M,Jalen Hurts,QB,True
1256316848832524288,League 2,11,4.0,10,Nick0M,Darnell Mooney,WR,False
1256316848832524288,League 2,11,4.0,10,Nick0M,Kenneth Gainwell,RB,True
1256316848832524288,League 2,11,4.0,10,Nick0M,Garrett Wilson,WR,False
1256316848832524288,League 2,11,4.0,10,Nick0M,Jalen Nailor,WR,True
1256316848832524288,League 2,11,4.0,10,Nick0M,Rashid Shaheed,WR,False
1256316848832524288,League 2,11,4.0,10,Nick0M,Zay Flowers,WR,True
1256316848832524288,League 2,11,4.0,10,Nick0M,Seattle Seahawks,DEF,True
1256316848832524288,League 2,12,1.0,1,Caseyp12,Chris Rodriguez,RB,False
1256316848832524288,League 2,12,1.0,1,Caseyp12,Ricky Pearsall,WR,False
1256316848832524288,League 2,12,1.0,1,Caseyp12,Woody Marks,RB,True
1256316848832524288,League 2,12,1.0,1,Caseyp12,Bhayshul Tuten,RB,False
1256316848832524288,League 2,12,1.0,1,Caseyp12,Tetairoa McMillan,WR,True
1256316848832524288,League 2,12,1.0,1,Caseyp12,Dak Prescott,QB,True
1256316848832524288,League 2,12,1.0,1,Caseyp12,Chase McLaughlin,K,True
1256316848832524288,League 2,12,1.0,1,Caseyp12,Rico Dowdle,RB,True
1256316848832524288,League 2,12,1.0,1,Caseyp12,Jauan Jennings,WR,True
1256316848832524288,League 2,12,1.0,1,Caseyp12,Drake London,WR,False
1256316848832524288,League 2,12,1.0,1,Caseyp12,Trey McBride,TE,True
1256316848832524288,League 2,12,1.0,1,Caseyp12,Tyler Allgeier,RB,False
1256316848832524288,League 2,12,1.0,1,Caseyp12,Jordan Mason,RB,False
1256316848832524288,League 2,12,1.0,1,Caseyp12,Jaxon Smith-Njigba,WR,True
1256316848832524288,League 2,12,1.0,1,Caseyp12,Bijan Robinson,RB,True
1256316848832524288,League 2,12,1.0,1,Caseyp12,Baltimore Ravens,DEF,True
1256316848832524288,League 2,12,1.0,2,ZLoftis9,Emanuel Wilson,RB,True
1256316848832524288,League 2,12,1.0,2,ZLoftis9,Caleb Williams,QB,True
1256316848832524288,League 2,12,1.0,2,ZLoftis9,Bo Nix,QB,False
1256316848832524288,League 2,12,1.0,2,ZLoftis9,Bucky Irving,RB,False
1256316848832524288,League 2,12,1.0,2,ZLoftis9,Troy Franklin,WR,False
1256316848832524288,League 2,12,1.0,2,ZLoftis9,Ladd McConkey,WR,False
1256316848832524288,League 2,12,1.0,2,ZLoftis9,Kimani Vidal,RB,False
1256316848832524288,League 2,12,1.0,2,ZLoftis9,Jaxson Dart,QB,False
1256316848832524288,League 2,12,1.0,2,ZLoftis9,Ashton Jeanty,RB,True
1256316848832524288,League 2,12,1.0,2,ZLoftis9,Chris Boswell,K,True
1256316848832524288,League 2,12,1.0,2,ZLoftis9,Stefon Diggs,WR,True
1256316848832524288,League 2,12,1.0,2,ZLoftis9,Aaron Jones,RB,True
1256316848832524288,League 2,12,1.0,2,ZLoftis9,CeeDee Lamb,WR,True
1256316848832524288,League 2,12,1.0,2,ZLoftis9,Jake Ferguson,TE,True
1256316848832524288,League 2,12,1.0,2,ZLoftis9,Sean Tucker,RB,True
1256316848832524288,League 2,12,1.0,2,ZLoftis9,Cleveland Browns,DEF,True
1256316848832524288,League 2,12,2.0,3,PlayaHaterOTY,Jake Bates,K,True
1256316848832524288,League 2,12,2.0,3,PlayaHaterOTY,Travis Hunter,WR,False
1256316848832524288,League 2,12,2.0,3,PlayaHaterOTY,Alvin Kamara,RB,False
1256316848832524288,League 2,12,2.0,3,PlayaHaterOTY,Matthew Stafford,QB,True
1256316848832524288,League 2,12,2.0,3,PlayaHaterOTY,Dallas Goedert,TE,True
1256316848832524288,League 2,12,2.0,3,PlayaHaterOTY,David Montgomery,RB,False
1256316848832524288,League 2,12,2.0,3,PlayaHaterOTY,Ty Johnson,RB,False
1256316848832524288,League 2,12,2.0,3,PlayaHaterOTY,D'Andre Swift,RB,True
1256316848832524288,League 2,12,2.0,3,PlayaHaterOTY,Amon-Ra St. Brown,WR,True
1256316848832524288,League 2,12,2.0,3,PlayaHaterOTY,Rhamondre Stevenson,RB,False
1256316848832524288,League 2,12,2.0,3,PlayaHaterOTY,Romeo Doubs,WR,True
1256316848832524288,League 2,12,2.0,3,PlayaHaterOTY,Chris Olave,WR,True
1256316848832524288,League 2,12,2.0,3,PlayaHaterOTY,Parker Washington,WR,False
1256316848832524288,League 2,12,2.0,3,PlayaHaterOTY,Puka Nacua,WR,True
1256316848832524288,League 2,12,2.0,3,PlayaHaterOTY,Zach Charbonnet,RB,True
1256316848832524288,League 2,12,2.0,3,PlayaHaterOTY,New England Patriots,DEF,True
1256316848832524288,League 2,12,3.0,4,Gonzo4537,Xavier Worthy,WR,False
1256316848832524288,League 2,12,3.0,4,Gonzo4537,Omarion Hampton,RB,False
1256316848832524288,League 2,12,3.0,4,Gonzo4537,Emeka Egbuka,WR,True
1256316848832524288,League 2,12,3.0,4,Gonzo4537,Tyler Warren,TE,True
1256316848832524288,League 2,12,3.0,4,Gonzo4537,TreVeyon Henderson,RB,True
1256316848832524288,League 2,12,3.0,4,Gonzo4537,Jason Myers,K,True
1256316848832524288,League 2,12,3.0,4,Gonzo4537,Patrick Mahomes,QB,True
1256316848832524288,League 2,12,3.0,4,Gonzo4537,Kareem Hunt,RB,True
1256316848832524288,League 2,12,3.0,4,Gonzo4537,Mack Hollins,WR,False
1256316848832524288,League 2,12,3.0,4,Gonzo4537,Nico Collins,WR,True
1256316848832524288,League 2,12,3.0,4,Gonzo4537,Chuba Hubbard,RB,False
1256316848832524288,League 2,12,3.0,4,Gonzo4537,Zonovan Knight,RB,False
1256316848832524288,League 2,12,3.0,4,Gonzo4537,Wan'Dale Robinson,WR,True
1256316848832524288,League 2,12,3.0,4,Gonzo4537,George Pickens,WR,True
1256316848832524288,League 2,12,3.0,4,Gonzo4537,Kayshon Boutte,WR,False
1256316848832524288,League 2,12,3.0,4,Gonzo4537,Tyjae Spears,RB,False
1256316848832524288,League 2,12,3.0,4,Gonzo4537,Las Vegas Raiders,DEF,True
1256316848832524288,League 2,12,4.0,5,aIexwright,Andrei Iosivas,WR,True
1256316848832524288,League 2,12,4.0,5,aIexwright,Sam LaPorta,TE,False
1256316848832524288,League 2,12,4.0,5,aIexwright,Trey Benson,RB,False
1256316848832524288,League 2,12,4.0,5,aIexwright,Cairo Santos,K,True
1256316848832524288,League 2,12,4.0,5,aIexwright,Hunter Henry,TE,True
1256316848832524288,League 2,12,4.0,5,aIexwright,Christian McCaffrey,RB,True
1256316848832524288,League 2,12,4.0,5,aIexwright,Chris Godwin,WR,False
1256316848832524288,League 2,12,4.0,5,aIexwright,Josh Allen,QB,True
1256316848832524288,League 2,12,4.0,5,aIexwright,DK Metcalf,WR,True
1256316848832524288,League 2,12,4.0,5,aIexwright,A.J. Brown,WR,True
1256316848832524288,League 2,12,4.0,5,aIexwright,Justin Herbert,QB,False
1256316848832524288,League 2,12,4.0,5,aIexwright,Jaylen Waddle,WR,False
1256316848832524288,League 2,12,4.0,5,aIexwright,Travis Etienne,RB,True
1256316848832524288,League 2,12,4.0,5,aIexwright,Christian Watson,WR,True
1256316848832524288,League 2,12,4.0,5,aIexwright,De'Von Achane,RB,False
1256316848832524288,League 2,12,4.0,5,aIexwright,Quentin Johnston,WR,False
1256316848832524288,League 2,12,4.0,5,aIexwright,Atlanta Falcons,DEF,True
1256316848832524288,League 2,12,5.0,6,dbrauer23,Brock Bowers,TE,True
1256316848832524288,League 2,12,5.0,6,dbrauer23,Tyrone Tracy,RB,False
1256316848832524288,League 2,12,5.0,6,dbrauer23,Harold Fannin,TE,False
1256316848832524288,League 2,12,5.0,6,dbrauer23,Quinshon Judkins,RB,True
1256316848832524288,League 2,12,5.0,6,dbrauer23,Jared Goff,QB,True
1256316848832524288,League 2,12,5.0,6,dbrauer23,Derrick Henry,RB,True
1256316848832524288,League 2,12,5.0,6,dbrauer23,Deebo Samuel,WR,False
1256316848832524288,League 2,12,5.0,6,dbrauer23,Terry McLaurin,WR,False
1256316848832524288,League 2,12,5.0,6,dbrauer23,Jakobi Meyers,WR,False
1256316848832524288,League 2,12,5.0,6,dbrauer23,Matt Gay,K,True
1256316848832524288,League 2,12,5.0,6,dbrauer23,Joe Burrow,QB,False
1256316848832524288,League 2,12,5.0,6,dbrauer23,Tee Higgins,WR,True
1256316848832524288,League 2,12,5.0,6,dbrauer23,Michael Pittman,WR,True
1256316848832524288,League 2,12,5.0,6,dbrauer23,DeVonta Smith,WR,True
1256316848832524288,League 2,12,5.0,6,dbrauer23,Rachaad White,RB,False
1256316848832524288,League 2,12,5.0,6,dbrauer23,Kyren Williams,RB,True
1256316848832524288,League 2,12,5.0,6,dbrauer23,Green Bay Packers,DEF,True
1256316848832524288,League 2,12,5.0,7,Spicymeatball69,Drake Maye,QB,True
1256316848832524288,League 2,12,5.0,7,Spicymeatball69,Brian Thomas,WR,False
1256316848832524288,League 2,12,5.0,7,Spicymeatball69,Tez Johnson,WR,False
1256316848832524288,League 2,12,5.0,7,Spicymeatball69,Davante Adams,WR,True
1256316848832524288,League 2,12,5.0,7,Spicymeatball69,Ka'imi Fairbairn,K,True
1256316848832524288,League 2,12,5.0,7,Spicymeatball69,George Kittle,TE,True
1256316848832524288,League 2,12,5.0,7,Spicymeatball69,Baker Mayfield,QB,False
1256316848832524288,League 2,12,5.0,7,Spicymeatball69,Justin Jefferson,WR,True
1256316848832524288,League 2,12,5.0,7,Spicymeatball69,Jonathan Taylor,RB,True
1256316848832524288,League 2,12,5.0,7,Spicymeatball69,Javonte Williams,RB,True
1256316848832524288,League 2,12,5.0,7,Spicymeatball69,Alec Pierce,WR,False
1256316848832524288,League 2,12,5.0,7,Spicymeatball69,Jameson Williams,WR,True
1256316848832524288,League 2,12,5.0,7,Spicymeatball69,Jaylen Warren,RB,False
1256316848832524288,League 2,12,5.0,7,Spicymeatball69,Jahmyr Gibbs,RB,True
1256316848832524288,League 2,12,5.0,7,Spicymeatball69,Jordan Addison,WR,False
1256316848832524288,League 2,12,5.0,7,Spicymeatball69,Detroit Lions,DEF,True
1256316848832524288,League 2,12,3.0,8,YourBeanFriend,Dalton Kincaid,TE,False
1256316848832524288,League 2,12,3.0,8,YourBeanFriend,Rome Odunze,WR,True
1256316848832524288,League 2,12,3.0,8,YourBeanFriend,Marvin Harrison,WR,False
1256316848832524288,League 2,12,3.0,8,YourBeanFriend,Oronde Gadsden,TE,False
1256316848832524288,League 2,12,3.0,8,YourBeanFriend,Tyler Loop,K,True
1256316848832524288,League 2,12,3.0,8,YourBeanFriend,Dalton Schultz,TE,True
1256316848832524288,League 2,12,3.0,8,YourBeanFriend,Josh Jacobs,RB,False
1256316848832524288,League 2,12,3.0,8,YourBeanFriend,Devin Singletary,RB,True
1256316848832524288,League 2,12,3.0,8,YourBeanFriend,Ja'Marr Chase,WR,False
1256316848832524288,League 2,12,3.0,8,YourBeanFriend,Khalil Shakir,WR,True
1256316848832524288,League 2,12,3.0,8,YourBeanFriend,John Metchie,WR,True
1256316848832524288,League 2,12,3.0,8,YourBeanFriend,Kenneth Walker,RB,True
1256316848832524288,League 2,12,3.0,8,YourBeanFriend,Brock Purdy,QB,True
1256316848832524288,League 2,12,3.0,8,YourBeanFriend,Cameron Dicker,K,False
1256316848832524288,League 2,12,3.0,8,YourBeanFriend,Chase Brown,RB,True
1256316848832524288,League 2,12,3.0,8,YourBeanFriend,Houston Texans,DEF,True
1256316848832524288,League 2,12,2.0,9,NotKool,Rashee Rice,WR,True
1256316848832524288,League 2,12,2.0,9,NotKool,Brandon Aubrey,K,True
1256316848832524288,League 2,12,2.0,9,NotKool,RJ Harvey,RB,False
1256316848832524288,League 2,12,2.0,9,NotKool,Kyle Monangai,RB,True
1256316848832524288,League 2,12,2.0,9,NotKool,Keenan Allen,WR,False
1256316848832524288,League 2,12,2.0,9,NotKool,Lamar Jackson,QB,True
1256316848832524288,League 2,12,2.0,9,NotKool,DJ Moore,WR,True
1256316848832524288,League 2,12,2.0,9,NotKool,Mark Andrews,TE,True
1256316848832524288,League 2,12,2.0,9,NotKool,Courtland Sutton,WR,False
1256316848832524288,League 2,12,2.0,9,NotKool,Daniel Jones,QB,False
1256316848832524288,League 2,12,2.0,9,NotKool,Tony Pollard,RB,False
1256316848832524288,League 2,12,2.0,9,NotKool,Cade Otton,TE,True
1256316848832524288,League 2,12,2.0,9,NotKool,James Cook,RB,True
1256316848832524288,League 2,12,2.0,9,NotKool,Breece Hall,RB,True
1256316848832524288,League 2,12,2.0,9,NotKool,Denver Broncos,DEF,False
1256316848832524288,League 2,12,2.0,9,NotKool,Los Angeles Rams,DEF,True
1256316848832524288,League 2,12,4.0,10,Nick0M,Michael Wilson,WR,True
1256316848832524288,League 2,12,4.0,10,Nick0M,Tyrell Shavers,WR,False
1256316848832524288,League 2,12,4.0,10,Nick0M,Malik Washington,WR,False
1256316848832524288,League 2,12,4.0,10,Nick0M,Travis Kelce,TE,True
1256316848832524288,League 2,12,4.0,10,Nick0M,Harrison Butker,K,True
1256316848832524288,League 2,12,4.0,10,Nick0M,Kendrick Bourne,WR,False
1256316848832524288,League 2,12,4.0,10,Nick0M,Saquon Barkley,RB,True
1256316848832524288,League 2,12,4.0,10,Nick0M,Greg Dortch,WR,False
1256316848832524288,League 2,12,4.0,10,Nick0M,Darius Slayton,WR,False
1256316848832524288,League 2,12,4.0,10,Nick0M,Jerry Jeudy,WR,False
1256316848832524288,League 2,12,4.0,10,Nick0M,Jalen Hurts,QB,True
1256316848832524288,League 2,12,4.0,10,Nick0M,Darnell Mooney,WR,True
1256316848832524288,League 2,12,4.0,10,Nick0M,Kenneth Gainwell,RB,True
1256316848832524288,League 2,12,4.0,10,Nick0M,Garrett Wilson,WR,False
1256316848832524288,League 2,12,4.0,10,Nick0M,Rashid Shaheed,WR,True
1256316848832524288,League 2,12,4.0,10,Nick0M,Zay Flowers,WR,True
1256316848832524288,League 2,12,4.0,10,Nick0M,Seattle Seahawks,DEF,True
1256316848832524288,League 2,13,4.0,1,Caseyp12,Chris Rodriguez,RB,False
1256316848832524288,League 2,13,4.0,1,Caseyp12,Jayden Reed,WR,False
1256316848832524288,League 2,13,4.0,1,Caseyp12,Ricky Pearsall,WR,False
1256316848832524288,League 2,13,4.0,1,Caseyp12,Cam Little,K,True
1256316848832524288,League 2,13,4.0,1,Caseyp12,Woody Marks,RB,True
1256316848832524288,League 2,13,4.0,1,Caseyp12,Devin Neal,RB,True
1256316848832524288,League 2,13,4.0,1,Caseyp12,Tetairoa McMillan,WR,True
1256316848832524288,League 2,13,4.0,1,Caseyp12,Dak Prescott,QB,True
1256316848832524288,League 2,13,4.0,1,Caseyp12,Rico Dowdle,RB,True
1256316848832524288,League 2,13,4.0,1,Caseyp12,Jauan Jennings,WR,False
1256316848832524288,League 2,13,4.0,1,Caseyp12,Drake London,WR,False
1256316848832524288,League 2,13,4.0,1,Caseyp12,Trey McBride,TE,True
1256316848832524288,League 2,13,4.0,1,Caseyp12,Tyler Allgeier,RB,False
1256316848832524288,League 2,13,4.0,1,Caseyp12,Alec Pierce,WR,False
1256316848832524288,League 2,13,4.0,1,Caseyp12,Jaxon Smith-Njigba,WR,True
1256316848832524288,League 2,13,4.0,1,Caseyp12,Bijan Robinson,RB,True
1256316848832524288,League 2,13,4.0,1,Caseyp12,Jacksonville Jaguars,DEF,True
1256316848832524288,League 2,13,1.0,2,ZLoftis9,Bo Nix,QB,False
1256316848832524288,League 2,13,1.0,2,ZLoftis9,Bucky Irving,RB,True
1256316848832524288,League 2,13,1.0,2,ZLoftis9,Theo Johnson,TE,False
1256316848832524288,League 2,13,1.0,2,ZLoftis9,Troy Franklin,WR,True
1256316848832524288,League 2,13,1.0,2,ZLoftis9,Ladd McConkey,WR,True
1256316848832524288,League 2,13,1.0,2,ZLoftis9,Tez Johnson,WR,False
1256316848832524288,League 2,13,1.0,2,ZLoftis9,Jaxson Dart,QB,True
1256316848832524288,League 2,13,1.0,2,ZLoftis9,Ashton Jeanty,RB,True
1256316848832524288,League 2,13,1.0,2,ZLoftis9,Chris Boswell,K,True
1256316848832524288,League 2,13,1.0,2,ZLoftis9,Stefon Diggs,WR,True
1256316848832524288,League 2,13,1.0,2,ZLoftis9,Aaron Jones,RB,False
1256316848832524288,League 2,13,1.0,2,ZLoftis9,CeeDee Lamb,WR,True
1256316848832524288,League 2,13,1.0,2,ZLoftis9,Jake Ferguson,TE,True
1256316848832524288,League 2,13,1.0,2,ZLoftis9,Jordan Mason,RB,False
1256316848832524288,League 2,13,1.0,2,ZLoftis9,Sean Tucker,RB,False
1256316848832524288,League 2,13,1.0,2,ZLoftis9,Cleveland Browns,DEF,False
1256316848832524288,League 2,13,1.0,2,ZLoftis9,Los Angeles Chargers,DEF,True
1256316848832524288,League 2,13,2.0,3,PlayaHaterOTY,Jake Bates,K,True
1256316848832524288,League 2,13,2.0,3,PlayaHaterOTY,Kimani Vidal,RB,False
1256316848832524288,League 2,13,2.0,3,PlayaHaterOTY,Jayden Higgins,WR,False
1256316848832524288,League 2,13,2.0,3,PlayaHaterOTY,Travis Hunter,WR,False
1256316848832524288,League 2,13,2.0,3,PlayaHaterOTY,Chimere Dike,WR,False
1256316848832524288,League 2,13,2.0,3,PlayaHaterOTY,Darren Waller,TE,False
1256316848832524288,League 2,13,2.0,3,PlayaHaterOTY,Matthew Stafford,QB,True
1256316848832524288,League 2,13,2.0,3,PlayaHaterOTY,Dallas Goedert,TE,True
1256316848832524288,League 2,13,2.0,3,PlayaHaterOTY,David Montgomery,RB,False
1256316848832524288,League 2,13,2.0,3,PlayaHaterOTY,D'Andre Swift,RB,True
1256316848832524288,League 2,13,2.0,3,PlayaHaterOTY,Amon-Ra St. Brown,WR,True
1256316848832524288,League 2,13,2.0,3,PlayaHaterOTY,Romeo Doubs,WR,True
1256316848832524288,League 2,13,2.0,3,PlayaHaterOTY,Chris Olave,WR,True
1256316848832524288,League 2,13,2.0,3,PlayaHaterOTY,Brenton Strange,TE,False
1256316848832524288,League 2,13,2.0,3,PlayaHaterOTY,Parker Washington,WR,False
1256316848832524288,League 2,13,2.0,3,PlayaHaterOTY,Puka Nacua,WR,True
1256316848832524288,League 2,13,2.0,3,PlayaHaterOTY,Zach Charbonnet,RB,True
1256316848832524288,League 2,13,2.0,3,PlayaHaterOTY,New England Patriots,DEF,False
1256316848832524288,League 2,13,5.0,4,Gonzo4537,Xavier Worthy,WR,False
1256316848832524288,League 2,13,5.0,4,Gonzo4537,Omarion Hampton,RB,False
1256316848832524288,League 2,13,5.0,4,Gonzo4537,Emeka Egbuka,WR,True
1256316848832524288,League 2,13,5.0,4,Gonzo4537,Tyler Warren,TE,True
1256316848832524288,League 2,13,5.0,4,Gonzo4537,TreVeyon Henderson,RB,True
1256316848832524288,League 2,13,5.0,4,Gonzo4537,Jason Myers,K,True
1256316848832524288,League 2,13,5.0,4,Gonzo4537,Patrick Mahomes,QB,True
1256316848832524288,League 2,13,5.0,4,Gonzo4537,Kareem Hunt,RB,False
1256316848832524288,League 2,13,5.0,4,Gonzo4537,Nico Collins,WR,True
1256316848832524288,League 2,13,5.0,4,Gonzo4537,Chuba Hubbard,RB,False
1256316848832524288,League 2,13,5.0,4,Gonzo4537,Zonovan Knight,RB,True
1256316848832524288,League 2,13,5.0,4,Gonzo4537,Wan'Dale Robinson,WR,True
1256316848832524288,League 2,13,5.0,4,Gonzo4537,George Pickens,WR,True
1256316848832524288,League 2,13,5.0,4,Gonzo4537,Isiah Pacheco,RB,False
1256316848832524288,League 2,13,5.0,4,Gonzo4537,Kayshon Boutte,WR,False
1256316848832524288,League 2,13,5.0,4,Gonzo4537,Tyjae Spears,RB,False
1256316848832524288,League 2,13,5.0,4,Gonzo4537,Philadelphia Eagles,DEF,True
1256316848832524288,League 2,13,4.0,5,aIexwright,Andrei Iosivas,WR,False
1256316848832524288,League 2,13,4.0,5,aIexwright,Sam LaPorta,TE,False
1256316848832524288,League 2,13,4.0,5,aIexwright,Trey Benson,RB,False
1256316848832524288,League 2,13,4.0,5,aIexwright,Cairo Santos,K,True
1256316848832524288,League 2,13,4.0,5,aIexwright,Hunter Henry,TE,True
1256316848832524288,League 2,13,4.0,5,aIexwright,Christian McCaffrey,RB,True
1256316848832524288,League 2,13,4.0,5,aIexwright,Chris Godwin,WR,False
1256316848832524288,League 2,13,4.0,5,aIexwright,Josh Allen,QB,True
1256316848832524288,League 2,13,4.0,5,aIexwright,DK Metcalf,WR,True
1256316848832524288,League 2,13,4.0,5,aIexwright,A.J. Brown,WR,True
1256316848832524288,League 2,13,4.0,5,aIexwright,Justin Herbert,QB,False
1256316848832524288,League 2,13,4.0,5,aIexwright,Jaylen Waddle,WR,True
1256316848832524288,League 2,13,4.0,5,aIexwright,Travis Etienne,RB,True
1256316848832524288,League 2,13,4.0,5,aIexwright,Christian Watson,WR,False
1256316848832524288,League 2,13,4.0,5,aIexwright,De'Von Achane,RB,True
1256316848832524288,League 2,13,4.0,5,aIexwright,Quentin Johnston,WR,False
1256316848832524288,League 2,13,4.0,5,aIexwright,Atlanta Falcons,DEF,True
1256316848832524288,League 2,13,3.0,6,dbrauer23,Brock Bowers,TE,True
1256316848832524288,League 2,13,3.0,6,dbrauer23,Tyrone Tracy,RB,False
1256316848832524288,League 2,13,3.0,6,dbrauer23,Harold Fannin,TE,False
1256316848832524288,League 2,13,3.0,6,dbrauer23,Quinshon Judkins,RB,True
1256316848832524288,League 2,13,3.0,6,dbrauer23,Jared Goff,QB,True
1256316848832524288,League 2,13,3.0,6,dbrauer23,Derrick Henry,RB,True
1256316848832524288,League 2,13,3.0,6,dbrauer23,Deebo Samuel,WR,True
1256316848832524288,League 2,13,3.0,6,dbrauer23,Terry McLaurin,WR,False
1256316848832524288,League 2,13,3.0,6,dbrauer23,Jakobi Meyers,WR,False
1256316848832524288,League 2,13,3.0,6,dbrauer23,Matt Gay,K,True
1256316848832524288,League 2,13,3.0,6,dbrauer23,Joe Burrow,QB,False
1256316848832524288,League 2,13,3.0,6,dbrauer23,Tee Higgins,WR,False
1256316848832524288,League 2,13,3.0,6,dbrauer23,Michael Pittman,WR,True
1256316848832524288,League 2,13,3.0,6,dbrauer23,DeVonta Smith,WR,True
1256316848832524288,League 2,13,3.0,6,dbrauer23,Rachaad White,RB,False
1256316848832524288,League 2,13,3.0,6,dbrauer23,Kyren Williams,RB,True
1256316848832524288,League 2,13,3.0,6,dbrauer23,Green Bay Packers,DEF,True
1256316848832524288,League 2,13,5.0,7,Spicymeatball69,Drake Maye,QB,True
1256316848832524288,League 2,13,5.0,7,Spicymeatball69,Brian Thomas,WR,False
1256316848832524288,League 2,13,5.0,7,Spicymeatball69,Davante Adams,WR,True
1256316848832524288,League 2,13,5.0,7,Spicymeatball69,Mike Evans,WR,False
1256316848832524288,League 2,13,5.0,7,Spicymeatball69,Ka'imi Fairbairn,K,True
1256316848832524288,League 2,13,5.0,7,Spicymeatball69,George Kittle,TE,True
1256316848832524288,League 2,13,5.0,7,Spicymeatball69,Baker Mayfield,QB,False
1256316848832524288,League 2,13,5.0,7,Spicymeatball69,Justin Jefferson,WR,True
1256316848832524288,League 2,13,5.0,7,Spicymeatball69,Jonathan Taylor,RB,True
1256316848832524288,League 2,13,5.0,7,Spicymeatball69,Juwan Johnson,TE,False
1256316848832524288,League 2,13,5.0,7,Spicymeatball69,Javonte Williams,RB,True
1256316848832524288,League 2,13,5.0,7,Spicymeatball69,Jameson Williams,WR,False
1256316848832524288,League 2,13,5.0,7,Spicymeatball69,Jaylen Warren,RB,True
1256316848832524288,League 2,13,5.0,7,Spicymeatball69,Jahmyr Gibbs,RB,True
1256316848832524288,League 2,13,5.0,7,Spicymeatball69,Jordan Addison,WR,False
1256316848832524288,League 2,13,5.0,7,Spicymeatball69,Miami Dolphins,DEF,True
1256316848832524288,League 2,13,5.0,7,Spicymeatball69,Tampa Bay Buccaneers,DEF,False
1256316848832524288,League 2,13,1.0,8,YourBeanFriend,Dalton Kincaid,TE,False
1256316848832524288,League 2,13,1.0,8,YourBeanFriend,Rome Odunze,WR,True
1256316848832524288,League 2,13,1.0,8,YourBeanFriend,Marvin Harrison,WR,False
1256316848832524288,League 2,13,1.0,8,YourBeanFriend,Oronde Gadsden,TE,True
1256316848832524288,League 2,13,1.0,8,YourBeanFriend,Tyler Loop,K,False
1256316848832524288,League 2,13,1.0,8,YourBeanFriend,Dalton Schultz,TE,False
1256316848832524288,League 2,13,1.0,8,YourBeanFriend,Josh Jacobs,RB,True
1256316848832524288,League 2,13,1.0,8,YourBeanFriend,Devin Singletary,RB,False
1256316848832524288,League 2,13,1.0,8,YourBeanFriend,Ja'Marr Chase,WR,True
1256316848832524288,League 2,13,1.0,8,YourBeanFriend,Khalil Shakir,WR,True
1256316848832524288,League 2,13,1.0,8,YourBeanFriend,John Metchie,WR,False
1256316848832524288,League 2,13,1.0,8,YourBeanFriend,Kenneth Walker,RB,True
1256316848832524288,League 2,13,1.0,8,YourBeanFriend,Brock Purdy,QB,True
1256316848832524288,League 2,13,1.0,8,YourBeanFriend,Cameron Dicker,K,True
1256316848832524288,League 2,13,1.0,8,YourBeanFriend,Chase Brown,RB,True
1256316848832524288,League 2,13,1.0,8,YourBeanFriend,Houston Texans,DEF,True
1256316848832524288,League 2,13,3.0,9,NotKool,Rashee Rice,WR,True
1256316848832524288,League 2,13,3.0,9,NotKool,Brandon Aubrey,K,True
1256316848832524288,League 2,13,3.0,9,NotKool,Caleb Williams,QB,False
1256316848832524288,League 2,13,3.0,9,NotKool,RJ Harvey,RB,True
1256316848832524288,League 2,13,3.0,9,NotKool,Kyle Monangai,RB,False
1256316848832524288,League 2,13,3.0,9,NotKool,Keenan Allen,WR,True
1256316848832524288,League 2,13,3.0,9,NotKool,Lamar Jackson,QB,True
1256316848832524288,League 2,13,3.0,9,NotKool,DJ Moore,WR,True
1256316848832524288,League 2,13,3.0,9,NotKool,Mark Andrews,TE,True
1256316848832524288,League 2,13,3.0,9,NotKool,Courtland Sutton,WR,False
1256316848832524288,League 2,13,3.0,9,NotKool,Daniel Jones,QB,False
1256316848832524288,League 2,13,3.0,9,NotKool,Tony Pollard,RB,False
1256316848832524288,League 2,13,3.0,9,NotKool,James Cook,RB,True
1256316848832524288,League 2,13,3.0,9,NotKool,Breece Hall,RB,True
1256316848832524288,League 2,13,3.0,9,NotKool,Denver Broncos,DEF,False
1256316848832524288,League 2,13,3.0,9,NotKool,Los Angeles Rams,DEF,True
1256316848832524288,League 2,13,2.0,10,Nick0M,Michael Wilson,WR,True
1256316848832524288,League 2,13,2.0,10,Nick0M,Tyrell Shavers,WR,False
1256316848832524288,League 2,13,2.0,10,Nick0M,Malik Washington,WR,False
1256316848832524288,League 2,13,2.0,10,Nick0M,Travis Kelce,TE,True
1256316848832524288,League 2,13,2.0,10,Nick0M,Harrison Butker,K,True
1256316848832524288,League 2,13,2.0,10,Nick0M,Kendrick Bourne,WR,False
1256316848832524288,League 2,13,2.0,10,Nick0M,Saquon Barkley,RB,True
1256316848832524288,League 2,13,2.0,10,Nick0M,Greg Dortch,WR,True
1256316848832524288,League 2,13,2.0,10,Nick0M,Darius Slayton,WR,False
1256316848832524288,League 2,13,2.0,10,Nick0M,Jerry Jeudy,WR,False
1256316848832524288,League 2,13,2.0,10,Nick0M,Jalen Hurts,QB,True
1256316848832524288,League 2,13,2.0,10,Nick0M,Darnell Mooney,WR,True
1256316848832524288,League 2,13,2.0,10,Nick0M,Kenneth Gainwell,RB,True
1256316848832524288,League 2,13,2.0,10,Nick0M,Garrett Wilson,WR,False
1256316848832524288,League 2,13,2.0,10,Nick0M,Rashid Shaheed,WR,False
1256316848832524288,League 2,13,2.0,10,Nick0M,Zay Flowers,WR,True
1256316848832524288,League 2,13,2.0,10,Nick0M,Seattle Seahawks,DEF,True
1256316848832524288,League 2,14,4.0,1,Caseyp12,Chris Rodriguez,RB,False
1256316848832524288,League 2,14,4.0,1,Caseyp12,Woody Marks,RB,True
1256316848832524288,League 2,14,4.0,1,Caseyp12,Devin Neal,RB,True
1256316848832524288,League 2,14,4.0,1,Caseyp12,Luther Burden,WR,True
1256316848832524288,League 2,14,4.0,1,Caseyp12,Tetairoa McMillan,WR,False
1256316848832524288,League 2,14,4.0,1,Caseyp12,Dak Prescott,QB,True
1256316848832524288,League 2,14,4.0,1,Caseyp12,Chase McLaughlin,K,True
1256316848832524288,League 2,14,4.0,1,Caseyp12,Rico Dowdle,RB,False
1256316848832524288,League 2,14,4.0,1,Caseyp12,Jauan Jennings,WR,False
1256316848832524288,League 2,14,4.0,1,Caseyp12,Drake London,WR,False
1256316848832524288,League 2,14,4.0,1,Caseyp12,Trey McBride,TE,True
1256316848832524288,League 2,14,4.0,1,Caseyp12,Alec Pierce,WR,True
1256316848832524288,League 2,14,4.0,1,Caseyp12,Jaxon Smith-Njigba,WR,True
1256316848832524288,League 2,14,4.0,1,Caseyp12,Bijan Robinson,RB,True
1256316848832524288,League 2,14,4.0,1,Caseyp12,Kansas City Chiefs,DEF,False
1256316848832524288,League 2,14,4.0,1,Caseyp12,Los Angeles Rams,DEF,True
1256316848832524288,League 2,14,4.0,1,Caseyp12,New England Patriots,DEF,False
1256316848832524288,League 2,14,1.0,2,ZLoftis9,Jayden Reed,WR,False
1256316848832524288,League 2,14,1.0,2,ZLoftis9,Bo Nix,QB,True
1256316848832524288,League 2,14,1.0,2,ZLoftis9,Bucky Irving,RB,True
1256316848832524288,League 2,14,1.0,2,ZLoftis9,Troy Franklin,WR,True
1256316848832524288,League 2,14,1.0,2,ZLoftis9,Ladd McConkey,WR,True
1256316848832524288,League 2,14,1.0,2,ZLoftis9,Jalen Coker,WR,False
1256316848832524288,League 2,14,1.0,2,ZLoftis9,Jaxson Dart,QB,False
1256316848832524288,League 2,14,1.0,2,ZLoftis9,Ashton Jeanty,RB,True
1256316848832524288,League 2,14,1.0,2,ZLoftis9,Chris Boswell,K,True
1256316848832524288,League 2,14,1.0,2,ZLoftis9,Stefon Diggs,WR,False
1256316848832524288,League 2,14,1.0,2,ZLoftis9,Aaron Jones,RB,True
1256316848832524288,League 2,14,1.0,2,ZLoftis9,CeeDee Lamb,WR,True
1256316848832524288,League 2,14,1.0,2,ZLoftis9,Jake Ferguson,TE,True
1256316848832524288,League 2,14,1.0,2,ZLoftis9,Jordan Mason,RB,False
1256316848832524288,League 2,14,1.0,2,ZLoftis9,Malik Davis,RB,False
1256316848832524288,League 2,14,1.0,2,ZLoftis9,Dontayvion Wicks,WR,False
1256316848832524288,League 2,14,1.0,2,ZLoftis9,Chicago Bears,DEF,False
1256316848832524288,League 2,14,1.0,2,ZLoftis9,Cleveland Browns,DEF,True
1256316848832524288,League 2,14,2.0,3,PlayaHaterOTY,Jake Bates,K,True
1256316848832524288,League 2,14,2.0,3,PlayaHaterOTY,Jayden Daniels,QB,False
1256316848832524288,League 2,14,2.0,3,PlayaHaterOTY,Blake Corum,RB,False
1256316848832524288,League 2,14,2.0,3,PlayaHaterOTY,Adonai Mitchell,WR,True
1256316848832524288,League 2,14,2.0,3,PlayaHaterOTY,Jayden Higgins,WR,False
1256316848832524288,League 2,14,2.0,3,PlayaHaterOTY,Travis Hunter,WR,False
1256316848832524288,League 2,14,2.0,3,PlayaHaterOTY,Matthew Stafford,QB,True
1256316848832524288,League 2,14,2.0,3,PlayaHaterOTY,Dallas Goedert,TE,False
1256316848832524288,League 2,14,2.0,3,PlayaHaterOTY,David Montgomery,RB,True
1256316848832524288,League 2,14,2.0,3,PlayaHaterOTY,D'Andre Swift,RB,True
1256316848832524288,League 2,14,2.0,3,PlayaHaterOTY,Jordan Love,QB,False
1256316848832524288,League 2,14,2.0,3,PlayaHaterOTY,Trevor Lawrence,QB,False
1256316848832524288,League 2,14,2.0,3,PlayaHaterOTY,Amon-Ra St. Brown,WR,True
1256316848832524288,League 2,14,2.0,3,PlayaHaterOTY,Romeo Doubs,WR,False
1256316848832524288,League 2,14,2.0,3,PlayaHaterOTY,Chris Olave,WR,True
1256316848832524288,League 2,14,2.0,3,PlayaHaterOTY,Brenton Strange,TE,True
1256316848832524288,League 2,14,2.0,3,PlayaHaterOTY,Puka Nacua,WR,True
1256316848832524288,League 2,14,2.0,3,PlayaHaterOTY,Baltimore Ravens,DEF,True
1256316848832524288,League 2,14,3.0,4,Gonzo4537,Xavier Worthy,WR,True
1256316848832524288,League 2,14,3.0,4,Gonzo4537,Omarion Hampton,RB,True
1256316848832524288,League 2,14,3.0,4,Gonzo4537,Emeka Egbuka,WR,True
1256316848832524288,League 2,14,3.0,4,Gonzo4537,Tyler Warren,TE,True
1256316848832524288,League 2,14,3.0,4,Gonzo4537,TreVeyon Henderson,RB,False
1256316848832524288,League 2,14,3.0,4,Gonzo4537,Jason Myers,K,True
1256316848832524288,League 2,14,3.0,4,Gonzo4537,Alvin Kamara,RB,False
1256316848832524288,League 2,14,3.0,4,Gonzo4537,Patrick Mahomes,QB,True
1256316848832524288,League 2,14,3.0,4,Gonzo4537,Kareem Hunt,RB,False
1256316848832524288,League 2,14,3.0,4,Gonzo4537,Nico Collins,WR,True
1256316848832524288,League 2,14,3.0,4,Gonzo4537,Chuba Hubbard,RB,False
1256316848832524288,League 2,14,3.0,4,Gonzo4537,Zonovan Knight,RB,True
1256316848832524288,League 2,14,3.0,4,Gonzo4537,Wan'Dale Robinson,WR,False
1256316848832524288,League 2,14,3.0,4,Gonzo4537,George Pickens,WR,True
1256316848832524288,League 2,14,3.0,4,Gonzo4537,Kayshon Boutte,WR,False
1256316848832524288,League 2,14,3.0,4,Gonzo4537,Miami Dolphins,DEF,True
1256316848832524288,League 2,14,5.0,5,aIexwright,Trey Benson,RB,False
1256316848832524288,League 2,14,5.0,5,aIexwright,Colston Loveland,TE,True
1256316848832524288,League 2,14,5.0,5,aIexwright,Cairo Santos,K,True
1256316848832524288,League 2,14,5.0,5,aIexwright,Hunter Henry,TE,False
1256316848832524288,League 2,14,5.0,5,aIexwright,Christian McCaffrey,RB,False
1256316848832524288,League 2,14,5.0,5,aIexwright,Chris Godwin,WR,False
1256316848832524288,League 2,14,5.0,5,aIexwright,Josh Allen,QB,True
1256316848832524288,League 2,14,5.0,5,aIexwright,DK Metcalf,WR,True
1256316848832524288,League 2,14,5.0,5,aIexwright,A.J. Brown,WR,True
1256316848832524288,League 2,14,5.0,5,aIexwright,Justin Herbert,QB,False
1256316848832524288,League 2,14,5.0,5,aIexwright,Jaylen Waddle,WR,True
1256316848832524288,League 2,14,5.0,5,aIexwright,Travis Etienne,RB,True
1256316848832524288,League 2,14,5.0,5,aIexwright,Christian Watson,WR,True
1256316848832524288,League 2,14,5.0,5,aIexwright,De'Von Achane,RB,True
1256316848832524288,League 2,14,5.0,5,aIexwright,Zach Charbonnet,RB,False
1256316848832524288,League 2,14,5.0,5,aIexwright,Quentin Johnston,WR,False
1256316848832524288,League 2,14,5.0,5,aIexwright,Pittsburgh Steelers,DEF,True
1256316848832524288,League 2,14,5.0,6,dbrauer23,Brock Bowers,TE,True
1256316848832524288,League 2,14,5.0,6,dbrauer23,Tyrone Tracy,RB,False
1256316848832524288,League 2,14,5.0,6,dbrauer23,Harold Fannin,TE,False
1256316848832524288,League 2,14,5.0,6,dbrauer23,Quinshon Judkins,RB,True
1256316848832524288,League 2,14,5.0,6,dbrauer23,Jared Goff,QB,True
1256316848832524288,League 2,14,5.0,6,dbrauer23,Derrick Henry,RB,True
1256316848832524288,League 2,14,5.0,6,dbrauer23,Deebo Samuel,WR,True
1256316848832524288,League 2,14,5.0,6,dbrauer23,Terry McLaurin,WR,False
1256316848832524288,League 2,14,5.0,6,dbrauer23,Jakobi Meyers,WR,False
1256316848832524288,League 2,14,5.0,6,dbrauer23,Matt Gay,K,True
1256316848832524288,League 2,14,5.0,6,dbrauer23,Joe Burrow,QB,False
1256316848832524288,League 2,14,5.0,6,dbrauer23,Tee Higgins,WR,False
1256316848832524288,League 2,14,5.0,6,dbrauer23,Michael Pittman,WR,True
1256316848832524288,League 2,14,5.0,6,dbrauer23,DeVonta Smith,WR,True
1256316848832524288,League 2,14,5.0,6,dbrauer23,Rachaad White,RB,False
1256316848832524288,League 2,14,5.0,6,dbrauer23,Kyren Williams,RB,True
1256316848832524288,League 2,14,5.0,6,dbrauer23,Green Bay Packers,DEF,True
1256316848832524288,League 2,14,4.0,7,Spicymeatball69,Drake Maye,QB,False
1256316848832524288,League 2,14,4.0,7,Spicymeatball69,Brian Thomas,WR,False
1256316848832524288,League 2,14,4.0,7,Spicymeatball69,Davante Adams,WR,True
1256316848832524288,League 2,14,4.0,7,Spicymeatball69,Mike Evans,WR,False
1256316848832524288,League 2,14,4.0,7,Spicymeatball69,Ka'imi Fairbairn,K,True
1256316848832524288,League 2,14,4.0,7,Spicymeatball69,George Kittle,TE,False
1256316848832524288,League 2,14,4.0,7,Spicymeatball69,Baker Mayfield,QB,True
1256316848832524288,League 2,14,4.0,7,Spicymeatball69,Justin Jefferson,WR,True
1256316848832524288,League 2,14,4.0,7,Spicymeatball69,Jonathan Taylor,RB,True
1256316848832524288,League 2,14,4.0,7,Spicymeatball69,Juwan Johnson,TE,True
1256316848832524288,League 2,14,4.0,7,Spicymeatball69,Javonte Williams,RB,True
1256316848832524288,League 2,14,4.0,7,Spicymeatball69,Jameson Williams,WR,True
1256316848832524288,League 2,14,4.0,7,Spicymeatball69,Jaylen Warren,RB,False
1256316848832524288,League 2,14,4.0,7,Spicymeatball69,Jahmyr Gibbs,RB,True
1256316848832524288,League 2,14,4.0,7,Spicymeatball69,Jordan Addison,WR,False
1256316848832524288,League 2,14,4.0,7,Spicymeatball69,Jacksonville Jaguars,DEF,False
1256316848832524288,League 2,14,4.0,7,Spicymeatball69,Tampa Bay Buccaneers,DEF,True
1256316848832524288,League 2,14,2.0,8,YourBeanFriend,Dalton Kincaid,TE,False
1256316848832524288,League 2,14,2.0,8,YourBeanFriend,Rome Odunze,WR,False
1256316848832524288,League 2,14,2.0,8,YourBeanFriend,Marvin Harrison,WR,False
1256316848832524288,League 2,14,2.0,8,YourBeanFriend,Devaughn Vele,WR,True
1256316848832524288,League 2,14,2.0,8,YourBeanFriend,Oronde Gadsden,TE,False
1256316848832524288,League 2,14,2.0,8,YourBeanFriend,Sam Darnold,QB,True
1256316848832524288,League 2,14,2.0,8,YourBeanFriend,Dalton Schultz,TE,True
1256316848832524288,League 2,14,2.0,8,YourBeanFriend,Josh Jacobs,RB,True
1256316848832524288,League 2,14,2.0,8,YourBeanFriend,Devin Singletary,RB,False
1256316848832524288,League 2,14,2.0,8,YourBeanFriend,Ja'Marr Chase,WR,True
1256316848832524288,League 2,14,2.0,8,YourBeanFriend,Khalil Shakir,WR,True
1256316848832524288,League 2,14,2.0,8,YourBeanFriend,Kenneth Walker,RB,True
1256316848832524288,League 2,14,2.0,8,YourBeanFriend,Brock Purdy,QB,False
1256316848832524288,League 2,14,2.0,8,YourBeanFriend,Cameron Dicker,K,True
1256316848832524288,League 2,14,2.0,8,YourBeanFriend,Chase Brown,RB,True
1256316848832524288,League 2,14,2.0,8,YourBeanFriend,Houston Texans,DEF,True
1256316848832524288,League 2,14,3.0,9,NotKool,Rashee Rice,WR,True
1256316848832524288,League 2,14,3.0,9,NotKool,Brandon Aubrey,K,True
1256316848832524288,League 2,14,3.0,9,NotKool,Kimani Vidal,RB,True
1256316848832524288,League 2,14,3.0,9,NotKool,RJ Harvey,RB,True
1256316848832524288,League 2,14,3.0,9,NotKool,Kyle Monangai,RB,False
1256316848832524288,League 2,14,3.0,9,NotKool,Tyler Shough,QB,True
1256316848832524288,League 2,14,3.0,9,NotKool,Zach Ertz,TE,True
1256316848832524288,League 2,14,3.0,9,NotKool,Keenan Allen,WR,False
1256316848832524288,League 2,14,3.0,9,NotKool,Lamar Jackson,QB,False
1256316848832524288,League 2,14,3.0,9,NotKool,DJ Moore,WR,False
1256316848832524288,League 2,14,3.0,9,NotKool,Mark Andrews,TE,False
1256316848832524288,League 2,14,3.0,9,NotKool,Courtland Sutton,WR,True
1256316848832524288,League 2,14,3.0,9,NotKool,Daniel Jones,QB,False
1256316848832524288,League 2,14,3.0,9,NotKool,James Cook,RB,True
1256316848832524288,League 2,14,3.0,9,NotKool,Breece Hall,RB,True
1256316848832524288,League 2,14,3.0,9,NotKool,Denver Broncos,DEF,True
1256316848832524288,League 2,14,1.0,10,Nick0M,Michael Wilson,WR,True
1256316848832524288,League 2,14,1.0,10,Nick0M,Malik Washington,WR,False
1256316848832524288,League 2,14,1.0,10,Nick0M,Travis Kelce,TE,True
1256316848832524288,League 2,14,1.0,10,Nick0M,Harrison Butker,K,True
1256316848832524288,League 2,14,1.0,10,Nick0M,Kendrick Bourne,WR,False
1256316848832524288,League 2,14,1.0,10,Nick0M,Saquon Barkley,RB,True
1256316848832524288,League 2,14,1.0,10,Nick0M,Greg Dortch,WR,False
1256316848832524288,League 2,14,1.0,10,Nick0M,Darius Slayton,WR,False
1256316848832524288,League 2,14,1.0,10,Nick0M,Jerry Jeudy,WR,False
1256316848832524288,League 2,14,1.0,10,Nick0M,Jalen Hurts,QB,True
1256316848832524288,League 2,14,1.0,10,Nick0M,Darnell Mooney,WR,True
1256316848832524288,League 2,14,1.0,10,Nick0M,Kyle Pitts,TE,True
1256316848832524288,League 2,14,1.0,10,Nick0M,Kenneth Gainwell,RB,True
1256316848832524288,League 2,14,1.0,10,Nick0M,Garrett Wilson,WR,False
1256316848832524288,League 2,14,1.0,10,Nick0M,Rashid Shaheed,WR,False
1256316848832524288,League 2,14,1.0,10,Nick0M,Zay Flowers,WR,True
1256316848832524288,League 2,14,1.0,10,Nick0M,Seattle Seahawks,DEF,True
1256316848832524288,League 2,15,,1,Caseyp12,Woody Marks,RB,True
1256316848832524288,League 2,15,,1,Caseyp12,Devin Neal,RB,True
1256316848832524288,League 2,15,,1,Caseyp12,Tetairoa McMillan,WR,True
1256316848832524288,League 2,15,,1,Caseyp12,Dak Prescott,QB,True
1256316848832524288,League 2,15,,1,Caseyp12,Chase McLaughlin,K,True
1256316848832524288,League 2,15,,1,Caseyp12,Rico Dowdle,RB,False
1256316848832524288,League 2,15,,1,Caseyp12,Jauan Jennings,WR,True
1256316848832524288,League 2,15,,1,Caseyp12,Drake London,WR,False
1256316848832524288,League 2,15,,1,Caseyp12,Trey McBride,TE,True
1256316848832524288,League 2,15,,1,Caseyp12,Tyler Allgeier,RB,False
1256316848832524288,League 2,15,,1,Caseyp12,Alec Pierce,WR,False
1256316848832524288,League 2,15,,1,Caseyp12,Jaxon Smith-Njigba,WR,True
1256316848832524288,League 2,15,,1,Caseyp12,Bijan Robinson,RB,True
1256316848832524288,League 2,15,,1,Caseyp12,Kansas City Chiefs,DEF,True
1256316848832524288,League 2,15,,1,Caseyp12,New England Patriots,DEF,False
1256316848832524288,League 2,15,,1,Caseyp12,New Orleans Saints,DEF,False
1256316848832524288,League 2,15,1.0,2,ZLoftis9,Jayden Reed,WR,False
1256316848832524288,League 2,15,1.0,2,ZLoftis9,Bucky Irving,RB,True
1256316848832524288,League 2,15,1.0,2,ZLoftis9,Troy Franklin,WR,False
1256316848832524288,League 2,15,1.0,2,ZLoftis9,Ladd McConkey,WR,True
1256316848832524288,League 2,15,1.0,2,ZLoftis9,Jaxson Dart,QB,True
1256316848832524288,League 2,15,1.0,2,ZLoftis9,Ashton Jeanty,RB,True
1256316848832524288,League 2,15,1.0,2,ZLoftis9,Jacory Croskey-Merritt,RB,False
1256316848832524288,League 2,15,1.0,2,ZLoftis9,Chris Boswell,K,True
1256316848832524288,League 2,15,1.0,2,ZLoftis9,Stefon Diggs,WR,True
1256316848832524288,League 2,15,1.0,2,ZLoftis9,Aaron Jones,RB,True
1256316848832524288,League 2,15,1.0,2,ZLoftis9,Tony Pollard,RB,False
1256316848832524288,League 2,15,1.0,2,ZLoftis9,CeeDee Lamb,WR,True
1256316848832524288,League 2,15,1.0,2,ZLoftis9,Rhamondre Stevenson,RB,False
1256316848832524288,League 2,15,1.0,2,ZLoftis9,Jake Ferguson,TE,True
1256316848832524288,League 2,15,1.0,2,ZLoftis9,Isaiah Likely,TE,False
1256316848832524288,League 2,15,1.0,2,ZLoftis9,Chicago Bears,DEF,True
1256316848832524288,League 2,15,5.0,3,PlayaHaterOTY,Chris Rodriguez,RB,False
1256316848832524288,League 2,15,5.0,3,PlayaHaterOTY,Jake Bates,K,True
1256316848832524288,League 2,15,5.0,3,PlayaHaterOTY,Blake Corum,RB,True
1256316848832524288,League 2,15,5.0,3,PlayaHaterOTY,Jaylen Wright,RB,False
1256316848832524288,League 2,15,5.0,3,PlayaHaterOTY,Travis Hunter,WR,False
1256316848832524288,League 2,15,5.0,3,PlayaHaterOTY,Matthew Stafford,QB,True
1256316848832524288,League 2,15,5.0,3,PlayaHaterOTY,Dallas Goedert,TE,True
1256316848832524288,League 2,15,5.0,3,PlayaHaterOTY,David Montgomery,RB,True
1256316848832524288,League 2,15,5.0,3,PlayaHaterOTY,D'Andre Swift,RB,True
1256316848832524288,League 2,15,5.0,3,PlayaHaterOTY,Jordan Love,QB,False
1256316848832524288,League 2,15,5.0,3,PlayaHaterOTY,Amon-Ra St. Brown,WR,True
1256316848832524288,League 2,15,5.0,3,PlayaHaterOTY,Romeo Doubs,WR,False
1256316848832524288,League 2,15,5.0,3,PlayaHaterOTY,Chris Olave,WR,True
1256316848832524288,League 2,15,5.0,3,PlayaHaterOTY,Brenton Strange,TE,False
1256316848832524288,League 2,15,5.0,3,PlayaHaterOTY,Puka Nacua,WR,True
1256316848832524288,League 2,15,5.0,3,PlayaHaterOTY,Baltimore Ravens,DEF,True
1256316848832524288,League 2,15,5.0,3,PlayaHaterOTY,Minnesota Vikings,DEF,False
1256316848832524288,League 2,15,1.0,4,Gonzo4537,Xavier Worthy,WR,False
1256316848832524288,League 2,15,1.0,4,Gonzo4537,Omarion Hampton,RB,True
1256316848832524288,League 2,15,1.0,4,Gonzo4537,Emeka Egbuka,WR,True
1256316848832524288,League 2,15,1.0,4,Gonzo4537,Tyler Warren,TE,True
1256316848832524288,League 2,15,1.0,4,Gonzo4537,TreVeyon Henderson,RB,True
1256316848832524288,League 2,15,1.0,4,Gonzo4537,Jason Myers,K,True
1256316848832524288,League 2,15,1.0,4,Gonzo4537,Alvin Kamara,RB,False
1256316848832524288,League 2,15,1.0,4,Gonzo4537,Patrick Mahomes,QB,True
1256316848832524288,League 2,15,1.0,4,Gonzo4537,Kareem Hunt,RB,False
1256316848832524288,League 2,15,1.0,4,Gonzo4537,Nico Collins,WR,True
1256316848832524288,League 2,15,1.0,4,Gonzo4537,Chuba Hubbard,RB,False
1256316848832524288,League 2,15,1.0,4,Gonzo4537,Zonovan Knight,RB,False
1256316848832524288,League 2,15,1.0,4,Gonzo4537,Wan'Dale Robinson,WR,True
1256316848832524288,League 2,15,1.0,4,Gonzo4537,George Pickens,WR,True
1256316848832524288,League 2,15,1.0,4,Gonzo4537,Kayshon Boutte,WR,False
1256316848832524288,League 2,15,1.0,4,Gonzo4537,Jacksonville Jaguars,DEF,True
1256316848832524288,League 2,15,,5,aIexwright,Trey Benson,RB,False
1256316848832524288,League 2,15,,5,aIexwright,Colston Loveland,TE,True
1256316848832524288,League 2,15,,5,aIexwright,Cairo Santos,K,True
1256316848832524288,League 2,15,,5,aIexwright,Hunter Henry,TE,False
1256316848832524288,League 2,15,,5,aIexwright,Christian McCaffrey,RB,True
1256316848832524288,League 2,15,,5,aIexwright,Chris Godwin,WR,False
1256316848832524288,League 2,15,,5,aIexwright,Josh Allen,QB,True
1256316848832524288,League 2,15,,5,aIexwright,DK Metcalf,WR,True
1256316848832524288,League 2,15,,5,aIexwright,A.J. Brown,WR,True
1256316848832524288,League 2,15,,5,aIexwright,Justin Herbert,QB,False
1256316848832524288,League 2,15,,5,aIexwright,Jaylen Waddle,WR,True
1256316848832524288,League 2,15,,5,aIexwright,Travis Etienne,RB,True
1256316848832524288,League 2,15,,5,aIexwright,Brian Robinson,RB,False
1256316848832524288,League 2,15,,5,aIexwright,Christian Watson,WR,False
1256316848832524288,League 2,15,,5,aIexwright,De'Von Achane,RB,True
1256316848832524288,League 2,15,,5,aIexwright,Zach Charbonnet,RB,False
1256316848832524288,League 2,15,,5,aIexwright,Quentin Johnston,WR,False
1256316848832524288,League 2,15,,5,aIexwright,Pittsburgh Steelers,DEF,True
1256316848832524288,League 2,15,4.0,6,dbrauer23,Brock Bowers,TE,True
1256316848832524288,League 2,15,4.0,6,dbrauer23,Tyrone Tracy,RB,False
1256316848832524288,League 2,15,4.0,6,dbrauer23,Harold Fannin,TE,False
1256316848832524288,League 2,15,4.0,6,dbrauer23,Quinshon Judkins,RB,True
1256316848832524288,League 2,15,4.0,6,dbrauer23,Jared Goff,QB,True
1256316848832524288,League 2,15,4.0,6,dbrauer23,Derrick Henry,RB,True
1256316848832524288,League 2,15,4.0,6,dbrauer23,Deebo Samuel,WR,True
1256316848832524288,League 2,15,4.0,6,dbrauer23,Terry McLaurin,WR,False
1256316848832524288,League 2,15,4.0,6,dbrauer23,Jakobi Meyers,WR,False
1256316848832524288,League 2,15,4.0,6,dbrauer23,Matt Gay,K,True
1256316848832524288,League 2,15,4.0,6,dbrauer23,Joe Burrow,QB,False
1256316848832524288,League 2,15,4.0,6,dbrauer23,Tee Higgins,WR,False
1256316848832524288,League 2,15,4.0,6,dbrauer23,Michael Pittman,WR,True
1256316848832524288,League 2,15,4.0,6,dbrauer23,DeVonta Smith,WR,True
1256316848832524288,League 2,15,4.0,6,dbrauer23,Rachaad White,RB,False
1256316848832524288,League 2,15,4.0,6,dbrauer23,Kyren Williams,RB,True
1256316848832524288,League 2,15,4.0,6,dbrauer23,Green Bay Packers,DEF,True
1256316848832524288,League 2,15,2.0,7,Spicymeatball69,Drake Maye,QB,True
1256316848832524288,League 2,15,2.0,7,Spicymeatball69,Brian Thomas,WR,False
1256316848832524288,League 2,15,2.0,7,Spicymeatball69,Davante Adams,WR,True
1256316848832524288,League 2,15,2.0,7,Spicymeatball69,Mike Evans,WR,False
1256316848832524288,League 2,15,2.0,7,Spicymeatball69,Ka'imi Fairbairn,K,True
1256316848832524288,League 2,15,2.0,7,Spicymeatball69,George Kittle,TE,True
1256316848832524288,League 2,15,2.0,7,Spicymeatball69,Baker Mayfield,QB,False
1256316848832524288,League 2,15,2.0,7,Spicymeatball69,Justin Jefferson,WR,False
1256316848832524288,League 2,15,2.0,7,Spicymeatball69,Jonathan Taylor,RB,True
1256316848832524288,League 2,15,2.0,7,Spicymeatball69,Juwan Johnson,TE,False
1256316848832524288,League 2,15,2.0,7,Spicymeatball69,Javonte Williams,RB,True
1256316848832524288,League 2,15,2.0,7,Spicymeatball69,Jameson Williams,WR,True
1256316848832524288,League 2,15,2.0,7,Spicymeatball69,Jaylen Warren,RB,True
1256316848832524288,League 2,15,2.0,7,Spicymeatball69,Jahmyr Gibbs,RB,True
1256316848832524288,League 2,15,2.0,7,Spicymeatball69,Buffalo Bills,DEF,False
1256316848832524288,League 2,15,2.0,7,Spicymeatball69,Philadelphia Eagles,DEF,True
1256316848832524288,League 2,15,2.0,8,YourBeanFriend,Dalton Kincaid,TE,True
1256316848832524288,League 2,15,2.0,8,YourBeanFriend,Rome Odunze,WR,False
1256316848832524288,League 2,15,2.0,8,YourBeanFriend,Marvin Harrison,WR,False
1256316848832524288,League 2,15,2.0,8,YourBeanFriend,Devaughn Vele,WR,True
1256316848832524288,League 2,15,2.0,8,YourBeanFriend,Oronde Gadsden,TE,False
1256316848832524288,League 2,15,2.0,8,YourBeanFriend,Darren Waller,TE,False
1256316848832524288,League 2,15,2.0,8,YourBeanFriend,Sam Darnold,QB,False
1256316848832524288,League 2,15,2.0,8,YourBeanFriend,Dalton Schultz,TE,True
1256316848832524288,League 2,15,2.0,8,YourBeanFriend,Josh Jacobs,RB,True
1256316848832524288,League 2,15,2.0,8,YourBeanFriend,Devin Singletary,RB,False
1256316848832524288,League 2,15,2.0,8,YourBeanFriend,Ja'Marr Chase,WR,True
1256316848832524288,League 2,15,2.0,8,YourBeanFriend,Khalil Shakir,WR,True
1256316848832524288,League 2,15,2.0,8,YourBeanFriend,Kenneth Walker,RB,False
1256316848832524288,League 2,15,2.0,8,YourBeanFriend,Brock Purdy,QB,True
1256316848832524288,League 2,15,2.0,8,YourBeanFriend,Cameron Dicker,K,True
1256316848832524288,League 2,15,2.0,8,YourBeanFriend,Chase Brown,RB,True
1256316848832524288,League 2,15,2.0,8,YourBeanFriend,Houston Texans,DEF,True
1256316848832524288,League 2,15,4.0,9,NotKool,Rashee Rice,WR,True
1256316848832524288,League 2,15,4.0,9,NotKool,Brandon Aubrey,K,True
1256316848832524288,League 2,15,4.0,9,NotKool,Kimani Vidal,RB,False
1256316848832524288,League 2,15,4.0,9,NotKool,RJ Harvey,RB,True
1256316848832524288,League 2,15,4.0,9,NotKool,Kyle Monangai,RB,True
1256316848832524288,League 2,15,4.0,9,NotKool,Tyler Shough,QB,True
1256316848832524288,League 2,15,4.0,9,NotKool,Keenan Allen,WR,False
1256316848832524288,League 2,15,4.0,9,NotKool,Lamar Jackson,QB,False
1256316848832524288,League 2,15,4.0,9,NotKool,DJ Moore,WR,False
1256316848832524288,League 2,15,4.0,9,NotKool,Mark Andrews,TE,False
1256316848832524288,League 2,15,4.0,9,NotKool,Courtland Sutton,WR,True
1256316848832524288,League 2,15,4.0,9,NotKool,T.J. Hockenson,TE,True
1256316848832524288,League 2,15,4.0,9,NotKool,James Cook,RB,True
1256316848832524288,League 2,15,4.0,9,NotKool,Breece Hall,RB,True
1256316848832524288,League 2,15,4.0,9,NotKool,Denver Broncos,DEF,True
1256316848832524288,League 2,15,5.0,10,Nick0M,Michael Wilson,WR,True
1256316848832524288,League 2,15,5.0,10,Nick0M,Malik Washington,WR,False
1256316848832524288,League 2,15,5.0,10,Nick0M,Travis Kelce,TE,True
1256316848832524288,League 2,15,5.0,10,Nick0M,Harrison Butker,K,True
1256316848832524288,League 2,15,5.0,10,Nick0M,Kendrick Bourne,WR,False
1256316848832524288,League 2,15,5.0,10,Nick0M,Saquon Barkley,RB,True
1256316848832524288,League 2,15,5.0,10,Nick0M,Greg Dortch,WR,False
1256316848832524288,League 2,15,5.0,10,Nick0M,Darius Slayton,WR,False
1256316848832524288,League 2,15,5.0,10,Nick0M,Jerry Jeudy,WR,False
1256316848832524288,League 2,15,5.0,10,Nick0M,Jalen Hurts,QB,True
1256316848832524288,League 2,15,5.0,10,Nick0M,Darnell Mooney,WR,True
1256316848832524288,League 2,15,5.0,10,Nick0M,Kyle Pitts,TE,False
1256316848832524288,League 2,15,5.0,10,Nick0M,Kenneth Gainwell,RB,True
1256316848832524288,League 2,15,5.0,10,Nick0M,Garrett Wilson,WR,False
1256316848832524288,League 2,15,5.0,10,Nick0M,Rashid Shaheed,WR,True
1256316848832524288,League 2,15,5.0,10,Nick0M,Zay Flowers,WR,True
1256316848832524288,League 2,15,5.0,10,Nick0M,Seattle Seahawks,DEF,True
1256316848832524288,League 2,16,1.0,1,Caseyp12,Emanuel Wilson,RB,False
1256316848832524288,League 2,16,1.0,1,Caseyp12,Woody Marks,RB,False
1256316848832524288,League 2,16,1.0,1,Caseyp12,Tetairoa McMillan,WR,False
1256316848832524288,League 2,16,1.0,1,Caseyp12,Jacoby Brissett,QB,True
1256316848832524288,League 2,16,1.0,1,Caseyp12,Dak Prescott,QB,False
1256316848832524288,League 2,16,1.0,1,Caseyp12,Chase McLaughlin,K,True
1256316848832524288,League 2,16,1.0,1,Caseyp12,Rico Dowdle,RB,True
1256316848832524288,League 2,16,1.0,1,Caseyp12,Jauan Jennings,WR,True
1256316848832524288,League 2,16,1.0,1,Caseyp12,Michael Carter,RB,True
1256316848832524288,League 2,16,1.0,1,Caseyp12,Drake London,WR,True
1256316848832524288,League 2,16,1.0,1,Caseyp12,Trey McBride,TE,True
1256316848832524288,League 2,16,1.0,1,Caseyp12,Tyler Allgeier,RB,False
1256316848832524288,League 2,16,1.0,1,Caseyp12,Jaxon Smith-Njigba,WR,True
1256316848832524288,League 2,16,1.0,1,Caseyp12,Bijan Robinson,RB,True
1256316848832524288,League 2,16,1.0,1,Caseyp12,Kansas City Chiefs,DEF,False
1256316848832524288,League 2,16,1.0,1,Caseyp12,New England Patriots,DEF,False
1256316848832524288,League 2,16,1.0,1,Caseyp12,New Orleans Saints,DEF,True
1256316848832524288,League 2,16,3.0,2,ZLoftis9,Jayden Reed,WR,False
1256316848832524288,League 2,16,3.0,2,ZLoftis9,Bucky Irving,RB,True
1256316848832524288,League 2,16,3.0,2,ZLoftis9,Troy Franklin,WR,False
1256316848832524288,League 2,16,3.0,2,ZLoftis9,Ladd McConkey,WR,True
1256316848832524288,League 2,16,3.0,2,ZLoftis9,Jaxson Dart,QB,True
1256316848832524288,League 2,16,3.0,2,ZLoftis9,Ashton Jeanty,RB,True
1256316848832524288,League 2,16,3.0,2,ZLoftis9,Jacory Croskey-Merritt,RB,False
1256316848832524288,League 2,16,3.0,2,ZLoftis9,Chris Boswell,K,True
1256316848832524288,League 2,16,3.0,2,ZLoftis9,Stefon Diggs,WR,True
1256316848832524288,League 2,16,3.0,2,ZLoftis9,Aaron Jones,RB,True
1256316848832524288,League 2,16,3.0,2,ZLoftis9,Tony Pollard,RB,False
1256316848832524288,League 2,16,3.0,2,ZLoftis9,CeeDee Lamb,WR,True
1256316848832524288,League 2,16,3.0,2,ZLoftis9,Rhamondre Stevenson,RB,False
1256316848832524288,League 2,16,3.0,2,ZLoftis9,Jake Ferguson,TE,True
1256316848832524288,League 2,16,3.0,2,ZLoftis9,Isaiah Likely,TE,False
1256316848832524288,League 2,16,3.0,2,ZLoftis9,Chicago Bears,DEF,True
1256316848832524288,League 2,16,5.0,3,PlayaHaterOTY,Chris Rodriguez,RB,False
1256316848832524288,League 2,16,5.0,3,PlayaHaterOTY,Jake Bates,K,True
1256316848832524288,League 2,16,5.0,3,PlayaHaterOTY,Blake Corum,RB,True
1256316848832524288,League 2,16,5.0,3,PlayaHaterOTY,Jaylen Wright,RB,False
1256316848832524288,League 2,16,5.0,3,PlayaHaterOTY,Travis Hunter,WR,False
1256316848832524288,League 2,16,5.0,3,PlayaHaterOTY,Matthew Stafford,QB,False
1256316848832524288,League 2,16,5.0,3,PlayaHaterOTY,Dallas Goedert,TE,True
1256316848832524288,League 2,16,5.0,3,PlayaHaterOTY,David Montgomery,RB,True
1256316848832524288,League 2,16,5.0,3,PlayaHaterOTY,D'Andre Swift,RB,True
1256316848832524288,League 2,16,5.0,3,PlayaHaterOTY,Jordan Love,QB,True
1256316848832524288,League 2,16,5.0,3,PlayaHaterOTY,Amon-Ra St. Brown,WR,True
1256316848832524288,League 2,16,5.0,3,PlayaHaterOTY,Romeo Doubs,WR,False
1256316848832524288,League 2,16,5.0,3,PlayaHaterOTY,Chris Olave,WR,True
1256316848832524288,League 2,16,5.0,3,PlayaHaterOTY,Brenton Strange,TE,False
1256316848832524288,League 2,16,5.0,3,PlayaHaterOTY,Puka Nacua,WR,True
1256316848832524288,League 2,16,5.0,3,PlayaHaterOTY,Baltimore Ravens,DEF,False
1256316848832524288,League 2,16,5.0,3,PlayaHaterOTY,Minnesota Vikings,DEF,True
1256316848832524288,League 2,16,1.0,4,Gonzo4537,Audric Estime,RB,False
1256316848832524288,League 2,16,1.0,4,Gonzo4537,Xavier Worthy,WR,True
1256316848832524288,League 2,16,1.0,4,Gonzo4537,Omarion Hampton,RB,True
1256316848832524288,League 2,16,1.0,4,Gonzo4537,Emeka Egbuka,WR,False
1256316848832524288,League 2,16,1.0,4,Gonzo4537,Tyler Warren,TE,True
1256316848832524288,League 2,16,1.0,4,Gonzo4537,TreVeyon Henderson,RB,True
1256316848832524288,League 2,16,1.0,4,Gonzo4537,Jason Myers,K,True
1256316848832524288,League 2,16,1.0,4,Gonzo4537,Alvin Kamara,RB,False
1256316848832524288,League 2,16,1.0,4,Gonzo4537,Kareem Hunt,RB,False
1256316848832524288,League 2,16,1.0,4,Gonzo4537,Justin Herbert,QB,True
1256316848832524288,League 2,16,1.0,4,Gonzo4537,Nico Collins,WR,True
1256316848832524288,League 2,16,1.0,4,Gonzo4537,Chuba Hubbard,RB,False
1256316848832524288,League 2,16,1.0,4,Gonzo4537,Wan'Dale Robinson,WR,True
1256316848832524288,League 2,16,1.0,4,Gonzo4537,George Pickens,WR,True
1256316848832524288,League 2,16,1.0,4,Gonzo4537,Kayshon Boutte,WR,False
1256316848832524288,League 2,16,1.0,4,Gonzo4537,Jacksonville Jaguars,DEF,True
1256316848832524288,League 2,16,2.0,5,aIexwright,Trey Benson,RB,False
1256316848832524288,League 2,16,2.0,5,aIexwright,Hunter Henry,TE,False
1256316848832524288,League 2,16,2.0,5,aIexwright,Christian McCaffrey,RB,True
1256316848832524288,League 2,16,2.0,5,aIexwright,Chris Godwin,WR,False
1256316848832524288,League 2,16,2.0,5,aIexwright,Josh Allen,QB,True
1256316848832524288,League 2,16,2.0,5,aIexwright,Eddy Pineiro,K,True
1256316848832524288,League 2,16,2.0,5,aIexwright,DK Metcalf,WR,True
1256316848832524288,League 2,16,2.0,5,aIexwright,A.J. Brown,WR,True
1256316848832524288,League 2,16,2.0,5,aIexwright,Colby Parkinson,TE,True
1256316848832524288,League 2,16,2.0,5,aIexwright,Jaylen Waddle,WR,True
1256316848832524288,League 2,16,2.0,5,aIexwright,Travis Etienne,RB,True
1256316848832524288,League 2,16,2.0,5,aIexwright,Brian Robinson,RB,False
1256316848832524288,League 2,16,2.0,5,aIexwright,Christian Watson,WR,False
1256316848832524288,League 2,16,2.0,5,aIexwright,De'Von Achane,RB,True
1256316848832524288,League 2,16,2.0,5,aIexwright,Zach Charbonnet,RB,False
1256316848832524288,League 2,16,2.0,5,aIexwright,Quentin Johnston,WR,False
1256316848832524288,League 2,16,2.0,5,aIexwright,Atlanta Falcons,DEF,True
1256316848832524288,League 2,16,4.0,6,dbrauer23,Brock Bowers,TE,True
1256316848832524288,League 2,16,4.0,6,dbrauer23,Tyrone Tracy,RB,False
1256316848832524288,League 2,16,4.0,6,dbrauer23,Harold Fannin,TE,False
1256316848832524288,League 2,16,4.0,6,dbrauer23,Quinshon Judkins,RB,True
1256316848832524288,League 2,16,4.0,6,dbrauer23,Jared Goff,QB,True
1256316848832524288,League 2,16,4.0,6,dbrauer23,Derrick Henry,RB,True
1256316848832524288,League 2,16,4.0,6,dbrauer23,Deebo Samuel,WR,True
1256316848832524288,League 2,16,4.0,6,dbrauer23,Terry McLaurin,WR,False
1256316848832524288,League 2,16,4.0,6,dbrauer23,Jakobi Meyers,WR,False
1256316848832524288,League 2,16,4.0,6,dbrauer23,Joe Burrow,QB,False
1256316848832524288,League 2,16,4.0,6,dbrauer23,Tee Higgins,WR,False
1256316848832524288,League 2,16,4.0,6,dbrauer23,Michael Pittman,WR,True
1256316848832524288,League 2,16,4.0,6,dbrauer23,DeVonta Smith,WR,True
1256316848832524288,League 2,16,4.0,6,dbrauer23,Rachaad White,RB,False
1256316848832524288,League 2,16,4.0,6,dbrauer23,Kyren Williams,RB,True
1256316848832524288,League 2,16,4.0,6,dbrauer23,Green Bay Packers,DEF,True
1256316848832524288,League 2,16,2.0,7,Spicymeatball69,Drake Maye,QB,True
1256316848832524288,League 2,16,2.0,7,Spicymeatball69,Brian Thomas,WR,False
1256316848832524288,League 2,16,2.0,7,Spicymeatball69,Davante Adams,WR,False
1256316848832524288,League 2,16,2.0,7,Spicymeatball69,Mike Evans,WR,True
1256316848832524288,League 2,16,2.0,7,Spicymeatball69,Ka'imi Fairbairn,K,True
1256316848832524288,League 2,16,2.0,7,Spicymeatball69,George Kittle,TE,True
1256316848832524288,League 2,16,2.0,7,Spicymeatball69,Baker Mayfield,QB,False
1256316848832524288,League 2,16,2.0,7,Spicymeatball69,Justin Jefferson,WR,True
1256316848832524288,League 2,16,2.0,7,Spicymeatball69,Jonathan Taylor,RB,True
1256316848832524288,League 2,16,2.0,7,Spicymeatball69,Javonte Williams,RB,True
1256316848832524288,League 2,16,2.0,7,Spicymeatball69,Jameson Williams,WR,True
1256316848832524288,League 2,16,2.0,7,Spicymeatball69,Jaylen Warren,RB,False
1256316848832524288,League 2,16,2.0,7,Spicymeatball69,Jahmyr Gibbs,RB,True
1256316848832524288,League 2,16,2.0,7,Spicymeatball69,Buffalo Bills,DEF,True
1256316848832524288,League 2,16,2.0,7,Spicymeatball69,Philadelphia Eagles,DEF,False
1256316848832524288,League 2,16,2.0,7,Spicymeatball69,Pittsburgh Steelers,DEF,False
1256316848832524288,League 2,16,2.0,7,Spicymeatball69,Tampa Bay Buccaneers,DEF,False
1256316848832524288,League 2,16,3.0,8,YourBeanFriend,Dalton Kincaid,TE,True
1256316848832524288,League 2,16,3.0,8,YourBeanFriend,Rome Odunze,WR,False
1256316848832524288,League 2,16,3.0,8,YourBeanFriend,Marvin Harrison,WR,False
1256316848832524288,League 2,16,3.0,8,YourBeanFriend,Devaughn Vele,WR,False
1256316848832524288,League 2,16,3.0,8,YourBeanFriend,Oronde Gadsden,TE,True
1256316848832524288,League 2,16,3.0,8,YourBeanFriend,Darren Waller,TE,False
1256316848832524288,League 2,16,3.0,8,YourBeanFriend,Sam Darnold,QB,False
1256316848832524288,League 2,16,3.0,8,YourBeanFriend,Dalton Schultz,TE,True
1256316848832524288,League 2,16,3.0,8,YourBeanFriend,Josh Jacobs,RB,True
1256316848832524288,League 2,16,3.0,8,YourBeanFriend,Ja'Marr Chase,WR,True
1256316848832524288,League 2,16,3.0,8,YourBeanFriend,Khalil Shakir,WR,True
1256316848832524288,League 2,16,3.0,8,YourBeanFriend,Kenneth Walker,RB,False
1256316848832524288,League 2,16,3.0,8,YourBeanFriend,Brock Purdy,QB,True
1256316848832524288,League 2,16,3.0,8,YourBeanFriend,Cameron Dicker,K,True
1256316848832524288,League 2,16,3.0,8,YourBeanFriend,Chase Brown,RB,True
1256316848832524288,League 2,16,3.0,8,YourBeanFriend,Houston Texans,DEF,True
1256316848832524288,League 2,16,5.0,9,NotKool,Rashee Rice,WR,False
1256316848832524288,League 2,16,5.0,9,NotKool,Brandon Aubrey,K,True
1256316848832524288,League 2,16,5.0,9,NotKool,Kimani Vidal,RB,True
1256316848832524288,League 2,16,5.0,9,NotKool,RJ Harvey,RB,True
1256316848832524288,League 2,16,5.0,9,NotKool,Kyle Monangai,RB,False
1256316848832524288,League 2,16,5.0,9,NotKool,Tyler Shough,QB,True
1256316848832524288,League 2,16,5.0,9,NotKool,Keenan Allen,WR,True
1256316848832524288,League 2,16,5.0,9,NotKool,Lamar Jackson,QB,False
1256316848832524288,League 2,16,5.0,9,NotKool,DJ Moore,WR,False
1256316848832524288,League 2,16,5.0,9,NotKool,Mark Andrews,TE,False
1256316848832524288,League 2,16,5.0,9,NotKool,Courtland Sutton,WR,True
1256316848832524288,League 2,16,5.0,9,NotKool,T.J. Hockenson,TE,True
1256316848832524288,League 2,16,5.0,9,NotKool,James Cook,RB,True
1256316848832524288,League 2,16,5.0,9,NotKool,Breece Hall,RB,True
1256316848832524288,League 2,16,5.0,9,NotKool,Denver Broncos,DEF,True
1256316848832524288,League 2,16,4.0,10,Nick0M,Michael Wilson,WR,True
1256316848832524288,League 2,16,4.0,10,Nick0M,Malik Washington,WR,False
1256316848832524288,League 2,16,4.0,10,Nick0M,Travis Kelce,TE,True
1256316848832524288,League 2,16,4.0,10,Nick0M,Harrison Butker,K,True
1256316848832524288,League 2,16,4.0,10,Nick0M,Kendrick Bourne,WR,False
1256316848832524288,League 2,16,4.0,10,Nick0M,Saquon Barkley,RB,True
1256316848832524288,League 2,16,4.0,10,Nick0M,Greg Dortch,WR,False
1256316848832524288,League 2,16,4.0,10,Nick0M,Darius Slayton,WR,False
1256316848832524288,League 2,16,4.0,10,Nick0M,Jerry Jeudy,WR,False
1256316848832524288,League 2,16,4.0,10,Nick0M,Jalen Hurts,QB,True
1256316848832524288,League 2,16,4.0,10,Nick0M,Darnell Mooney,WR,True
1256316848832524288,League 2,16,4.0,10,Nick0M,Kyle Pitts,TE,True
1256316848832524288,League 2,16,4.0,10,Nick0M,Kenneth Gainwell,RB,True
1256316848832524288,League 2,16,4.0,10,Nick0M,Garrett Wilson,WR,False
1256316848832524288,League 2,16,4.0,10,Nick0M,Rashid Shaheed,WR,False
1256316848832524288,League 2,16,4.0,10,Nick0M,Zay Flowers,WR,True
1256316848832524288,League 2,16,4.0,10,Nick0M,Seattle Seahawks,DEF,True
1256316848832524288,League 2,17,1.0,1,Caseyp12,Dylan Sampson,RB,False
1256316848832524288,League 2,17,1.0,1,Caseyp12,Woody Marks,RB,False
1256316848832524288,League 2,17,1.0,1,Caseyp12,Luther Burden,WR,True
1256316848832524288,League 2,17,1.0,1,Caseyp12,Tetairoa McMillan,WR,False
1256316848832524288,League 2,17,1.0,1,Caseyp12,Dak Prescott,QB,True
1256316848832524288,League 2,17,1.0,1,Caseyp12,Dez Bryant,WR,False
1256316848832524288,League 2,17,1.0,1,Caseyp12,Chase McLaughlin,K,True
1256316848832524288,League 2,17,1.0,1,Caseyp12,Rico Dowdle,RB,False
1256316848832524288,League 2,17,1.0,1,Caseyp12,Jauan Jennings,WR,True
1256316848832524288,League 2,17,1.0,1,Caseyp12,Michael Carter,RB,True
1256316848832524288,League 2,17,1.0,1,Caseyp12,Drake London,WR,True
1256316848832524288,League 2,17,1.0,1,Caseyp12,Trey McBride,TE,True
1256316848832524288,League 2,17,1.0,1,Caseyp12,Jaxon Smith-Njigba,WR,True
1256316848832524288,League 2,17,1.0,1,Caseyp12,Bijan Robinson,RB,True
1256316848832524288,League 2,17,1.0,1,Caseyp12,New England Patriots,DEF,True
1256316848832524288,League 2,17,1.0,1,Caseyp12,New Orleans Saints,DEF,False
1256316848832524288,League 2,17,,2,ZLoftis9,Jayden Reed,WR,False
1256316848832524288,League 2,17,,2,ZLoftis9,Bucky Irving,RB,True
1256316848832524288,League 2,17,,2,ZLoftis9,Troy Franklin,WR,False
1256316848832524288,League 2,17,,2,ZLoftis9,Ladd McConkey,WR,True
1256316848832524288,League 2,17,,2,ZLoftis9,Jaxson Dart,QB,True
1256316848832524288,League 2,17,,2,ZLoftis9,Ashton Jeanty,RB,True
1256316848832524288,League 2,17,,2,ZLoftis9,Jacory Croskey-Merritt,RB,False
1256316848832524288,League 2,17,,2,ZLoftis9,Chris Boswell,K,True
1256316848832524288,League 2,17,,2,ZLoftis9,Stefon Diggs,WR,True
1256316848832524288,League 2,17,,2,ZLoftis9,Aaron Jones,RB,True
1256316848832524288,League 2,17,,2,ZLoftis9,Tony Pollard,RB,False
1256316848832524288,League 2,17,,2,ZLoftis9,CeeDee Lamb,WR,True
1256316848832524288,League 2,17,,2,ZLoftis9,Rhamondre Stevenson,RB,False
1256316848832524288,League 2,17,,2,ZLoftis9,Jake Ferguson,TE,True
1256316848832524288,League 2,17,,2,ZLoftis9,Isaiah Likely,TE,False
1256316848832524288,League 2,17,,2,ZLoftis9,Chicago Bears,DEF,True
1256316848832524288,League 2,17,,3,PlayaHaterOTY,Chris Rodriguez,RB,False
1256316848832524288,League 2,17,,3,PlayaHaterOTY,Jake Bates,K,True
1256316848832524288,League 2,17,,3,PlayaHaterOTY,Blake Corum,RB,True
1256316848832524288,League 2,17,,3,PlayaHaterOTY,Jaylen Wright,RB,False
1256316848832524288,League 2,17,,3,PlayaHaterOTY,Travis Hunter,WR,False
1256316848832524288,League 2,17,,3,PlayaHaterOTY,Matthew Stafford,QB,False
1256316848832524288,League 2,17,,3,PlayaHaterOTY,Dallas Goedert,TE,True
1256316848832524288,League 2,17,,3,PlayaHaterOTY,David Montgomery,RB,True
1256316848832524288,League 2,17,,3,PlayaHaterOTY,D'Andre Swift,RB,True
1256316848832524288,League 2,17,,3,PlayaHaterOTY,Jordan Love,QB,True
1256316848832524288,League 2,17,,3,PlayaHaterOTY,Amon-Ra St. Brown,WR,True
1256316848832524288,League 2,17,,3,PlayaHaterOTY,Romeo Doubs,WR,False
1256316848832524288,League 2,17,,3,PlayaHaterOTY,Chris Olave,WR,True
1256316848832524288,League 2,17,,3,PlayaHaterOTY,Brenton Strange,TE,False
1256316848832524288,League 2,17,,3,PlayaHaterOTY,Puka Nacua,WR,True
1256316848832524288,League 2,17,,3,PlayaHaterOTY,Baltimore Ravens,DEF,False
1256316848832524288,League 2,17,,3,PlayaHaterOTY,Minnesota Vikings,DEF,True
1256316848832524288,League 2,17,2.0,4,Gonzo4537,Audric Estime,RB,False
1256316848832524288,League 2,17,2.0,4,Gonzo4537,Xavier Worthy,WR,False
1256316848832524288,League 2,17,2.0,4,Gonzo4537,Omarion Hampton,RB,True
1256316848832524288,League 2,17,2.0,4,Gonzo4537,Emeka Egbuka,WR,False
1256316848832524288,League 2,17,2.0,4,Gonzo4537,Tyler Warren,TE,True
1256316848832524288,League 2,17,2.0,4,Gonzo4537,TreVeyon Henderson,RB,True
1256316848832524288,League 2,17,2.0,4,Gonzo4537,Jason Myers,K,True
1256316848832524288,League 2,17,2.0,4,Gonzo4537,Alvin Kamara,RB,False
1256316848832524288,League 2,17,2.0,4,Gonzo4537,Justin Herbert,QB,True
1256316848832524288,League 2,17,2.0,4,Gonzo4537,Nico Collins,WR,True
1256316848832524288,League 2,17,2.0,4,Gonzo4537,Chuba Hubbard,RB,False
1256316848832524288,League 2,17,2.0,4,Gonzo4537,Wan'Dale Robinson,WR,True
1256316848832524288,League 2,17,2.0,4,Gonzo4537,George Pickens,WR,True
1256316848832524288,League 2,17,2.0,4,Gonzo4537,Alec Pierce,WR,True
1256316848832524288,League 2,17,2.0,4,Gonzo4537,Kayshon Boutte,WR,False
1256316848832524288,League 2,17,2.0,4,Gonzo4537,Detroit Lions,DEF,True
1256316848832524288,League 2,17,2.0,5,aIexwright,Trey Benson,RB,False
1256316848832524288,League 2,17,2.0,5,aIexwright,Hunter Henry,TE,True
1256316848832524288,League 2,17,2.0,5,aIexwright,Christian McCaffrey,RB,True
1256316848832524288,League 2,17,2.0,5,aIexwright,Chris Godwin,WR,False
1256316848832524288,League 2,17,2.0,5,aIexwright,Josh Allen,QB,True
1256316848832524288,League 2,17,2.0,5,aIexwright,Eddy Pineiro,K,True
1256316848832524288,League 2,17,2.0,5,aIexwright,DK Metcalf,WR,False
1256316848832524288,League 2,17,2.0,5,aIexwright,A.J. Brown,WR,True
1256316848832524288,League 2,17,2.0,5,aIexwright,Colby Parkinson,TE,False
1256316848832524288,League 2,17,2.0,5,aIexwright,Jaylen Waddle,WR,True
1256316848832524288,League 2,17,2.0,5,aIexwright,Travis Etienne,RB,True
1256316848832524288,League 2,17,2.0,5,aIexwright,Brian Robinson,RB,False
1256316848832524288,League 2,17,2.0,5,aIexwright,Christian Watson,WR,False
1256316848832524288,League 2,17,2.0,5,aIexwright,De'Von Achane,RB,True
1256316848832524288,League 2,17,2.0,5,aIexwright,Zach Charbonnet,RB,True
1256316848832524288,League 2,17,2.0,5,aIexwright,Quentin Johnston,WR,False
1256316848832524288,League 2,17,2.0,5,aIexwright,Los Angeles Rams,DEF,True
1256316848832524288,League 2,17,,6,dbrauer23,Brock Bowers,TE,True
1256316848832524288,League 2,17,,6,dbrauer23,Tyrone Tracy,RB,False
1256316848832524288,League 2,17,,6,dbrauer23,Harold Fannin,TE,False
1256316848832524288,League 2,17,,6,dbrauer23,Quinshon Judkins,RB,True
1256316848832524288,League 2,17,,6,dbrauer23,Jared Goff,QB,True
1256316848832524288,League 2,17,,6,dbrauer23,Derrick Henry,RB,True
1256316848832524288,League 2,17,,6,dbrauer23,Deebo Samuel,WR,True
1256316848832524288,League 2,17,,6,dbrauer23,Terry McLaurin,WR,False
1256316848832524288,League 2,17,,6,dbrauer23,Joe Burrow,QB,False
1256316848832524288,League 2,17,,6,dbrauer23,Tee Higgins,WR,False
1256316848832524288,League 2,17,,6,dbrauer23,Michael Pittman,WR,True
1256316848832524288,League 2,17,,6,dbrauer23,DeVonta Smith,WR,True
1256316848832524288,League 2,17,,6,dbrauer23,Rachaad White,RB,False
1256316848832524288,League 2,17,,6,dbrauer23,Kyren Williams,RB,True
1256316848832524288,League 2,17,,6,dbrauer23,Green Bay Packers,DEF,True
1256316848832524288,League 2,17,1.0,7,Spicymeatball69,Drake Maye,QB,True
1256316848832524288,League 2,17,1.0,7,Spicymeatball69,Brian Thomas,WR,False
1256316848832524288,League 2,17,1.0,7,Spicymeatball69,Geno Smith,QB,False
1256316848832524288,League 2,17,1.0,7,Spicymeatball69,Davante Adams,WR,False
1256316848832524288,League 2,17,1.0,7,Spicymeatball69,Mike Evans,WR,True
1256316848832524288,League 2,17,1.0,7,Spicymeatball69,Ka'imi Fairbairn,K,True
1256316848832524288,League 2,17,1.0,7,Spicymeatball69,George Kittle,TE,False
1256316848832524288,League 2,17,1.0,7,Spicymeatball69,Jakobi Meyers,WR,False
1256316848832524288,League 2,17,1.0,7,Spicymeatball69,Justin Jefferson,WR,False
1256316848832524288,League 2,17,1.0,7,Spicymeatball69,Jonathan Taylor,RB,True
1256316848832524288,League 2,17,1.0,7,Spicymeatball69,Juwan Johnson,TE,True
1256316848832524288,League 2,17,1.0,7,Spicymeatball69,Javonte Williams,RB,True
1256316848832524288,League 2,17,1.0,7,Spicymeatball69,Jameson Williams,WR,True
1256316848832524288,League 2,17,1.0,7,Spicymeatball69,Jaylen Warren,RB,True
1256316848832524288,League 2,17,1.0,7,Spicymeatball69,Jahmyr Gibbs,RB,True
1256316848832524288,League 2,17,1.0,7,Spicymeatball69,Pittsburgh Steelers,DEF,True
1256316848832524288,League 2,17,,8,YourBeanFriend,Dalton Kincaid,TE,True
1256316848832524288,League 2,17,,8,YourBeanFriend,Rome Odunze,WR,False
1256316848832524288,League 2,17,,8,YourBeanFriend,Marvin Harrison,WR,False
1256316848832524288,League 2,17,,8,YourBeanFriend,Devaughn Vele,WR,False
1256316848832524288,League 2,17,,8,YourBeanFriend,Oronde Gadsden,TE,True
1256316848832524288,League 2,17,,8,YourBeanFriend,Darren Waller,TE,False
1256316848832524288,League 2,17,,8,YourBeanFriend,Sam Darnold,QB,False
1256316848832524288,League 2,17,,8,YourBeanFriend,Dalton Schultz,TE,True
1256316848832524288,League 2,17,,8,YourBeanFriend,Josh Jacobs,RB,True
1256316848832524288,League 2,17,,8,YourBeanFriend,Ja'Marr Chase,WR,True
1256316848832524288,League 2,17,,8,YourBeanFriend,Khalil Shakir,WR,True
1256316848832524288,League 2,17,,8,YourBeanFriend,Kenneth Walker,RB,False
1256316848832524288,League 2,17,,8,YourBeanFriend,Brock Purdy,QB,True
1256316848832524288,League 2,17,,8,YourBeanFriend,Cameron Dicker,K,True
1256316848832524288,League 2,17,,8,YourBeanFriend,Chase Brown,RB,True
1256316848832524288,League 2,17,,8,YourBeanFriend,Houston Texans,DEF,True
1256316848832524288,League 2,17,,9,NotKool,Rashee Rice,WR,False
1256316848832524288,League 2,17,,9,NotKool,Brandon Aubrey,K,True
1256316848832524288,League 2,17,,9,NotKool,Kimani Vidal,RB,True
1256316848832524288,League 2,17,,9,NotKool,RJ Harvey,RB,True
1256316848832524288,League 2,17,,9,NotKool,Kyle Monangai,RB,False
1256316848832524288,League 2,17,,9,NotKool,Tyler Shough,QB,True
1256316848832524288,League 2,17,,9,NotKool,Keenan Allen,WR,True
1256316848832524288,League 2,17,,9,NotKool,Lamar Jackson,QB,False
1256316848832524288,League 2,17,,9,NotKool,DJ Moore,WR,False
1256316848832524288,League 2,17,,9,NotKool,Mark Andrews,TE,False
1256316848832524288,League 2,17,,9,NotKool,Courtland Sutton,WR,True
1256316848832524288,League 2,17,,9,NotKool,T.J. Hockenson,TE,True
1256316848832524288,League 2,17,,9,NotKool,James Cook,RB,True
1256316848832524288,League 2,17,,9,NotKool,Breece Hall,RB,True
1256316848832524288,League 2,17,,9,NotKool,Denver Broncos,DEF,True
1256316848832524288,League 2,17,,10,Nick0M,Michael Wilson,WR,True
1256316848832524288,League 2,17,,10,Nick0M,Malik Washington,WR,False
1256316848832524288,League 2,17,,10,Nick0M,Travis Kelce,TE,True
1256316848832524288,League 2,17,,10,Nick0M,Harrison Butker,K,True
1256316848832524288,League 2,17,,10,Nick0M,Kendrick Bourne,WR,False
1256316848832524288,League 2,17,,10,Nick0M,Saquon Barkley,RB,True
1256316848832524288,League 2,17,,10,Nick0M,Greg Dortch,WR,False
1256316848832524288,League 2,17,,10,Nick0M,Darius Slayton,WR,False
1256316848832524288,League 2,17,,10,Nick0M,Jerry Jeudy,WR,False
1256316848832524288,League 2,17,,10,Nick0M,Jalen Hurts,QB,True
1256316848832524288,League 2,17,,10,Nick0M,Darnell Mooney,WR,True
1256316848832524288,League 2,17,,10,Nick0M,Kyle Pitts,TE,True
1256316848832524288,League 2,17,,10,Nick0M,Kenneth Gainwell,RB,True
1256316848832524288,League 2,17,,10,Nick0M,Garrett Wilson,WR,False
1256316848832524288,League 2,17,,10,Nick0M,Rashid Shaheed,WR,False
1256316848832524288,League 2,17,,10,Nick0M,Zay Flowers,WR,True
1256316848832524288,League 2,17,,10,Nick0M,Seattle Seahawks,DEF,True
