week,matchup_id,roster_id,display_name,player_name,position,is_starter
1,5,1,Calcarro,Sam LaPorta,TE,TRUE
1,5,1,Calcarro,Jake Bates,K,TRUE
1,5,1,Calcarro,Rome Odunze,WR,TRUE
1,5,1,Calcarro,Marvin Harrison,WR,TRUE
1,5,1,Calcarro,Terry McLaurin,WR,TRUE
1,5,1,Calcarro,Justin Herbert,QB,TRUE
1,5,1,Calcarro,Jonathan Taylor,RB,TRUE
1,5,1,Calcarro,Jahmyr Gibbs,RB,TRUE
1,5,1,Calcarro,Pittsburgh Steelers,DEF,TRUE
1,5,1,Calcarro,Luther Burden,WR,FALSE
1,5,1,Calcarro,Jacory Croskey-Merritt,RB,FALSE
1,5,1,Calcarro,Isaac TeSlaa,WR,FALSE
1,5,1,Calcarro,Christian Kirk,WR,FALSE
1,5,1,Calcarro,Joshua Palmer,WR,FALSE
1,5,1,Calcarro,Brian Robinson,RB,FALSE
1,3,2,garrettmowery,Christian McCaffrey,RB,TRUE
1,3,2,garrettmowery,Patrick Mahomes,QB,TRUE
1,3,2,garrettmowery,George Kittle,TE,TRUE
1,3,2,garrettmowery,A.J. Brown,WR,TRUE
1,3,2,garrettmowery,Evan McPherson,K,TRUE
1,3,2,garrettmowery,Chris Olave,WR,TRUE
1,3,2,garrettmowery,Garrett Wilson,WR,TRUE
1,3,2,garrettmowery,Kenneth Walker,RB,TRUE
1,3,2,garrettmowery,Kansas City Chiefs,DEF,TRUE
1,3,2,garrettmowery,Ray Davis,RB,FALSE
1,3,2,garrettmowery,Chris Godwin,WR,FALSE
1,3,2,garrettmowery,Austin Ekeler,RB,FALSE
1,3,2,garrettmowery,Michael Pittman,WR,FALSE
1,3,2,garrettmowery,Travis Etienne,RB,FALSE
1,3,2,garrettmowery,Kendre Miller,RB,FALSE
1,6,3,Ouriginal,Brock Bowers,TE,TRUE
1,6,3,Ouriginal,Ladd McConkey,WR,TRUE
1,6,3,Ouriginal,Jake Elliott,K,TRUE
1,6,3,Ouriginal,Saquon Barkley,RB,TRUE
1,6,3,Ouriginal,DK Metcalf,WR,TRUE
1,6,3,Ouriginal,Kyler Murray,QB,TRUE
1,6,3,Ouriginal,Jaylen Waddle,WR,TRUE
1,6,3,Ouriginal,Isiah Pacheco,RB,TRUE
1,6,3,Ouriginal,Philadelphia Eagles,DEF,TRUE
1,6,3,Ouriginal,Jayden Reed,WR,FALSE
1,6,3,Ouriginal,Dalton Kincaid,TE,FALSE
1,6,3,Ouriginal,Kaleb Johnson,RB,FALSE
1,6,3,Ouriginal,Tre' Harris,WR,FALSE
1,6,3,Ouriginal,Rashod Bateman,WR,FALSE
1,6,3,Ouriginal,Brock Purdy,QB,FALSE
1,4,4,pattycan,Emeka Egbuka,WR,TRUE
1,4,4,pattycan,Lamar Jackson,QB,TRUE
1,4,4,pattycan,T.J. Hockenson,TE,TRUE
1,4,4,pattycan,CeeDee Lamb,WR,TRUE
1,4,4,pattycan,Jauan Jennings,WR,TRUE
1,4,4,pattycan,Breece Hall,RB,TRUE
1,4,4,pattycan,Cameron Dicker,K,TRUE
1,4,4,pattycan,De'Von Achane,RB,TRUE
1,4,4,pattycan,Baltimore Ravens,DEF,TRUE
1,4,4,pattycan,Rashee Rice,WR,FALSE
1,4,4,pattycan,Drake Maye,QB,FALSE
1,4,4,pattycan,Bhayshul Tuten,RB,FALSE
1,4,4,pattycan,Adam Thielen,WR,FALSE
1,4,4,pattycan,Joe Mixon,RB,FALSE
1,4,4,pattycan,Dallas Goedert,TE,FALSE
1,2,5,declancarroll,Bo Nix,QB,TRUE
1,2,5,declancarroll,Mike Evans,WR,TRUE
1,2,5,declancarroll,James Conner,RB,TRUE
1,2,5,declancarroll,Younghoe Koo,K,TRUE
1,2,5,declancarroll,Courtland Sutton,WR,TRUE
1,2,5,declancarroll,Ja'Marr Chase,WR,TRUE
1,2,5,declancarroll,Chase Brown,RB,TRUE
1,2,5,declancarroll,Tucker Kraft,TE,TRUE
1,2,5,declancarroll,Arizona Cardinals,DEF,TRUE
1,2,5,declancarroll,J.J. McCarthy,QB,FALSE
1,2,5,declancarroll,Trey Benson,RB,FALSE
1,2,5,declancarroll,Jalen Coker,WR,FALSE
1,2,5,declancarroll,Darren Waller,TE,FALSE
1,2,5,declancarroll,David Montgomery,RB,FALSE
1,2,5,declancarroll,J.K. Dobbins,RB,FALSE
1,2,5,declancarroll,Darnell Mooney,WR,FALSE
1,2,5,declancarroll,Josh Downs,WR,FALSE
1,2,5,declancarroll,Jordan Addison,WR,FALSE
1,6,6,kingcarrillo,Omarion Hampton,RB,TRUE
1,6,6,kingcarrillo,David Njoku,TE,TRUE
1,6,6,kingcarrillo,Alvin Kamara,RB,TRUE
1,6,6,kingcarrillo,Baker Mayfield,QB,TRUE
1,6,6,kingcarrillo,Jakobi Meyers,WR,TRUE
1,6,6,kingcarrillo,Chase McLaughlin,K,TRUE
1,6,6,kingcarrillo,Nico Collins,WR,TRUE
1,6,6,kingcarrillo,Puka Nacua,WR,TRUE
1,6,6,kingcarrillo,Buffalo Bills,DEF,TRUE
1,6,6,kingcarrillo,Cam Skattebo,RB,FALSE
1,6,6,kingcarrillo,Cam Ward,QB,FALSE
1,6,6,kingcarrillo,Nick Chubb,RB,FALSE
1,6,6,kingcarrillo,George Pickens,WR,FALSE
1,6,6,kingcarrillo,Jerome Ford,RB,FALSE
1,6,6,kingcarrillo,Rashid Shaheed,WR,FALSE
1,1,7,NotKool,Malik Nabers,WR,TRUE
1,1,7,NotKool,Tyler Warren,TE,TRUE
1,1,7,NotKool,Chris Boswell,K,TRUE
1,1,7,NotKool,Tyreek Hill,WR,TRUE
1,1,7,NotKool,Josh Allen,QB,TRUE
1,1,7,NotKool,Tony Pollard,RB,TRUE
1,1,7,NotKool,Chuba Hubbard,RB,TRUE
1,1,7,NotKool,Zay Flowers,WR,TRUE
1,1,7,NotKool,Houston Texans,DEF,TRUE
1,1,7,NotKool,Ricky Pearsall,WR,FALSE
1,1,7,NotKool,Elic Ayomanor,WR,FALSE
1,1,7,NotKool,Dont'e Thornton,WR,FALSE
1,1,7,NotKool,Tahj Brooks,RB,FALSE
1,1,7,NotKool,Tank Bigsby,RB,FALSE
1,1,7,NotKool,Zach Charbonnet,RB,FALSE
1,3,8,Shnickel,Jayden Daniels,QB,TRUE
1,3,8,Shnickel,Brian Thomas,WR,TRUE
1,3,8,Shnickel,Ashton Jeanty,RB,TRUE
1,3,8,Shnickel,Wil Lutz,K,TRUE
1,3,8,Shnickel,Evan Engram,TE,TRUE
1,3,8,Shnickel,Tee Higgins,WR,TRUE
1,3,8,Shnickel,Jameson Williams,WR,TRUE
1,3,8,Shnickel,Jaylen Warren,RB,TRUE
1,3,8,Shnickel,San Francisco 49ers,DEF,TRUE
1,3,8,Shnickel,Braelon Allen,RB,FALSE
1,3,8,Shnickel,RJ Harvey,RB,FALSE
1,3,8,Shnickel,Travis Hunter,WR,FALSE
1,3,8,Shnickel,Brandon Aiyuk,WR,FALSE
1,3,8,Shnickel,Najee Harris,RB,FALSE
1,3,8,Shnickel,Rachaad White,RB,FALSE
1,3,8,Shnickel,Jordan Mason,RB,FALSE
1,2,9,HurricaneEich,Brandon Aubrey,K,TRUE
1,2,9,HurricaneEich,Colston Loveland,TE,TRUE
1,2,9,HurricaneEich,Davante Adams,WR,TRUE
1,2,9,HurricaneEich,Derrick Henry,RB,TRUE
1,2,9,HurricaneEich,Josh Jacobs,RB,TRUE
1,2,9,HurricaneEich,Jerry Jeudy,WR,TRUE
1,2,9,HurricaneEich,Jalen Hurts,QB,TRUE
1,2,9,HurricaneEich,DeVonta Smith,WR,TRUE
1,2,9,HurricaneEich,Denver Broncos,DEF,TRUE
1,2,9,HurricaneEich,Tyler Loop,K,FALSE
1,2,9,HurricaneEich,Deebo Samuel,WR,FALSE
1,2,9,HurricaneEich,Jake Ferguson,TE,FALSE
1,2,9,HurricaneEich,Marvin Mims,WR,FALSE
1,2,9,HurricaneEich,C.J. Stroud,QB,FALSE
1,2,9,HurricaneEich,Detroit Lions,DEF,FALSE
1,1,10,arturowong,Bucky Irving,RB,TRUE
1,1,10,arturowong,Cam Little,K,TRUE
1,1,10,arturowong,Tetairoa McMillan,WR,TRUE
1,1,10,arturowong,Dak Prescott,QB,TRUE
1,1,10,arturowong,DJ Moore,WR,TRUE
1,1,10,arturowong,Mark Andrews,TE,TRUE
1,1,10,arturowong,Jaxon Smith-Njigba,WR,TRUE
1,1,10,arturowong,Bijan Robinson,RB,TRUE
1,1,10,arturowong,Green Bay Packers,DEF,TRUE
1,1,10,arturowong,Ollie Gordon,RB,FALSE
1,1,10,arturowong,Keenan Allen,WR,FALSE
1,1,10,arturowong,Stefon Diggs,WR,FALSE
1,1,10,arturowong,Aaron Jones,RB,FALSE
1,1,10,arturowong,Kyle Pitts,TE,FALSE
1,1,10,arturowong,Justin Fields,QB,FALSE
1,4,11,ChexMixChester,TreVeyon Henderson,RB,TRUE
1,4,11,ChexMixChester,Travis Kelce,TE,TRUE
1,4,11,ChexMixChester,Jared Goff,QB,TRUE
1,4,11,ChexMixChester,Harrison Butker,K,TRUE
1,4,11,ChexMixChester,Calvin Ridley,WR,TRUE
1,4,11,ChexMixChester,Amon-Ra St. Brown,WR,TRUE
1,4,11,ChexMixChester,Drake London,WR,TRUE
1,4,11,ChexMixChester,James Cook,RB,TRUE
1,4,11,ChexMixChester,Washington Commanders,DEF,TRUE
1,4,11,ChexMixChester,Tyrone Tracy,RB,FALSE
1,4,11,ChexMixChester,Jaydon Blue,RB,FALSE
1,4,11,ChexMixChester,Quinshon Judkins,RB,FALSE
1,4,11,ChexMixChester,Jonnu Smith,TE,FALSE
1,4,11,ChexMixChester,Rhamondre Stevenson,RB,FALSE
1,4,11,ChexMixChester,Khalil Shakir,WR,FALSE
1,5,12,Vishiga,Xavier Worthy,WR,TRUE
1,5,12,Vishiga,Ka'imi Fairbairn,K,TRUE
1,5,12,Vishiga,Joe Burrow,QB,TRUE
1,5,12,Vishiga,D'Andre Swift,RB,TRUE
1,5,12,Vishiga,Justin Jefferson,WR,TRUE
1,5,12,Vishiga,Javonte Williams,RB,TRUE
1,5,12,Vishiga,Trey McBride,TE,TRUE
1,5,12,Vishiga,Kyren Williams,RB,TRUE
1,5,12,Vishiga,Minnesota Vikings,DEF,TRUE
1,5,12,Vishiga,Caleb Williams,QB,FALSE
1,5,12,Vishiga,Keon Coleman,WR,FALSE
1,5,12,Vishiga,Jayden Higgins,WR,FALSE
1,5,12,Vishiga,Matthew Golden,WR,FALSE
1,5,12,Vishiga,Zach Ertz,TE,FALSE
1,5,12,Vishiga,Cooper Kupp,WR,FALSE
2,6,1,Calcarro,Sam LaPorta,TE,TRUE
2,6,1,Calcarro,Jake Bates,K,TRUE
2,6,1,Calcarro,Marvin Harrison,WR,TRUE
2,6,1,Calcarro,Jacory Croskey-Merritt,RB,TRUE
2,6,1,Calcarro,Terry McLaurin,WR,TRUE
2,6,1,Calcarro,Justin Herbert,QB,TRUE
2,6,1,Calcarro,Jonathan Taylor,RB,TRUE
2,6,1,Calcarro,Jahmyr Gibbs,RB,TRUE
2,6,1,Calcarro,Pittsburgh Steelers,DEF,TRUE
2,6,1,Calcarro,Rome Odunze,WR,FALSE
2,6,1,Calcarro,Luther Burden,WR,FALSE
2,6,1,Calcarro,Isaac TeSlaa,WR,FALSE
2,6,1,Calcarro,Christian Kirk,WR,FALSE
2,6,1,Calcarro,Joshua Palmer,WR,FALSE
2,6,1,Calcarro,Brian Robinson,RB,FALSE
2,3,2,garrettmowery,Hunter Henry,TE,TRUE
2,3,2,garrettmowery,Christian McCaffrey,RB,TRUE
2,3,2,garrettmowery,Patrick Mahomes,QB,TRUE
2,3,2,garrettmowery,A.J. Brown,WR,TRUE
2,3,2,garrettmowery,Travis Etienne,RB,TRUE
2,3,2,garrettmowery,Evan McPherson,K,TRUE
2,3,2,garrettmowery,Chris Olave,WR,TRUE
2,3,2,garrettmowery,Garrett Wilson,WR,TRUE
2,3,2,garrettmowery,Kansas City Chiefs,DEF,TRUE
2,3,2,garrettmowery,Ray Davis,RB,FALSE
2,3,2,garrettmowery,Chris Godwin,WR,FALSE
2,3,2,garrettmowery,George Kittle,TE,FALSE
2,3,2,garrettmowery,Austin Ekeler,RB,FALSE
2,3,2,garrettmowery,Michael Pittman,WR,FALSE
2,3,2,garrettmowery,Kenneth Walker,RB,FALSE
2,3,2,garrettmowery,Kendre Miller,RB,FALSE
2,5,3,Ouriginal,Brock Bowers,TE,TRUE
2,5,3,Ouriginal,Ladd McConkey,WR,TRUE
2,5,3,Ouriginal,Jake Elliott,K,TRUE
2,5,3,Ouriginal,Saquon Barkley,RB,TRUE
2,5,3,Ouriginal,DK Metcalf,WR,TRUE
2,5,3,Ouriginal,Kyler Murray,QB,TRUE
2,5,3,Ouriginal,Jaylen Waddle,WR,TRUE
2,5,3,Ouriginal,Isiah Pacheco,RB,TRUE
2,5,3,Ouriginal,Philadelphia Eagles,DEF,TRUE
2,5,3,Ouriginal,Jayden Reed,WR,FALSE
2,5,3,Ouriginal,Dalton Kincaid,TE,FALSE
2,5,3,Ouriginal,Kaleb Johnson,RB,FALSE
2,5,3,Ouriginal,Tre' Harris,WR,FALSE
2,5,3,Ouriginal,Rashod Bateman,WR,FALSE
2,5,3,Ouriginal,Wan'Dale Robinson,WR,FALSE
2,5,3,Ouriginal,Brock Purdy,QB,FALSE
2,4,4,pattycan,Emeka Egbuka,WR,TRUE
2,4,4,pattycan,Lamar Jackson,QB,TRUE
2,4,4,pattycan,T.J. Hockenson,TE,TRUE
2,4,4,pattycan,CeeDee Lamb,WR,TRUE
2,4,4,pattycan,Jauan Jennings,WR,TRUE
2,4,4,pattycan,Breece Hall,RB,TRUE
2,4,4,pattycan,Cameron Dicker,K,TRUE
2,4,4,pattycan,De'Von Achane,RB,TRUE
2,4,4,pattycan,Baltimore Ravens,DEF,TRUE
2,4,4,pattycan,Rashee Rice,WR,FALSE
2,4,4,pattycan,Drake Maye,QB,FALSE
2,4,4,pattycan,Bhayshul Tuten,RB,FALSE
2,4,4,pattycan,Adam Thielen,WR,FALSE
2,4,4,pattycan,Joe Mixon,RB,FALSE
2,4,4,pattycan,Dallas Goedert,TE,FALSE
2,1,5,declancarroll,J.J. McCarthy,QB,TRUE
2,1,5,declancarroll,Mike Evans,WR,TRUE
2,1,5,declancarroll,James Conner,RB,TRUE
2,1,5,declancarroll,Courtland Sutton,WR,TRUE
2,1,5,declancarroll,Daniel Carlson,K,TRUE
2,1,5,declancarroll,Ja'Marr Chase,WR,TRUE
2,1,5,declancarroll,Chase Brown,RB,TRUE
2,1,5,declancarroll,Tucker Kraft,TE,TRUE
2,1,5,declancarroll,Arizona Cardinals,DEF,TRUE
2,1,5,declancarroll,Bo Nix,QB,FALSE
2,1,5,declancarroll,Trey Benson,RB,FALSE
2,1,5,declancarroll,Dylan Sampson,RB,FALSE
2,1,5,declancarroll,David Montgomery,RB,FALSE
2,1,5,declancarroll,J.K. Dobbins,RB,FALSE
2,1,5,declancarroll,Darnell Mooney,WR,FALSE
2,1,5,declancarroll,Jordan Addison,WR,FALSE
2,6,6,kingcarrillo,Harold Fannin,TE,TRUE
2,6,6,kingcarrillo,Alvin Kamara,RB,TRUE
2,6,6,kingcarrillo,Baker Mayfield,QB,TRUE
2,6,6,kingcarrillo,Nick Chubb,RB,TRUE
2,6,6,kingcarrillo,Jakobi Meyers,WR,TRUE
2,6,6,kingcarrillo,Chase McLaughlin,K,TRUE
2,6,6,kingcarrillo,Nico Collins,WR,TRUE
2,6,6,kingcarrillo,Puka Nacua,WR,TRUE
2,6,6,kingcarrillo,Dallas Cowboys,DEF,TRUE
2,6,6,kingcarrillo,Omarion Hampton,RB,FALSE
2,6,6,kingcarrillo,David Njoku,TE,FALSE
2,6,6,kingcarrillo,Calvin Austin,WR,FALSE
2,6,6,kingcarrillo,George Pickens,WR,FALSE
2,6,6,kingcarrillo,Rashid Shaheed,WR,FALSE
2,6,6,kingcarrillo,Quentin Johnston,WR,FALSE
2,1,7,NotKool,Malik Nabers,WR,TRUE
2,1,7,NotKool,Ricky Pearsall,WR,TRUE
2,1,7,NotKool,Tyler Warren,TE,TRUE
2,1,7,NotKool,Chris Boswell,K,TRUE
2,1,7,NotKool,Josh Allen,QB,TRUE
2,1,7,NotKool,Tony Pollard,RB,TRUE
2,1,7,NotKool,Chuba Hubbard,RB,TRUE
2,1,7,NotKool,Zay Flowers,WR,TRUE
2,1,7,NotKool,Houston Texans,DEF,TRUE
2,1,7,NotKool,Elic Ayomanor,WR,FALSE
2,1,7,NotKool,Dont'e Thornton,WR,FALSE
2,1,7,NotKool,Tyreek Hill,WR,FALSE
2,1,7,NotKool,Tank Bigsby,RB,FALSE
2,1,7,NotKool,Kayshon Boutte,WR,FALSE
2,1,7,NotKool,Zach Charbonnet,RB,FALSE
2,4,8,Shnickel,Jayden Daniels,QB,TRUE
2,4,8,Shnickel,Brian Thomas,WR,TRUE
2,4,8,Shnickel,Ashton Jeanty,RB,TRUE
2,4,8,Shnickel,Wil Lutz,K,TRUE
2,4,8,Shnickel,Tee Higgins,WR,TRUE
2,4,8,Shnickel,Juwan Johnson,TE,TRUE
2,4,8,Shnickel,Jameson Williams,WR,TRUE
2,4,8,Shnickel,Jaylen Warren,RB,TRUE
2,4,8,Shnickel,San Francisco 49ers,DEF,TRUE
2,4,8,Shnickel,Braelon Allen,RB,FALSE
2,4,8,Shnickel,RJ Harvey,RB,FALSE
2,4,8,Shnickel,Travis Hunter,WR,FALSE
2,4,8,Shnickel,Evan Engram,TE,FALSE
2,4,8,Shnickel,Brandon Aiyuk,WR,FALSE
2,4,8,Shnickel,Najee Harris,RB,FALSE
2,4,8,Shnickel,Jordan Mason,RB,FALSE
2,2,9,HurricaneEich,Brandon Aubrey,K,TRUE
2,2,9,HurricaneEich,Davante Adams,WR,TRUE
2,2,9,HurricaneEich,Derrick Henry,RB,TRUE
2,2,9,HurricaneEich,Josh Jacobs,RB,TRUE
2,2,9,HurricaneEich,Deebo Samuel,WR,TRUE
2,2,9,HurricaneEich,Jalen Hurts,QB,TRUE
2,2,9,HurricaneEich,DeVonta Smith,WR,TRUE
2,2,9,HurricaneEich,Jake Ferguson,TE,TRUE
2,2,9,HurricaneEich,Denver Broncos,DEF,TRUE
2,2,9,HurricaneEich,Colston Loveland,TE,FALSE
2,2,9,HurricaneEich,Tyler Loop,K,FALSE
2,2,9,HurricaneEich,Jerry Jeudy,WR,FALSE
2,2,9,HurricaneEich,Marvin Mims,WR,FALSE
2,2,9,HurricaneEich,C.J. Stroud,QB,FALSE
2,2,9,HurricaneEich,Detroit Lions,DEF,FALSE
2,2,10,arturowong,Bucky Irving,RB,TRUE
2,2,10,arturowong,Cam Little,K,TRUE
2,2,10,arturowong,Tetairoa McMillan,WR,TRUE
2,2,10,arturowong,Keenan Allen,WR,TRUE
2,2,10,arturowong,Kyle Pitts,TE,TRUE
2,2,10,arturowong,Justin Fields,QB,TRUE
2,2,10,arturowong,Jaxon Smith-Njigba,WR,TRUE
2,2,10,arturowong,Bijan Robinson,RB,TRUE
2,2,10,arturowong,Green Bay Packers,DEF,TRUE
2,2,10,arturowong,Cam Skattebo,RB,FALSE
2,2,10,arturowong,Stefon Diggs,WR,FALSE
2,2,10,arturowong,Dak Prescott,QB,FALSE
2,2,10,arturowong,Aaron Jones,RB,FALSE
2,2,10,arturowong,DJ Moore,WR,FALSE
2,2,10,arturowong,Mark Andrews,TE,FALSE
2,3,11,ChexMixChester,TreVeyon Henderson,RB,TRUE
2,3,11,ChexMixChester,Travis Kelce,TE,TRUE
2,3,11,ChexMixChester,Jared Goff,QB,TRUE
2,3,11,ChexMixChester,Harrison Butker,K,TRUE
2,3,11,ChexMixChester,Calvin Ridley,WR,TRUE
2,3,11,ChexMixChester,Amon-Ra St. Brown,WR,TRUE
2,3,11,ChexMixChester,Drake London,WR,TRUE
2,3,11,ChexMixChester,James Cook,RB,TRUE
2,3,11,ChexMixChester,Washington Commanders,DEF,TRUE
2,3,11,ChexMixChester,Tyrone Tracy,RB,FALSE
2,3,11,ChexMixChester,Jaydon Blue,RB,FALSE
2,3,11,ChexMixChester,Quinshon Judkins,RB,FALSE
2,3,11,ChexMixChester,Jonnu Smith,TE,FALSE
2,3,11,ChexMixChester,Rhamondre Stevenson,RB,FALSE
2,3,11,ChexMixChester,Khalil Shakir,WR,FALSE
2,5,12,Vishiga,Keon Coleman,WR,TRUE
2,5,12,Vishiga,Ka'imi Fairbairn,K,TRUE
2,5,12,Vishiga,Marquise Brown,WR,TRUE
2,5,12,Vishiga,Joe Burrow,QB,TRUE
2,5,12,Vishiga,Justin Jefferson,WR,TRUE
2,5,12,Vishiga,Javonte Williams,RB,TRUE
2,5,12,Vishiga,Trey McBride,TE,TRUE
2,5,12,Vishiga,Kyren Williams,RB,TRUE
2,5,12,Vishiga,Minnesota Vikings,DEF,TRUE
2,5,12,Vishiga,Caleb Williams,QB,FALSE
2,5,12,Vishiga,Xavier Worthy,WR,FALSE
2,5,12,Vishiga,Jayden Higgins,WR,FALSE
2,5,12,Vishiga,Matthew Golden,WR,FALSE
2,5,12,Vishiga,Zach Ertz,TE,FALSE
2,5,12,Vishiga,Cooper Kupp,WR,FALSE
2,5,12,Vishiga,D'Andre Swift,RB,FALSE
3,6,1,Calcarro,Sam LaPorta,TE,TRUE
3,6,1,Calcarro,Jake Bates,K,TRUE
3,6,1,Calcarro,Rome Odunze,WR,TRUE
3,6,1,Calcarro,Marvin Harrison,WR,TRUE
3,6,1,Calcarro,Terry McLaurin,WR,TRUE
3,6,1,Calcarro,Justin Herbert,QB,TRUE
3,6,1,Calcarro,Jonathan Taylor,RB,TRUE
3,6,1,Calcarro,Jahmyr Gibbs,RB,TRUE
3,6,1,Calcarro,Pittsburgh Steelers,DEF,TRUE
3,6,1,Calcarro,Luther Burden,WR,FALSE
3,6,1,Calcarro,Jacory Croskey-Merritt,RB,FALSE
3,6,1,Calcarro,Isaac TeSlaa,WR,FALSE
3,6,1,Calcarro,Joshua Palmer,WR,FALSE
3,6,1,Calcarro,Tyler Allgeier,RB,FALSE
3,6,1,Calcarro,Brian Robinson,RB,FALSE
3,3,2,garrettmowery,Zach Ertz,TE,TRUE
3,3,2,garrettmowery,Christian McCaffrey,RB,TRUE
3,3,2,garrettmowery,Patrick Mahomes,QB,TRUE
3,3,2,garrettmowery,A.J. Brown,WR,TRUE
3,3,2,garrettmowery,Travis Etienne,RB,TRUE
3,3,2,garrettmowery,Evan McPherson,K,TRUE
3,3,2,garrettmowery,Garrett Wilson,WR,TRUE
3,3,2,garrettmowery,Kenneth Walker,RB,TRUE
3,3,2,garrettmowery,Kansas City Chiefs,DEF,TRUE
3,3,2,garrettmowery,Ray Davis,RB,FALSE
3,3,2,garrettmowery,Chris Godwin,WR,FALSE
3,3,2,garrettmowery,George Kittle,TE,FALSE
3,3,2,garrettmowery,Austin Ekeler,RB,FALSE
3,3,2,garrettmowery,Christian Kirk,WR,FALSE
3,3,2,garrettmowery,Michael Pittman,WR,FALSE
3,3,2,garrettmowery,Chris Olave,WR,FALSE
3,3,2,garrettmowery,Kendre Miller,RB,FALSE
3,6,3,Ouriginal,Brock Bowers,TE,TRUE
3,6,3,Ouriginal,Ladd McConkey,WR,TRUE
3,6,3,Ouriginal,Jake Elliott,K,TRUE
3,6,3,Ouriginal,Saquon Barkley,RB,TRUE
3,6,3,Ouriginal,DK Metcalf,WR,TRUE
3,6,3,Ouriginal,Kyler Murray,QB,TRUE
3,6,3,Ouriginal,Wan'Dale Robinson,WR,TRUE
3,6,3,Ouriginal,Isiah Pacheco,RB,TRUE
3,6,3,Ouriginal,Philadelphia Eagles,DEF,TRUE
3,6,3,Ouriginal,Jayden Reed,WR,FALSE
3,6,3,Ouriginal,Dalton Kincaid,TE,FALSE
3,6,3,Ouriginal,Kaleb Johnson,RB,FALSE
3,6,3,Ouriginal,Jaylen Waddle,WR,FALSE
3,6,3,Ouriginal,Rashod Bateman,WR,FALSE
3,6,3,Ouriginal,Brock Purdy,QB,FALSE
3,6,3,Ouriginal,New England Patriots,DEF,FALSE
3,3,4,pattycan,Emeka Egbuka,WR,TRUE
3,3,4,pattycan,Kendrick Bourne,WR,TRUE
3,3,4,pattycan,Lamar Jackson,QB,TRUE
3,3,4,pattycan,T.J. Hockenson,TE,TRUE
3,3,4,pattycan,CeeDee Lamb,WR,TRUE
3,3,4,pattycan,Breece Hall,RB,TRUE
3,3,4,pattycan,Cameron Dicker,K,TRUE
3,3,4,pattycan,De'Von Achane,RB,TRUE
3,3,4,pattycan,Baltimore Ravens,DEF,TRUE
3,3,4,pattycan,Drake Maye,QB,FALSE
3,3,4,pattycan,Bhayshul Tuten,RB,FALSE
3,3,4,pattycan,Adam Thielen,WR,FALSE
3,3,4,pattycan,Joe Mixon,RB,FALSE
3,3,4,pattycan,Dallas Goedert,TE,FALSE
3,3,4,pattycan,Jauan Jennings,WR,FALSE
3,2,5,declancarroll,Bo Nix,QB,TRUE
3,2,5,declancarroll,Mike Evans,WR,TRUE
3,2,5,declancarroll,James Conner,RB,TRUE
3,2,5,declancarroll,Daniel Carlson,K,TRUE
3,2,5,declancarroll,J.K. Dobbins,RB,TRUE
3,2,5,declancarroll,Ja'Marr Chase,WR,TRUE
3,2,5,declancarroll,Chase Brown,RB,TRUE
3,2,5,declancarroll,Tucker Kraft,TE,TRUE
3,2,5,declancarroll,Tampa Bay Buccaneers,DEF,TRUE
3,2,5,declancarroll,Trey Benson,RB,FALSE
3,2,5,declancarroll,Xavier Worthy,WR,FALSE
3,2,5,declancarroll,Dylan Sampson,RB,FALSE
3,2,5,declancarroll,Courtland Sutton,WR,FALSE
3,2,5,declancarroll,David Montgomery,RB,FALSE
3,2,5,declancarroll,Darnell Mooney,WR,FALSE
3,2,5,declancarroll,Jordan Addison,WR,FALSE
3,5,6,kingcarrillo,Harold Fannin,TE,TRUE
3,5,6,kingcarrillo,Matt Prater,K,TRUE
3,5,6,kingcarrillo,Alvin Kamara,RB,TRUE
3,5,6,kingcarrillo,Baker Mayfield,QB,TRUE
3,5,6,kingcarrillo,Nick Chubb,RB,TRUE
3,5,6,kingcarrillo,Nico Collins,WR,TRUE
3,5,6,kingcarrillo,George Pickens,WR,TRUE
3,5,6,kingcarrillo,Puka Nacua,WR,TRUE
3,5,6,kingcarrillo,Seattle Seahawks,DEF,TRUE
3,5,6,kingcarrillo,Omarion Hampton,RB,FALSE
3,5,6,kingcarrillo,David Njoku,TE,FALSE
3,5,6,kingcarrillo,Jakobi Meyers,WR,FALSE
3,5,6,kingcarrillo,Calvin Austin,WR,FALSE
3,5,6,kingcarrillo,Rashid Shaheed,WR,FALSE
3,5,6,kingcarrillo,Quentin Johnston,WR,FALSE
3,1,7,NotKool,Malik Nabers,WR,TRUE
3,1,7,NotKool,Ricky Pearsall,WR,TRUE
3,1,7,NotKool,Tyler Warren,TE,TRUE
3,1,7,NotKool,Chris Boswell,K,TRUE
3,1,7,NotKool,Josh Allen,QB,TRUE
3,1,7,NotKool,Tony Pollard,RB,TRUE
3,1,7,NotKool,Chuba Hubbard,RB,TRUE
3,1,7,NotKool,Zay Flowers,WR,TRUE
3,1,7,NotKool,Atlanta Falcons,DEF,TRUE
3,1,7,NotKool,Elic Ayomanor,WR,FALSE
3,1,7,NotKool,Tyreek Hill,WR,FALSE
3,1,7,NotKool,Rachaad White,RB,FALSE
3,1,7,NotKool,Kayshon Boutte,WR,FALSE
3,1,7,NotKool,Zach Charbonnet,RB,FALSE
3,1,7,NotKool,Houston Texans,DEF,FALSE
3,4,8,Shnickel,Caleb Williams,QB,TRUE
3,4,8,Shnickel,Brian Thomas,WR,TRUE
3,4,8,Shnickel,Ashton Jeanty,RB,TRUE
3,4,8,Shnickel,Juwan Johnson,TE,TRUE
3,4,8,Shnickel,Jameson Williams,WR,TRUE
3,4,8,Shnickel,Jaylen Warren,RB,TRUE
3,4,8,Shnickel,Jordan Mason,RB,TRUE
3,4,8,Shnickel,Parker Romo,K,TRUE
3,4,8,Shnickel,San Francisco 49ers,DEF,TRUE
3,4,8,Shnickel,Jayden Daniels,QB,FALSE
3,4,8,Shnickel,RJ Harvey,RB,FALSE
3,4,8,Shnickel,Travis Hunter,WR,FALSE
3,4,8,Shnickel,Kyle Monangai,RB,FALSE
3,4,8,Shnickel,Evan Engram,TE,FALSE
3,4,8,Shnickel,Kareem Hunt,RB,FALSE
3,4,8,Shnickel,Tee Higgins,WR,FALSE
3,4,8,Shnickel,Brandon Aiyuk,WR,FALSE
3,4,8,Shnickel,Najee Harris,RB,FALSE
3,1,9,HurricaneEich,Brandon Aubrey,K,TRUE
3,1,9,HurricaneEich,Davante Adams,WR,TRUE
3,1,9,HurricaneEich,Derrick Henry,RB,TRUE
3,1,9,HurricaneEich,Josh Jacobs,RB,TRUE
3,1,9,HurricaneEich,Deebo Samuel,WR,TRUE
3,1,9,HurricaneEich,Jalen Hurts,QB,TRUE
3,1,9,HurricaneEich,DeVonta Smith,WR,TRUE
3,1,9,HurricaneEich,Jake Ferguson,TE,TRUE
3,1,9,HurricaneEich,Buffalo Bills,DEF,TRUE
3,1,9,HurricaneEich,Colston Loveland,TE,FALSE
3,1,9,HurricaneEich,Tyler Loop,K,FALSE
3,1,9,HurricaneEich,Jerry Jeudy,WR,FALSE
3,1,9,HurricaneEich,Marvin Mims,WR,FALSE
3,1,9,HurricaneEich,C.J. Stroud,QB,FALSE
3,1,9,HurricaneEich,Detroit Lions,DEF,FALSE
3,2,10,arturowong,Bucky Irving,RB,TRUE
3,2,10,arturowong,Cam Little,K,TRUE
3,2,10,arturowong,Tetairoa McMillan,WR,TRUE
3,2,10,arturowong,Keenan Allen,WR,TRUE
3,2,10,arturowong,Dak Prescott,QB,TRUE
3,2,10,arturowong,Kyle Pitts,TE,TRUE
3,2,10,arturowong,Jaxon Smith-Njigba,WR,TRUE
3,2,10,arturowong,Bijan Robinson,RB,TRUE
3,2,10,arturowong,Green Bay Packers,DEF,TRUE
3,2,10,arturowong,Blake Corum,RB,FALSE
3,2,10,arturowong,Cam Skattebo,RB,FALSE
3,2,10,arturowong,Stefon Diggs,WR,FALSE
3,2,10,arturowong,Aaron Jones,RB,FALSE
3,2,10,arturowong,DJ Moore,WR,FALSE
3,2,10,arturowong,Mark Andrews,TE,FALSE
3,2,10,arturowong,Jake Browning,QB,FALSE
3,2,10,arturowong,Justin Fields,QB,FALSE
3,4,11,ChexMixChester,TreVeyon Henderson,RB,TRUE
3,4,11,ChexMixChester,Travis Kelce,TE,TRUE
3,4,11,ChexMixChester,Jared Goff,QB,TRUE
3,4,11,ChexMixChester,Harrison Butker,K,TRUE
3,4,11,ChexMixChester,Calvin Ridley,WR,TRUE
3,4,11,ChexMixChester,Amon-Ra St. Brown,WR,TRUE
3,4,11,ChexMixChester,Drake London,WR,TRUE
3,4,11,ChexMixChester,James Cook,RB,TRUE
3,4,11,ChexMixChester,Indianapolis Colts,DEF,TRUE
3,4,11,ChexMixChester,Tyrone Tracy,RB,FALSE
3,4,11,ChexMixChester,Jaydon Blue,RB,FALSE
3,4,11,ChexMixChester,Quinshon Judkins,RB,FALSE
3,4,11,ChexMixChester,Jonnu Smith,TE,FALSE
3,4,11,ChexMixChester,Rhamondre Stevenson,RB,FALSE
3,4,11,ChexMixChester,Khalil Shakir,WR,FALSE
3,5,12,Vishiga,Keon Coleman,WR,TRUE
3,5,12,Vishiga,Spencer Shrader,K,TRUE
3,5,12,Vishiga,Daniel Jones,QB,TRUE
3,5,12,Vishiga,D'Andre Swift,RB,TRUE
3,5,12,Vishiga,Justin Jefferson,WR,TRUE
3,5,12,Vishiga,Javonte Williams,RB,TRUE
3,5,12,Vishiga,Trey McBride,TE,TRUE
3,5,12,Vishiga,Kyren Williams,RB,TRUE
3,5,12,Vishiga,Minnesota Vikings,DEF,TRUE
3,5,12,Vishiga,Troy Franklin,WR,FALSE
3,5,12,Vishiga,Jayden Higgins,WR,FALSE
3,5,12,Vishiga,Matthew Golden,WR,FALSE
3,5,12,Vishiga,Cooper Kupp,WR,FALSE
3,5,12,Vishiga,Marquise Brown,WR,FALSE
3,5,12,Vishiga,Hunter Renfrow,WR,FALSE
3,5,12,Vishiga,Joe Burrow,QB,FALSE
4,4,1,Calcarro,Sam LaPorta,TE,TRUE
4,4,1,Calcarro,Jake Bates,K,TRUE
4,4,1,Calcarro,Rome Odunze,WR,TRUE
4,4,1,Calcarro,Marvin Harrison,WR,TRUE
4,4,1,Calcarro,Jacory Croskey-Merritt,RB,TRUE
4,4,1,Calcarro,Justin Herbert,QB,TRUE
4,4,1,Calcarro,Jonathan Taylor,RB,TRUE
4,4,1,Calcarro,Jahmyr Gibbs,RB,TRUE
4,4,1,Calcarro,Pittsburgh Steelers,DEF,TRUE
4,4,1,Calcarro,Luther Burden,WR,FALSE
4,4,1,Calcarro,Isaac TeSlaa,WR,FALSE
4,4,1,Calcarro,Terry McLaurin,WR,FALSE
4,4,1,Calcarro,Joshua Palmer,WR,FALSE
4,4,1,Calcarro,Tyler Allgeier,RB,FALSE
4,4,1,Calcarro,Brian Robinson,RB,FALSE
4,1,2,garrettmowery,Zach Ertz,TE,TRUE
4,1,2,garrettmowery,Christian McCaffrey,RB,TRUE
4,1,2,garrettmowery,Patrick Mahomes,QB,TRUE
4,1,2,garrettmowery,A.J. Brown,WR,TRUE
4,1,2,garrettmowery,Evan McPherson,K,TRUE
4,1,2,garrettmowery,Chris Olave,WR,TRUE
4,1,2,garrettmowery,Garrett Wilson,WR,TRUE
4,1,2,garrettmowery,Kenneth Walker,RB,TRUE
4,1,2,garrettmowery,Indianapolis Colts,DEF,TRUE
4,1,2,garrettmowery,Ray Davis,RB,FALSE
4,1,2,garrettmowery,Chris Godwin,WR,FALSE
4,1,2,garrettmowery,George Kittle,TE,FALSE
4,1,2,garrettmowery,Austin Ekeler,RB,FALSE
4,1,2,garrettmowery,Christian Kirk,WR,FALSE
4,1,2,garrettmowery,Michael Pittman,WR,FALSE
4,1,2,garrettmowery,Travis Etienne,RB,FALSE
4,1,2,garrettmowery,Kendre Miller,RB,FALSE
4,5,3,Ouriginal,Brock Bowers,TE,TRUE
4,5,3,Ouriginal,Ladd McConkey,WR,TRUE
4,5,3,Ouriginal,Jake Elliott,K,TRUE
4,5,3,Ouriginal,Saquon Barkley,RB,TRUE
4,5,3,Ouriginal,DK Metcalf,WR,TRUE
4,5,3,Ouriginal,Kyler Murray,QB,TRUE
4,5,3,Ouriginal,Jaylen Waddle,WR,TRUE
4,5,3,Ouriginal,Isiah Pacheco,RB,TRUE
4,5,3,Ouriginal,New England Patriots,DEF,TRUE
4,5,3,Ouriginal,Jayden Reed,WR,FALSE
4,5,3,Ouriginal,Dalton Kincaid,TE,FALSE
4,5,3,Ouriginal,Kaleb Johnson,RB,FALSE
4,5,3,Ouriginal,Rashod Bateman,WR,FALSE
4,5,3,Ouriginal,Wan'Dale Robinson,WR,FALSE
4,5,3,Ouriginal,Brock Purdy,QB,FALSE
4,5,3,Ouriginal,Philadelphia Eagles,DEF,FALSE
4,6,4,pattycan,Emeka Egbuka,WR,TRUE
4,6,4,pattycan,Lamar Jackson,QB,TRUE
4,6,4,pattycan,Dallas Goedert,TE,TRUE
4,6,4,pattycan,T.J. Hockenson,TE,TRUE
4,6,4,pattycan,Jauan Jennings,WR,TRUE
4,6,4,pattycan,Breece Hall,RB,TRUE
4,6,4,pattycan,Cameron Dicker,K,TRUE
4,6,4,pattycan,De'Von Achane,RB,TRUE
4,6,4,pattycan,Baltimore Ravens,DEF,TRUE
4,6,4,pattycan,Rashee Rice,WR,FALSE
4,6,4,pattycan,Drake Maye,QB,FALSE
4,6,4,pattycan,Bhayshul Tuten,RB,FALSE
4,6,4,pattycan,Adam Thielen,WR,FALSE
4,6,4,pattycan,Joe Mixon,RB,FALSE
4,6,4,pattycan,CeeDee Lamb,WR,FALSE
4,3,5,declancarroll,Bo Nix,QB,TRUE
4,3,5,declancarroll,Trey Benson,RB,TRUE
4,3,5,declancarroll,Courtland Sutton,WR,TRUE
4,3,5,declancarroll,Daniel Carlson,K,TRUE
4,3,5,declancarroll,David Montgomery,RB,TRUE
4,3,5,declancarroll,J.K. Dobbins,RB,TRUE
4,3,5,declancarroll,Ja'Marr Chase,WR,TRUE
4,3,5,declancarroll,Tucker Kraft,TE,TRUE
4,3,5,declancarroll,Houston Texans,DEF,TRUE
4,3,5,declancarroll,Xavier Worthy,WR,FALSE
4,3,5,declancarroll,Dylan Sampson,RB,FALSE
4,3,5,declancarroll,Mike Evans,WR,FALSE
4,3,5,declancarroll,James Conner,RB,FALSE
4,3,5,declancarroll,Darnell Mooney,WR,FALSE
4,3,5,declancarroll,Chase Brown,RB,FALSE
4,3,5,declancarroll,Jordan Addison,WR,FALSE
4,6,6,kingcarrillo,Harold Fannin,TE,TRUE
4,6,6,kingcarrillo,Omarion Hampton,RB,TRUE
4,6,6,kingcarrillo,Matt Prater,K,TRUE
4,6,6,kingcarrillo,Alvin Kamara,RB,TRUE
4,6,6,kingcarrillo,Baker Mayfield,QB,TRUE
4,6,6,kingcarrillo,Nico Collins,WR,TRUE
4,6,6,kingcarrillo,Puka Nacua,WR,TRUE
4,6,6,kingcarrillo,Quentin Johnston,WR,TRUE
4,6,6,kingcarrillo,Seattle Seahawks,DEF,TRUE
4,6,6,kingcarrillo,David Njoku,TE,FALSE
4,6,6,kingcarrillo,Nick Chubb,RB,FALSE
4,6,6,kingcarrillo,Jakobi Meyers,WR,FALSE
4,6,6,kingcarrillo,Calvin Austin,WR,FALSE
4,6,6,kingcarrillo,George Pickens,WR,FALSE
4,6,6,kingcarrillo,Tyquan Thornton,WR,FALSE
4,1,7,NotKool,Malik Nabers,WR,TRUE
4,1,7,NotKool,Ricky Pearsall,WR,TRUE
4,1,7,NotKool,Tyler Warren,TE,TRUE
4,1,7,NotKool,Chris Boswell,K,TRUE
4,1,7,NotKool,Tyreek Hill,WR,TRUE
4,1,7,NotKool,Josh Allen,QB,TRUE
4,1,7,NotKool,Tony Pollard,RB,TRUE
4,1,7,NotKool,Chuba Hubbard,RB,TRUE
4,1,7,NotKool,Denver Broncos,DEF,TRUE
4,1,7,NotKool,Tory Horton,WR,FALSE
4,1,7,NotKool,Elic Ayomanor,WR,FALSE
4,1,7,NotKool,Hunter Henry,TE,FALSE
4,1,7,NotKool,Rachaad White,RB,FALSE
4,1,7,NotKool,Zach Charbonnet,RB,FALSE
4,1,7,NotKool,Zay Flowers,WR,FALSE
4,2,8,Shnickel,Caleb Williams,QB,TRUE
4,2,8,Shnickel,Brian Thomas,WR,TRUE
4,2,8,Shnickel,Ashton Jeanty,RB,TRUE
4,2,8,Shnickel,Ka'imi Fairbairn,K,TRUE
4,2,8,Shnickel,Juwan Johnson,TE,TRUE
4,2,8,Shnickel,Jameson Williams,WR,TRUE
4,2,8,Shnickel,Jaylen Warren,RB,TRUE
4,2,8,Shnickel,Jordan Mason,RB,TRUE
4,2,8,Shnickel,Washington Commanders,DEF,TRUE
4,2,8,Shnickel,Jayden Daniels,QB,FALSE
4,2,8,Shnickel,RJ Harvey,RB,FALSE
4,2,8,Shnickel,Travis Hunter,WR,FALSE
4,2,8,Shnickel,Kyle Monangai,RB,FALSE
4,2,8,Shnickel,Evan Engram,TE,FALSE
4,2,8,Shnickel,Kareem Hunt,RB,FALSE
4,2,8,Shnickel,Tee Higgins,WR,FALSE
4,2,8,Shnickel,Brandon Aiyuk,WR,FALSE
4,4,9,HurricaneEich,Brandon Aubrey,K,TRUE
4,4,9,HurricaneEich,Davante Adams,WR,TRUE
4,4,9,HurricaneEich,Derrick Henry,RB,TRUE
4,4,9,HurricaneEich,Josh Jacobs,RB,TRUE
4,4,9,HurricaneEich,Deebo Samuel,WR,TRUE
4,4,9,HurricaneEich,Jalen Hurts,QB,TRUE
4,4,9,HurricaneEich,DeVonta Smith,WR,TRUE
4,4,9,HurricaneEich,Jake Ferguson,TE,TRUE
4,4,9,HurricaneEich,Buffalo Bills,DEF,TRUE
4,4,9,HurricaneEich,Colston Loveland,TE,FALSE
4,4,9,HurricaneEich,Tyler Loop,K,FALSE
4,4,9,HurricaneEich,Jerry Jeudy,WR,FALSE
4,4,9,HurricaneEich,Marvin Mims,WR,FALSE
4,4,9,HurricaneEich,C.J. Stroud,QB,FALSE
4,4,9,HurricaneEich,Detroit Lions,DEF,FALSE
4,2,10,arturowong,Bucky Irving,RB,TRUE
4,2,10,arturowong,Cam Skattebo,RB,TRUE
4,2,10,arturowong,Keenan Allen,WR,TRUE
4,2,10,arturowong,Mark Andrews,TE,TRUE
4,2,10,arturowong,Joey Slye,K,TRUE
4,2,10,arturowong,Jaxon Smith-Njigba,WR,TRUE
4,2,10,arturowong,Bijan Robinson,RB,TRUE
4,2,10,arturowong,Blake Corum,RB,FALSE
4,2,10,arturowong,Woody Marks,RB,FALSE
4,2,10,arturowong,Tetairoa McMillan,WR,FALSE
4,2,10,arturowong,Dak Prescott,QB,FALSE
4,2,10,arturowong,Aaron Jones,RB,FALSE
4,2,10,arturowong,DJ Moore,WR,FALSE
4,2,10,arturowong,Kyle Pitts,TE,FALSE
4,2,10,arturowong,Justin Fields,QB,FALSE
4,2,10,arturowong,Green Bay Packers,DEF,FALSE
4,5,11,ChexMixChester,Quinshon Judkins,RB,TRUE
4,5,11,ChexMixChester,Travis Kelce,TE,TRUE
4,5,11,ChexMixChester,Jared Goff,QB,TRUE
4,5,11,ChexMixChester,Harrison Butker,K,TRUE
4,5,11,ChexMixChester,Calvin Ridley,WR,TRUE
4,5,11,ChexMixChester,Amon-Ra St. Brown,WR,TRUE
4,5,11,ChexMixChester,Drake London,WR,TRUE
4,5,11,ChexMixChester,James Cook,RB,TRUE
4,5,11,ChexMixChester,Los Angeles Chargers,DEF,TRUE
4,5,11,ChexMixChester,Chris Rodriguez,RB,FALSE
4,5,11,ChexMixChester,Tyrone Tracy,RB,FALSE
4,5,11,ChexMixChester,TreVeyon Henderson,RB,FALSE
4,5,11,ChexMixChester,Stefon Diggs,WR,FALSE
4,5,11,ChexMixChester,Jonnu Smith,TE,FALSE
4,5,11,ChexMixChester,Rhamondre Stevenson,RB,FALSE
4,5,11,ChexMixChester,Khalil Shakir,WR,FALSE
4,3,12,Vishiga,Spencer Shrader,K,TRUE
4,3,12,Vishiga,Matthew Golden,WR,TRUE
4,3,12,Vishiga,Daniel Jones,QB,TRUE
4,3,12,Vishiga,D'Andre Swift,RB,TRUE
4,3,12,Vishiga,Justin Jefferson,WR,TRUE
4,3,12,Vishiga,Javonte Williams,RB,TRUE
4,3,12,Vishiga,Trey McBride,TE,TRUE
4,3,12,Vishiga,Kyren Williams,RB,TRUE
4,3,12,Vishiga,Minnesota Vikings,DEF,TRUE
4,3,12,Vishiga,Tre Tucker,WR,FALSE
4,3,12,Vishiga,Keon Coleman,WR,FALSE
4,3,12,Vishiga,Cooper Kupp,WR,FALSE
4,3,12,Vishiga,Marquise Brown,WR,FALSE
4,3,12,Vishiga,Hunter Renfrow,WR,FALSE
4,3,12,Vishiga,Joe Burrow,QB,FALSE
4,3,12,Vishiga,Parker Washington,WR,FALSE
5,3,1,Calcarro,Sam LaPorta,TE,TRUE
5,3,1,Calcarro,Jake Bates,K,TRUE
5,3,1,Calcarro,Marvin Harrison,WR,TRUE
5,3,1,Calcarro,Jacory Croskey-Merritt,RB,TRUE
5,3,1,Calcarro,Justin Herbert,QB,TRUE
5,3,1,Calcarro,Jonathan Taylor,RB,TRUE
5,3,1,Calcarro,Jalen Tolbert,WR,TRUE
5,3,1,Calcarro,Jahmyr Gibbs,RB,TRUE
5,3,1,Calcarro,New York Giants,DEF,TRUE
5,3,1,Calcarro,Rome Odunze,WR,FALSE
5,3,1,Calcarro,Luther Burden,WR,FALSE
5,3,1,Calcarro,Isaac TeSlaa,WR,FALSE
5,3,1,Calcarro,Terry McLaurin,WR,FALSE
5,3,1,Calcarro,Brian Robinson,RB,FALSE
5,3,1,Calcarro,Pittsburgh Steelers,DEF,FALSE
5,2,2,garrettmowery,Zach Ertz,TE,TRUE
5,2,2,garrettmowery,Christian McCaffrey,RB,TRUE
5,2,2,garrettmowery,Patrick Mahomes,QB,TRUE
5,2,2,garrettmowery,A.J. Brown,WR,TRUE
5,2,2,garrettmowery,Matt Gay,K,TRUE
5,2,2,garrettmowery,Michael Pittman,WR,TRUE
5,2,2,garrettmowery,Travis Etienne,RB,TRUE
5,2,2,garrettmowery,Garrett Wilson,WR,TRUE
5,2,2,garrettmowery,Indianapolis Colts,DEF,TRUE
5,2,2,garrettmowery,Ray Davis,RB,FALSE
5,2,2,garrettmowery,Chris Godwin,WR,FALSE
5,2,2,garrettmowery,George Kittle,TE,FALSE
5,2,2,garrettmowery,Austin Ekeler,RB,FALSE
5,2,2,garrettmowery,Christian Kirk,WR,FALSE
5,2,2,garrettmowery,Chris Olave,WR,FALSE
5,2,2,garrettmowery,Kenneth Walker,RB,FALSE
5,2,2,garrettmowery,Kendre Miller,RB,FALSE
5,6,3,Ouriginal,Dalton Kincaid,TE,TRUE
5,6,3,Ouriginal,Ladd McConkey,WR,TRUE
5,6,3,Ouriginal,Jake Elliott,K,TRUE
5,6,3,Ouriginal,Saquon Barkley,RB,TRUE
5,6,3,Ouriginal,Kyler Murray,QB,TRUE
5,6,3,Ouriginal,Jaylen Waddle,WR,TRUE
5,6,3,Ouriginal,Wan'Dale Robinson,WR,TRUE
5,6,3,Ouriginal,Isiah Pacheco,RB,TRUE
5,6,3,Ouriginal,Philadelphia Eagles,DEF,TRUE
5,6,3,Ouriginal,Jayden Reed,WR,FALSE
5,6,3,Ouriginal,Brock Bowers,TE,FALSE
5,6,3,Ouriginal,DK Metcalf,WR,FALSE
5,6,3,Ouriginal,Darius Slayton,WR,FALSE
5,6,3,Ouriginal,Rashod Bateman,WR,FALSE
5,6,3,Ouriginal,Brock Purdy,QB,FALSE
5,6,3,Ouriginal,New England Patriots,DEF,FALSE
5,6,4,pattycan,Drake Maye,QB,TRUE
5,6,4,pattycan,Emeka Egbuka,WR,TRUE
5,6,4,pattycan,Adam Thielen,WR,TRUE
5,6,4,pattycan,Dallas Goedert,TE,TRUE
5,6,4,pattycan,T.J. Hockenson,TE,TRUE
5,6,4,pattycan,Breece Hall,RB,TRUE
5,6,4,pattycan,Cameron Dicker,K,TRUE
5,6,4,pattycan,De'Von Achane,RB,TRUE
5,6,4,pattycan,Baltimore Ravens,DEF,TRUE
5,6,4,pattycan,Rashee Rice,WR,FALSE
5,6,4,pattycan,Bhayshul Tuten,RB,FALSE
5,6,4,pattycan,Joe Mixon,RB,FALSE
5,6,4,pattycan,Lamar Jackson,QB,FALSE
5,6,4,pattycan,CeeDee Lamb,WR,FALSE
5,6,4,pattycan,Jauan Jennings,WR,FALSE
5,6,4,pattycan,Green Bay Packers,DEF,FALSE
5,3,5,declancarroll,Bo Nix,QB,TRUE
5,3,5,declancarroll,Xavier Worthy,WR,TRUE
5,3,5,declancarroll,Dalton Schultz,TE,TRUE
5,3,5,declancarroll,Courtland Sutton,WR,TRUE
5,3,5,declancarroll,Daniel Carlson,K,TRUE
5,3,5,declancarroll,J.K. Dobbins,RB,TRUE
5,3,5,declancarroll,Ja'Marr Chase,WR,TRUE
5,3,5,declancarroll,Chase Brown,RB,TRUE
5,3,5,declancarroll,Arizona Cardinals,DEF,TRUE
5,3,5,declancarroll,Emari Demercado,RB,FALSE
5,3,5,declancarroll,Trey Benson,RB,FALSE
5,3,5,declancarroll,Dylan Sampson,RB,FALSE
5,3,5,declancarroll,Mike Evans,WR,FALSE
5,3,5,declancarroll,David Montgomery,RB,FALSE
5,3,5,declancarroll,Rashid Shaheed,WR,FALSE
5,3,5,declancarroll,Tucker Kraft,TE,FALSE
5,3,5,declancarroll,Jordan Addison,WR,FALSE
5,5,6,kingcarrillo,Harold Fannin,TE,TRUE
5,5,6,kingcarrillo,Omarion Hampton,RB,TRUE
5,5,6,kingcarrillo,Matt Prater,K,TRUE
5,5,6,kingcarrillo,Alvin Kamara,RB,TRUE
5,5,6,kingcarrillo,Baker Mayfield,QB,TRUE
5,5,6,kingcarrillo,Nico Collins,WR,TRUE
5,5,6,kingcarrillo,Puka Nacua,WR,TRUE
5,5,6,kingcarrillo,Quentin Johnston,WR,TRUE
5,5,6,kingcarrillo,Seattle Seahawks,DEF,TRUE
5,5,6,kingcarrillo,David Njoku,TE,FALSE
5,5,6,kingcarrillo,Nick Chubb,RB,FALSE
5,5,6,kingcarrillo,Jakobi Meyers,WR,FALSE
5,5,6,kingcarrillo,Tyler Allgeier,RB,FALSE
5,5,6,kingcarrillo,George Pickens,WR,FALSE
5,5,6,kingcarrillo,Tyquan Thornton,WR,FALSE
5,5,6,kingcarrillo,Brenton Strange,TE,FALSE
5,1,7,NotKool,Cam Skattebo,RB,TRUE
5,1,7,NotKool,Tyler Warren,TE,TRUE
5,1,7,NotKool,Keenan Allen,WR,TRUE
5,1,7,NotKool,Jason Myers,K,TRUE
5,1,7,NotKool,Dak Prescott,QB,TRUE
5,1,7,NotKool,Tony Pollard,RB,TRUE
5,1,7,NotKool,Rico Dowdle,RB,TRUE
5,1,7,NotKool,Zay Flowers,WR,TRUE
5,1,7,NotKool,Jacksonville Jaguars,DEF,TRUE
5,1,7,NotKool,Malik Washington,WR,FALSE
5,1,7,NotKool,Brashard Smith,RB,FALSE
5,1,7,NotKool,Elic Ayomanor,WR,FALSE
5,1,7,NotKool,Chris Boswell,K,FALSE
5,1,7,NotKool,Hunter Henry,TE,FALSE
5,1,7,NotKool,Chuba Hubbard,RB,FALSE
5,1,7,NotKool,Zach Charbonnet,RB,FALSE
5,1,7,NotKool,Denver Broncos,DEF,FALSE
5,1,8,Shnickel,Jayden Daniels,QB,TRUE
5,1,8,Shnickel,Brian Thomas,WR,TRUE
5,1,8,Shnickel,Ashton Jeanty,RB,TRUE
5,1,8,Shnickel,Ka'imi Fairbairn,K,TRUE
5,1,8,Shnickel,Juwan Johnson,TE,TRUE
5,1,8,Shnickel,Michael Carter,RB,TRUE
5,1,8,Shnickel,Jameson Williams,WR,TRUE
5,1,8,Shnickel,Jordan Mason,RB,TRUE
5,1,8,Shnickel,New Orleans Saints,DEF,TRUE
5,1,8,Shnickel,Caleb Williams,QB,FALSE
5,1,8,Shnickel,RJ Harvey,RB,FALSE
5,1,8,Shnickel,Travis Hunter,WR,FALSE
5,1,8,Shnickel,Evan Engram,TE,FALSE
5,1,8,Shnickel,Kareem Hunt,RB,FALSE
5,1,8,Shnickel,Tee Higgins,WR,FALSE
5,1,8,Shnickel,Brandon Aiyuk,WR,FALSE
5,1,8,Shnickel,Jaylen Warren,RB,FALSE
5,4,9,HurricaneEich,Brandon Aubrey,K,TRUE
5,4,9,HurricaneEich,Ollie Gordon,RB,TRUE
5,4,9,HurricaneEich,Davante Adams,WR,TRUE
5,4,9,HurricaneEich,Derrick Henry,RB,TRUE
5,4,9,HurricaneEich,Deebo Samuel,WR,TRUE
5,4,9,HurricaneEich,Jalen Hurts,QB,TRUE
5,4,9,HurricaneEich,DeVonta Smith,WR,TRUE
5,4,9,HurricaneEich,Jake Ferguson,TE,TRUE
5,4,9,HurricaneEich,Detroit Lions,DEF,TRUE
5,4,9,HurricaneEich,Colston Loveland,TE,FALSE
5,4,9,HurricaneEich,Tyler Loop,K,FALSE
5,4,9,HurricaneEich,Josh Jacobs,RB,FALSE
5,4,9,HurricaneEich,Jerry Jeudy,WR,FALSE
5,4,9,HurricaneEich,Marvin Mims,WR,FALSE
5,4,9,HurricaneEich,C.J. Stroud,QB,FALSE
5,2,10,arturowong,Tre Tucker,WR,TRUE
5,2,10,arturowong,Chad Ryland,K,TRUE
5,2,10,arturowong,Woody Marks,RB,TRUE
5,2,10,arturowong,Tetairoa McMillan,WR,TRUE
5,2,10,arturowong,Josh Allen,QB,TRUE
5,2,10,arturowong,Mark Andrews,TE,TRUE
5,2,10,arturowong,Rachaad White,RB,TRUE
5,2,10,arturowong,Jaxon Smith-Njigba,WR,TRUE
5,2,10,arturowong,Los Angeles Rams,DEF,TRUE
5,2,10,arturowong,Bucky Irving,RB,FALSE
5,2,10,arturowong,Ricky Pearsall,WR,FALSE
5,2,10,arturowong,Aaron Jones,RB,FALSE
5,2,10,arturowong,DJ Moore,WR,FALSE
5,2,10,arturowong,Kyle Pitts,TE,FALSE
5,2,10,arturowong,Justin Fields,QB,FALSE
5,2,10,arturowong,Romeo Doubs,WR,FALSE
5,2,10,arturowong,Bijan Robinson,RB,FALSE
5,5,11,ChexMixChester,Quinshon Judkins,RB,TRUE
5,5,11,ChexMixChester,Travis Kelce,TE,TRUE
5,5,11,ChexMixChester,Stefon Diggs,WR,TRUE
5,5,11,ChexMixChester,Jared Goff,QB,TRUE
5,5,11,ChexMixChester,Harrison Butker,K,TRUE
5,5,11,ChexMixChester,Amon-Ra St. Brown,WR,TRUE
5,5,11,ChexMixChester,Khalil Shakir,WR,TRUE
5,5,11,ChexMixChester,James Cook,RB,TRUE
5,5,11,ChexMixChester,Buffalo Bills,DEF,TRUE
5,5,11,ChexMixChester,Chris Rodriguez,RB,FALSE
5,5,11,ChexMixChester,Troy Franklin,WR,FALSE
5,5,11,ChexMixChester,Tyrone Tracy,RB,FALSE
5,5,11,ChexMixChester,TreVeyon Henderson,RB,FALSE
5,5,11,ChexMixChester,Calvin Ridley,WR,FALSE
5,5,11,ChexMixChester,Rhamondre Stevenson,RB,FALSE
5,5,11,ChexMixChester,Drake London,WR,FALSE
5,4,12,Vishiga,Keon Coleman,WR,TRUE
5,4,12,Vishiga,Spencer Shrader,K,TRUE
5,4,12,Vishiga,Marquise Brown,WR,TRUE
5,4,12,Vishiga,Daniel Jones,QB,TRUE
5,4,12,Vishiga,Justin Jefferson,WR,TRUE
5,4,12,Vishiga,Javonte Williams,RB,TRUE
5,4,12,Vishiga,Trey McBride,TE,TRUE
5,4,12,Vishiga,Kyren Williams,RB,TRUE
5,4,12,Vishiga,Minnesota Vikings,DEF,TRUE
5,4,12,Vishiga,Matthew Golden,WR,FALSE
5,4,12,Vishiga,Darren Waller,TE,FALSE
5,4,12,Vishiga,Cooper Kupp,WR,FALSE
5,4,12,Vishiga,Joe Burrow,QB,FALSE
5,4,12,Vishiga,D'Andre Swift,RB,FALSE
5,4,12,Vishiga,Kenneth Gainwell,RB,FALSE
5,4,12,Vishiga,Parker Washington,WR,FALSE
6,6,1,Calcarro,Sam LaPorta,TE,TRUE
6,6,1,Calcarro,Jake Bates,K,TRUE
6,6,1,Calcarro,Rome Odunze,WR,TRUE
6,6,1,Calcarro,Marvin Harrison,WR,TRUE
6,6,1,Calcarro,Jacory Croskey-Merritt,RB,TRUE
6,6,1,Calcarro,Justin Herbert,QB,TRUE
6,6,1,Calcarro,Jonathan Taylor,RB,TRUE
6,6,1,Calcarro,Jahmyr Gibbs,RB,TRUE
6,6,1,Calcarro,Pittsburgh Steelers,DEF,TRUE
6,6,1,Calcarro,Luther Burden,WR,FALSE
6,6,1,Calcarro,Isaac TeSlaa,WR,FALSE
6,6,1,Calcarro,Kendrick Bourne,WR,FALSE
6,6,1,Calcarro,Terry McLaurin,WR,FALSE
6,6,1,Calcarro,Jalen Tolbert,WR,FALSE
6,6,1,Calcarro,Brian Robinson,RB,FALSE
6,5,2,garrettmowery,Zach Ertz,TE,TRUE
6,5,2,garrettmowery,Christian McCaffrey,RB,TRUE
6,5,2,garrettmowery,Patrick Mahomes,QB,TRUE
6,5,2,garrettmowery,A.J. Brown,WR,TRUE
6,5,2,garrettmowery,Matt Gay,K,TRUE
6,5,2,garrettmowery,Michael Pittman,WR,TRUE
6,5,2,garrettmowery,Travis Etienne,RB,TRUE
6,5,2,garrettmowery,Garrett Wilson,WR,TRUE
6,5,2,garrettmowery,Indianapolis Colts,DEF,TRUE
6,5,2,garrettmowery,Mason Taylor,TE,FALSE
6,5,2,garrettmowery,Chris Godwin,WR,FALSE
6,5,2,garrettmowery,George Kittle,TE,FALSE
6,5,2,garrettmowery,Austin Ekeler,RB,FALSE
6,5,2,garrettmowery,Christian Kirk,WR,FALSE
6,5,2,garrettmowery,Chris Olave,WR,FALSE
6,5,2,garrettmowery,Kenneth Walker,RB,FALSE
6,5,2,garrettmowery,Kendre Miller,RB,FALSE
6,3,3,Ouriginal,Dalton Kincaid,TE,TRUE
6,3,3,Ouriginal,Ladd McConkey,WR,TRUE
6,3,3,Ouriginal,Jake Elliott,K,TRUE
6,3,3,Ouriginal,Saquon Barkley,RB,TRUE
6,3,3,Ouriginal,DK Metcalf,WR,TRUE
6,3,3,Ouriginal,Kyler Murray,QB,TRUE
6,3,3,Ouriginal,Jaylen Waddle,WR,TRUE
6,3,3,Ouriginal,Isiah Pacheco,RB,TRUE
6,3,3,Ouriginal,Philadelphia Eagles,DEF,TRUE
6,3,3,Ouriginal,Jayden Reed,WR,FALSE
6,3,3,Ouriginal,Brock Bowers,TE,FALSE
6,3,3,Ouriginal,Darius Slayton,WR,FALSE
6,3,3,Ouriginal,Rashod Bateman,WR,FALSE
6,3,3,Ouriginal,Wan'Dale Robinson,WR,FALSE
6,3,3,Ouriginal,Brock Purdy,QB,FALSE
6,3,3,Ouriginal,New England Patriots,DEF,FALSE
6,2,4,pattycan,Tre Tucker,WR,TRUE
6,2,4,pattycan,Drake Maye,QB,TRUE
6,2,4,pattycan,Emeka Egbuka,WR,TRUE
6,2,4,pattycan,Dallas Goedert,TE,TRUE
6,2,4,pattycan,Jauan Jennings,WR,TRUE
6,2,4,pattycan,Breece Hall,RB,TRUE
6,2,4,pattycan,Cameron Dicker,K,TRUE
6,2,4,pattycan,De'Von Achane,RB,TRUE
6,2,4,pattycan,Green Bay Packers,DEF,TRUE
6,2,4,pattycan,Rashee Rice,WR,FALSE
6,2,4,pattycan,Joe Mixon,RB,FALSE
6,2,4,pattycan,Lamar Jackson,QB,FALSE
6,2,4,pattycan,T.J. Hockenson,TE,FALSE
6,2,4,pattycan,CeeDee Lamb,WR,FALSE
6,2,4,pattycan,Darnell Mooney,WR,FALSE
6,3,5,declancarroll,Bo Nix,QB,TRUE
6,3,5,declancarroll,Xavier Worthy,WR,TRUE
6,3,5,declancarroll,Courtland Sutton,WR,TRUE
6,3,5,declancarroll,Daniel Carlson,K,TRUE
6,3,5,declancarroll,J.K. Dobbins,RB,TRUE
6,3,5,declancarroll,Ja'Marr Chase,WR,TRUE
6,3,5,declancarroll,Chase Brown,RB,TRUE
6,3,5,declancarroll,Tucker Kraft,TE,TRUE
6,3,5,declancarroll,Arizona Cardinals,DEF,TRUE
6,3,5,declancarroll,Trey Benson,RB,FALSE
6,3,5,declancarroll,Jalen Coker,WR,FALSE
6,3,5,declancarroll,Kimani Vidal,RB,FALSE
6,3,5,declancarroll,Mike Evans,WR,FALSE
6,3,5,declancarroll,David Montgomery,RB,FALSE
6,3,5,declancarroll,Hassan Haskins,RB,FALSE
6,3,5,declancarroll,Rashid Shaheed,WR,FALSE
6,3,5,declancarroll,Jordan Addison,WR,FALSE
6,4,6,kingcarrillo,Matt Prater,K,TRUE
6,4,6,kingcarrillo,David Njoku,TE,TRUE
6,4,6,kingcarrillo,Alvin Kamara,RB,TRUE
6,4,6,kingcarrillo,Sam Darnold,QB,TRUE
6,4,6,kingcarrillo,Jakobi Meyers,WR,TRUE
6,4,6,kingcarrillo,Tyler Allgeier,RB,TRUE
6,4,6,kingcarrillo,George Pickens,WR,TRUE
6,4,6,kingcarrillo,Puka Nacua,WR,TRUE
6,4,6,kingcarrillo,Seattle Seahawks,DEF,TRUE
6,4,6,kingcarrillo,Harold Fannin,TE,FALSE
6,4,6,kingcarrillo,Omarion Hampton,RB,FALSE
6,4,6,kingcarrillo,Baker Mayfield,QB,FALSE
6,4,6,kingcarrillo,Nick Chubb,RB,FALSE
6,4,6,kingcarrillo,Nico Collins,WR,FALSE
6,4,6,kingcarrillo,Tyquan Thornton,WR,FALSE
6,4,6,kingcarrillo,Brenton Strange,TE,FALSE
6,4,6,kingcarrillo,Quentin Johnston,WR,FALSE
6,1,7,NotKool,Cam Skattebo,RB,TRUE
6,1,7,NotKool,Tyler Warren,TE,TRUE
6,1,7,NotKool,Keenan Allen,WR,TRUE
6,1,7,NotKool,Chris Boswell,K,TRUE
6,1,7,NotKool,Dak Prescott,QB,TRUE
6,1,7,NotKool,Tony Pollard,RB,TRUE
6,1,7,NotKool,Rico Dowdle,RB,TRUE
6,1,7,NotKool,Zay Flowers,WR,TRUE
6,1,7,NotKool,Denver Broncos,DEF,TRUE
6,1,7,NotKool,Tory Horton,WR,FALSE
6,1,7,NotKool,Elic Ayomanor,WR,FALSE
6,1,7,NotKool,Hunter Henry,TE,FALSE
6,1,7,NotKool,Chuba Hubbard,RB,FALSE
6,1,7,NotKool,Zach Charbonnet,RB,FALSE
6,1,7,NotKool,Jacksonville Jaguars,DEF,FALSE
6,6,8,Shnickel,Jayden Daniels,QB,TRUE
6,6,8,Shnickel,AJ Barner,TE,TRUE
6,6,8,Shnickel,Brian Thomas,WR,TRUE
6,6,8,Shnickel,Ashton Jeanty,RB,TRUE
6,6,8,Shnickel,Tee Higgins,WR,TRUE
6,6,8,Shnickel,Jameson Williams,WR,TRUE
6,6,8,Shnickel,Jaylen Warren,RB,TRUE
6,6,8,Shnickel,Parker Romo,K,TRUE
6,6,8,Shnickel,Los Angeles Chargers,DEF,TRUE
6,6,8,Shnickel,Caleb Williams,QB,FALSE
6,6,8,Shnickel,RJ Harvey,RB,FALSE
6,6,8,Shnickel,Travis Hunter,WR,FALSE
6,6,8,Shnickel,Evan Engram,TE,FALSE
6,6,8,Shnickel,Kareem Hunt,RB,FALSE
6,6,8,Shnickel,Brandon Aiyuk,WR,FALSE
6,6,8,Shnickel,Michael Carter,RB,FALSE
6,6,8,Shnickel,Jordan Mason,RB,FALSE
6,4,9,HurricaneEich,Brandon Aubrey,K,TRUE
6,4,9,HurricaneEich,Davante Adams,WR,TRUE
6,4,9,HurricaneEich,Derrick Henry,RB,TRUE
6,4,9,HurricaneEich,Josh Jacobs,RB,TRUE
6,4,9,HurricaneEich,Deebo Samuel,WR,TRUE
6,4,9,HurricaneEich,Jalen Hurts,QB,TRUE
6,4,9,HurricaneEich,DeVonta Smith,WR,TRUE
6,4,9,HurricaneEich,Jake Ferguson,TE,TRUE
6,4,9,HurricaneEich,Detroit Lions,DEF,TRUE
6,4,9,HurricaneEich,Colston Loveland,TE,FALSE
6,4,9,HurricaneEich,Tyler Loop,K,FALSE
6,4,9,HurricaneEich,Miles Sanders,RB,FALSE
6,4,9,HurricaneEich,Jerry Jeudy,WR,FALSE
6,4,9,HurricaneEich,Marvin Mims,WR,FALSE
6,4,9,HurricaneEich,C.J. Stroud,QB,FALSE
6,2,10,arturowong,Tetairoa McMillan,WR,TRUE
6,2,10,arturowong,Josh Allen,QB,TRUE
6,2,10,arturowong,Eddy Pineiro,K,TRUE
6,2,10,arturowong,Kyle Pitts,TE,TRUE
6,2,10,arturowong,Romeo Doubs,WR,TRUE
6,2,10,arturowong,Rachaad White,RB,TRUE
6,2,10,arturowong,Jaxon Smith-Njigba,WR,TRUE
6,2,10,arturowong,Bijan Robinson,RB,TRUE
6,2,10,arturowong,Los Angeles Rams,DEF,TRUE
6,2,10,arturowong,Bucky Irving,RB,FALSE
6,2,10,arturowong,Ricky Pearsall,WR,FALSE
6,2,10,arturowong,Jaydon Blue,RB,FALSE
6,2,10,arturowong,Woody Marks,RB,FALSE
6,2,10,arturowong,Aaron Jones,RB,FALSE
6,2,10,arturowong,DJ Moore,WR,FALSE
6,2,10,arturowong,Mark Andrews,TE,FALSE
6,2,10,arturowong,Justin Fields,QB,FALSE
6,1,11,ChexMixChester,Quinshon Judkins,RB,TRUE
6,1,11,ChexMixChester,Travis Kelce,TE,TRUE
6,1,11,ChexMixChester,Stefon Diggs,WR,TRUE
6,1,11,ChexMixChester,Jared Goff,QB,TRUE
6,1,11,ChexMixChester,Harrison Butker,K,TRUE
6,1,11,ChexMixChester,Calvin Ridley,WR,TRUE
6,1,11,ChexMixChester,Amon-Ra St. Brown,WR,TRUE
6,1,11,ChexMixChester,James Cook,RB,TRUE
6,1,11,ChexMixChester,Buffalo Bills,DEF,TRUE
6,1,11,ChexMixChester,Troy Franklin,WR,FALSE
6,1,11,ChexMixChester,Tyrone Tracy,RB,FALSE
6,1,11,ChexMixChester,TreVeyon Henderson,RB,FALSE
6,1,11,ChexMixChester,Rhamondre Stevenson,RB,FALSE
6,1,11,ChexMixChester,Drake London,WR,FALSE
6,1,11,ChexMixChester,Khalil Shakir,WR,FALSE
6,5,12,Vishiga,Keon Coleman,WR,TRUE
6,5,12,Vishiga,Cooper Kupp,WR,TRUE
6,5,12,Vishiga,Daniel Jones,QB,TRUE
6,5,12,Vishiga,Chase McLaughlin,K,TRUE
6,5,12,Vishiga,D'Andre Swift,RB,TRUE
6,5,12,Vishiga,Javonte Williams,RB,TRUE
6,5,12,Vishiga,Trey McBride,TE,TRUE
6,5,12,Vishiga,Kyren Williams,RB,TRUE
6,5,12,Vishiga,Las Vegas Raiders,DEF,TRUE
6,5,12,Vishiga,Matthew Golden,WR,FALSE
6,5,12,Vishiga,Darren Waller,TE,FALSE
6,5,12,Vishiga,Marquise Brown,WR,FALSE
6,5,12,Vishiga,Joe Burrow,QB,FALSE
6,5,12,Vishiga,Justin Jefferson,WR,FALSE
6,5,12,Vishiga,Kenneth Gainwell,RB,FALSE
6,5,12,Vishiga,Minnesota Vikings,DEF,FALSE
7,5,1,Calcarro,Sam LaPorta,TE,TRUE
7,5,1,Calcarro,Jake Bates,K,TRUE
7,5,1,Calcarro,Rome Odunze,WR,TRUE
7,5,1,Calcarro,Jacory Croskey-Merritt,RB,TRUE
7,5,1,Calcarro,Kendrick Bourne,WR,TRUE
7,5,1,Calcarro,Justin Herbert,QB,TRUE
7,5,1,Calcarro,Jonathan Taylor,RB,TRUE
7,5,1,Calcarro,Jahmyr Gibbs,RB,TRUE
7,5,1,Calcarro,Pittsburgh Steelers,DEF,TRUE
7,5,1,Calcarro,Marvin Harrison,WR,FALSE
7,5,1,Calcarro,Luther Burden,WR,FALSE
7,5,1,Calcarro,Isaac TeSlaa,WR,FALSE
7,5,1,Calcarro,Terry McLaurin,WR,FALSE
7,5,1,Calcarro,Jalen Tolbert,WR,FALSE
7,5,1,Calcarro,Brian Robinson,RB,FALSE
7,5,2,garrettmowery,Christian McCaffrey,RB,TRUE
7,5,2,garrettmowery,Patrick Mahomes,QB,TRUE
7,5,2,garrettmowery,George Kittle,TE,TRUE
7,5,2,garrettmowery,A.J. Brown,WR,TRUE
7,5,2,garrettmowery,Matt Gay,K,TRUE
7,5,2,garrettmowery,Michael Pittman,WR,TRUE
7,5,2,garrettmowery,Travis Etienne,RB,TRUE
7,5,2,garrettmowery,Chris Olave,WR,TRUE
7,5,2,garrettmowery,Indianapolis Colts,DEF,TRUE
7,5,2,garrettmowery,Zach Ertz,TE,FALSE
7,5,2,garrettmowery,Chris Godwin,WR,FALSE
7,5,2,garrettmowery,Christian Kirk,WR,FALSE
7,5,2,garrettmowery,Garrett Wilson,WR,FALSE
7,5,2,garrettmowery,Kenneth Walker,RB,FALSE
7,5,2,garrettmowery,Kendre Miller,RB,FALSE
7,4,3,Ouriginal,Ladd McConkey,WR,TRUE
7,4,3,Ouriginal,Jake Elliott,K,TRUE
7,4,3,Ouriginal,Matthew Stafford,QB,TRUE
7,4,3,Ouriginal,Saquon Barkley,RB,TRUE
7,4,3,Ouriginal,DK Metcalf,WR,TRUE
7,4,3,Ouriginal,Jaylen Waddle,WR,TRUE
7,4,3,Ouriginal,Isiah Pacheco,RB,TRUE
7,4,3,Ouriginal,Michael Mayer,TE,TRUE
7,4,3,Ouriginal,New England Patriots,DEF,TRUE
7,4,3,Ouriginal,Jayden Reed,WR,FALSE
7,4,3,Ouriginal,Dalton Kincaid,TE,FALSE
7,4,3,Ouriginal,Brock Bowers,TE,FALSE
7,4,3,Ouriginal,Kyler Murray,QB,FALSE
7,4,3,Ouriginal,Rashod Bateman,WR,FALSE
7,4,3,Ouriginal,Wan'Dale Robinson,WR,FALSE
7,4,3,Ouriginal,Brock Purdy,QB,FALSE
7,4,3,Ouriginal,Philadelphia Eagles,DEF,FALSE
7,1,4,pattycan,Tre Tucker,WR,TRUE
7,1,4,pattycan,Rashee Rice,WR,TRUE
7,1,4,pattycan,Drake Maye,QB,TRUE
7,1,4,pattycan,Dallas Goedert,TE,TRUE
7,1,4,pattycan,CeeDee Lamb,WR,TRUE
7,1,4,pattycan,Breece Hall,RB,TRUE
7,1,4,pattycan,Cameron Dicker,K,TRUE
7,1,4,pattycan,De'Von Achane,RB,TRUE
7,1,4,pattycan,Green Bay Packers,DEF,TRUE
7,1,4,pattycan,Emeka Egbuka,WR,FALSE
7,1,4,pattycan,Joe Mixon,RB,FALSE
7,1,4,pattycan,Lamar Jackson,QB,FALSE
7,1,4,pattycan,T.J. Hockenson,TE,FALSE
7,1,4,pattycan,Jauan Jennings,WR,FALSE
7,1,4,pattycan,Darnell Mooney,WR,FALSE
7,3,5,declancarroll,Bo Nix,QB,TRUE
7,3,5,declancarroll,Kimani Vidal,RB,TRUE
7,3,5,declancarroll,Mike Evans,WR,TRUE
7,3,5,declancarroll,Courtland Sutton,WR,TRUE
7,3,5,declancarroll,Daniel Carlson,K,TRUE
7,3,5,declancarroll,J.K. Dobbins,RB,TRUE
7,3,5,declancarroll,Ja'Marr Chase,WR,TRUE
7,3,5,declancarroll,Tucker Kraft,TE,TRUE
7,3,5,declancarroll,Chicago Bears,DEF,TRUE
7,3,5,declancarroll,Trey Benson,RB,FALSE
7,3,5,declancarroll,Xavier Worthy,WR,FALSE
7,3,5,declancarroll,Jalen Coker,WR,FALSE
7,3,5,declancarroll,David Montgomery,RB,FALSE
7,3,5,declancarroll,Zonovan Knight,RB,FALSE
7,3,5,declancarroll,Rashid Shaheed,WR,FALSE
7,3,5,declancarroll,Chase Brown,RB,FALSE
7,3,5,declancarroll,Jordan Addison,WR,FALSE
7,3,6,kingcarrillo,Harold Fannin,TE,TRUE
7,3,6,kingcarrillo,Wil Lutz,K,TRUE
7,3,6,kingcarrillo,Alvin Kamara,RB,TRUE
7,3,6,kingcarrillo,Baker Mayfield,QB,TRUE
7,3,6,kingcarrillo,Nick Chubb,RB,TRUE
7,3,6,kingcarrillo,Nico Collins,WR,TRUE
7,3,6,kingcarrillo,George Pickens,WR,TRUE
7,3,6,kingcarrillo,Quentin Johnston,WR,TRUE
7,3,6,kingcarrillo,Seattle Seahawks,DEF,TRUE
7,3,6,kingcarrillo,Omarion Hampton,RB,FALSE
7,3,6,kingcarrillo,David Njoku,TE,FALSE
7,3,6,kingcarrillo,Jakobi Meyers,WR,FALSE
7,3,6,kingcarrillo,Tyler Allgeier,RB,FALSE
7,3,6,kingcarrillo,Tyquan Thornton,WR,FALSE
7,3,6,kingcarrillo,Brenton Strange,TE,FALSE
7,3,6,kingcarrillo,Puka Nacua,WR,FALSE
7,3,6,kingcarrillo,Buffalo Bills,DEF,FALSE
7,1,7,NotKool,Cam Skattebo,RB,TRUE
7,1,7,NotKool,Elic Ayomanor,WR,TRUE
7,1,7,NotKool,Tyler Warren,TE,TRUE
7,1,7,NotKool,Keenan Allen,WR,TRUE
7,1,7,NotKool,Chris Boswell,K,TRUE
7,1,7,NotKool,Dak Prescott,QB,TRUE
7,1,7,NotKool,Rico Dowdle,RB,TRUE
7,1,7,NotKool,Zach Charbonnet,RB,TRUE
7,1,7,NotKool,Denver Broncos,DEF,TRUE
7,1,7,NotKool,Tory Horton,WR,FALSE
7,1,7,NotKool,Sterling Shepard,WR,FALSE
7,1,7,NotKool,Hunter Henry,TE,FALSE
7,1,7,NotKool,Tony Pollard,RB,FALSE
7,1,7,NotKool,Chuba Hubbard,RB,FALSE
7,1,7,NotKool,Zay Flowers,WR,FALSE
7,6,8,Shnickel,Jayden Daniels,QB,TRUE
7,6,8,Shnickel,AJ Barner,TE,TRUE
7,6,8,Shnickel,Brian Thomas,WR,TRUE
7,6,8,Shnickel,Ashton Jeanty,RB,TRUE
7,6,8,Shnickel,Ka'imi Fairbairn,K,TRUE
7,6,8,Shnickel,Tee Higgins,WR,TRUE
7,6,8,Shnickel,Jaylen Warren,RB,TRUE
7,6,8,Shnickel,Jordan Mason,RB,TRUE
7,6,8,Shnickel,Cleveland Browns,DEF,TRUE
7,6,8,Shnickel,Caleb Williams,QB,FALSE
7,6,8,Shnickel,Jayden Higgins,WR,FALSE
7,6,8,Shnickel,RJ Harvey,RB,FALSE
7,6,8,Shnickel,Travis Hunter,WR,FALSE
7,6,8,Shnickel,Evan Engram,TE,FALSE
7,6,8,Shnickel,Brandon Aiyuk,WR,FALSE
7,6,8,Shnickel,Jameson Williams,WR,FALSE
7,6,8,Shnickel,Tyjae Spears,RB,FALSE
7,4,9,HurricaneEich,Brandon Aubrey,K,TRUE
7,4,9,HurricaneEich,Davante Adams,WR,TRUE
7,4,9,HurricaneEich,Josh Jacobs,RB,TRUE
7,4,9,HurricaneEich,Jerry Jeudy,WR,TRUE
7,4,9,HurricaneEich,Jalen Hurts,QB,TRUE
7,4,9,HurricaneEich,DeVonta Smith,WR,TRUE
7,4,9,HurricaneEich,Michael Carter,RB,TRUE
7,4,9,HurricaneEich,Jake Ferguson,TE,TRUE
7,4,9,HurricaneEich,Detroit Lions,DEF,TRUE
7,4,9,HurricaneEich,Colston Loveland,TE,FALSE
7,4,9,HurricaneEich,Derrick Henry,RB,FALSE
7,4,9,HurricaneEich,Deebo Samuel,WR,FALSE
7,4,9,HurricaneEich,Miles Sanders,RB,FALSE
7,4,9,HurricaneEich,Marvin Mims,WR,FALSE
7,4,9,HurricaneEich,C.J. Stroud,QB,FALSE
7,2,10,arturowong,Tetairoa McMillan,WR,TRUE
7,2,10,arturowong,Eddy Pineiro,K,TRUE
7,2,10,arturowong,Kyle Pitts,TE,TRUE
7,2,10,arturowong,Justin Fields,QB,TRUE
7,2,10,arturowong,Romeo Doubs,WR,TRUE
7,2,10,arturowong,Rachaad White,RB,TRUE
7,2,10,arturowong,Jaxon Smith-Njigba,WR,TRUE
7,2,10,arturowong,Bijan Robinson,RB,TRUE
7,2,10,arturowong,Los Angeles Rams,DEF,TRUE
7,2,10,arturowong,Bucky Irving,RB,FALSE
7,2,10,arturowong,Ricky Pearsall,WR,FALSE
7,2,10,arturowong,Woody Marks,RB,FALSE
7,2,10,arturowong,Jaxson Dart,QB,FALSE
7,2,10,arturowong,Aaron Jones,RB,FALSE
7,2,10,arturowong,DJ Moore,WR,FALSE
7,2,10,arturowong,Josh Allen,QB,FALSE
7,2,11,ChexMixChester,Quinshon Judkins,RB,TRUE
7,2,11,ChexMixChester,TreVeyon Henderson,RB,TRUE
7,2,11,ChexMixChester,Travis Kelce,TE,TRUE
7,2,11,ChexMixChester,Stefon Diggs,WR,TRUE
7,2,11,ChexMixChester,Jared Goff,QB,TRUE
7,2,11,ChexMixChester,Harrison Butker,K,TRUE
7,2,11,ChexMixChester,Amon-Ra St. Brown,WR,TRUE
7,2,11,ChexMixChester,Drake London,WR,TRUE
7,2,11,ChexMixChester,Kansas City Chiefs,DEF,TRUE
7,2,11,ChexMixChester,Keon Coleman,WR,FALSE
7,2,11,ChexMixChester,Tyrone Tracy,RB,FALSE
7,2,11,ChexMixChester,Calvin Ridley,WR,FALSE
7,2,11,ChexMixChester,Rhamondre Stevenson,RB,FALSE
7,2,11,ChexMixChester,Khalil Shakir,WR,FALSE
7,2,11,ChexMixChester,James Cook,RB,FALSE
7,2,11,ChexMixChester,Josh Downs,WR,FALSE
7,6,12,Vishiga,Kameron Johnson,WR,TRUE
7,6,12,Vishiga,Daniel Jones,QB,TRUE
7,6,12,Vishiga,Chase McLaughlin,K,TRUE
7,6,12,Vishiga,D'Andre Swift,RB,TRUE
7,6,12,Vishiga,Justin Jefferson,WR,TRUE
7,6,12,Vishiga,Javonte Williams,RB,TRUE
7,6,12,Vishiga,Trey McBride,TE,TRUE
7,6,12,Vishiga,Kyren Williams,RB,TRUE
7,6,12,Vishiga,Las Vegas Raiders,DEF,TRUE
7,6,12,Vishiga,Matthew Golden,WR,FALSE
7,6,12,Vishiga,Darren Waller,TE,FALSE
7,6,12,Vishiga,Cooper Kupp,WR,FALSE
7,6,12,Vishiga,Marquise Brown,WR,FALSE
7,6,12,Vishiga,Joe Burrow,QB,FALSE
7,6,12,Vishiga,Kenneth Gainwell,RB,FALSE
7,6,12,Vishiga,Minnesota Vikings,DEF,FALSE
8,2,1,Calcarro,Rome Odunze,WR,TRUE
8,2,1,Calcarro,Will Reichard,K,TRUE
8,2,1,Calcarro,Jacory Croskey-Merritt,RB,TRUE
8,2,1,Calcarro,Kendrick Bourne,WR,TRUE
8,2,1,Calcarro,Terry McLaurin,WR,TRUE
8,2,1,Calcarro,Justin Herbert,QB,TRUE
8,2,1,Calcarro,Jonathan Taylor,RB,TRUE
8,2,1,Calcarro,Cade Otton,TE,TRUE
8,2,1,Calcarro,Pittsburgh Steelers,DEF,TRUE
8,2,1,Calcarro,Sam LaPorta,TE,FALSE
8,2,1,Calcarro,Jake Bates,K,FALSE
8,2,1,Calcarro,Marvin Harrison,WR,FALSE
8,2,1,Calcarro,Luther Burden,WR,FALSE
8,2,1,Calcarro,Brian Robinson,RB,FALSE
8,2,1,Calcarro,Jahmyr Gibbs,RB,FALSE
8,5,2,garrettmowery,Brashard Smith,RB,TRUE
8,5,2,garrettmowery,Zach Ertz,TE,TRUE
8,5,2,garrettmowery,Christian McCaffrey,RB,TRUE
8,5,2,garrettmowery,Patrick Mahomes,QB,TRUE
8,5,2,garrettmowery,George Kittle,TE,TRUE
8,5,2,garrettmowery,Matthew Wright,K,TRUE
8,5,2,garrettmowery,Michael Pittman,WR,TRUE
8,5,2,garrettmowery,Chris Olave,WR,TRUE
8,5,2,garrettmowery,Indianapolis Colts,DEF,TRUE
8,5,2,garrettmowery,Chris Godwin,WR,FALSE
8,5,2,garrettmowery,Christian Kirk,WR,FALSE
8,5,2,garrettmowery,A.J. Brown,WR,FALSE
8,5,2,garrettmowery,Travis Etienne,RB,FALSE
8,5,2,garrettmowery,Garrett Wilson,WR,FALSE
8,5,2,garrettmowery,Kenneth Walker,RB,FALSE
8,5,2,garrettmowery,Kendre Miller,RB,FALSE
8,5,3,Ouriginal,Dalton Kincaid,TE,TRUE
8,5,3,Ouriginal,Ladd McConkey,WR,TRUE
8,5,3,Ouriginal,Marcus Mariota,QB,TRUE
8,5,3,Ouriginal,Jake Elliott,K,TRUE
8,5,3,Ouriginal,DK Metcalf,WR,TRUE
8,5,3,Ouriginal,Wan'Dale Robinson,WR,TRUE
8,5,3,Ouriginal,Rachaad White,RB,TRUE
8,5,3,Ouriginal,Isiah Pacheco,RB,TRUE
8,5,3,Ouriginal,New England Patriots,DEF,TRUE
8,5,3,Ouriginal,Bucky Irving,RB,FALSE
8,5,3,Ouriginal,Matthew Stafford,QB,FALSE
8,5,3,Ouriginal,Jaylen Waddle,WR,FALSE
8,5,3,Ouriginal,Rashod Bateman,WR,FALSE
8,5,3,Ouriginal,Romeo Doubs,WR,FALSE
8,5,3,Ouriginal,Brock Purdy,QB,FALSE
8,5,3,Ouriginal,Philadelphia Eagles,DEF,FALSE
8,4,4,pattycan,Rashee Rice,WR,TRUE
8,4,4,pattycan,Drake Maye,QB,TRUE
8,4,4,pattycan,Emeka Egbuka,WR,TRUE
8,4,4,pattycan,Dallas Goedert,TE,TRUE
8,4,4,pattycan,CeeDee Lamb,WR,TRUE
8,4,4,pattycan,Breece Hall,RB,TRUE
8,4,4,pattycan,Cameron Dicker,K,TRUE
8,4,4,pattycan,De'Von Achane,RB,TRUE
8,4,4,pattycan,Green Bay Packers,DEF,TRUE
8,4,4,pattycan,Tre Tucker,WR,FALSE
8,4,4,pattycan,Joe Mixon,RB,FALSE
8,4,4,pattycan,Lamar Jackson,QB,FALSE
8,4,4,pattycan,T.J. Hockenson,TE,FALSE
8,4,4,pattycan,Jauan Jennings,WR,FALSE
8,4,4,pattycan,Darnell Mooney,WR,FALSE
8,3,5,declancarroll,Bo Nix,QB,TRUE
8,3,5,declancarroll,Courtland Sutton,WR,TRUE
8,3,5,declancarroll,Nick Folk,K,TRUE
8,3,5,declancarroll,J.K. Dobbins,RB,TRUE
8,3,5,declancarroll,Ja'Marr Chase,WR,TRUE
8,3,5,declancarroll,Chase Brown,RB,TRUE
8,3,5,declancarroll,Tucker Kraft,TE,TRUE
8,3,5,declancarroll,Jordan Addison,WR,TRUE
8,3,5,declancarroll,Atlanta Falcons,DEF,TRUE
8,3,5,declancarroll,Isaiah Davis,RB,FALSE
8,3,5,declancarroll,Trey Benson,RB,FALSE
8,3,5,declancarroll,Xavier Worthy,WR,FALSE
8,3,5,declancarroll,Kimani Vidal,RB,FALSE
8,3,5,declancarroll,Mike Evans,WR,FALSE
8,3,5,declancarroll,David Montgomery,RB,FALSE
8,3,5,declancarroll,Zonovan Knight,RB,FALSE
8,3,5,declancarroll,Rashid Shaheed,WR,FALSE
8,6,6,kingcarrillo,Woody Marks,RB,TRUE
8,6,6,kingcarrillo,Harold Fannin,TE,TRUE
8,6,6,kingcarrillo,Wil Lutz,K,TRUE
8,6,6,kingcarrillo,Alvin Kamara,RB,TRUE
8,6,6,kingcarrillo,Baker Mayfield,QB,TRUE
8,6,6,kingcarrillo,Nick Chubb,RB,TRUE
8,6,6,kingcarrillo,George Pickens,WR,TRUE
8,6,6,kingcarrillo,Quentin Johnston,WR,TRUE
8,6,6,kingcarrillo,Buffalo Bills,DEF,TRUE
8,6,6,kingcarrillo,Omarion Hampton,RB,FALSE
8,6,6,kingcarrillo,Joe Flacco,QB,FALSE
8,6,6,kingcarrillo,David Njoku,TE,FALSE
8,6,6,kingcarrillo,Jakobi Meyers,WR,FALSE
8,6,6,kingcarrillo,Nico Collins,WR,FALSE
8,6,6,kingcarrillo,Brenton Strange,TE,FALSE
8,6,6,kingcarrillo,Puka Nacua,WR,FALSE
8,6,6,kingcarrillo,Seattle Seahawks,DEF,FALSE
8,1,7,NotKool,Cam Skattebo,RB,TRUE
8,1,7,NotKool,Tyler Warren,TE,TRUE
8,1,7,NotKool,Keenan Allen,WR,TRUE
8,1,7,NotKool,Chris Boswell,K,TRUE
8,1,7,NotKool,Sterling Shepard,WR,TRUE
8,1,7,NotKool,Dak Prescott,QB,TRUE
8,1,7,NotKool,Rico Dowdle,RB,TRUE
8,1,7,NotKool,Zay Flowers,WR,TRUE
8,1,7,NotKool,Denver Broncos,DEF,TRUE
8,1,7,NotKool,Tory Horton,WR,FALSE
8,1,7,NotKool,Kyle Monangai,RB,FALSE
8,1,7,NotKool,Tony Pollard,RB,FALSE
8,1,7,NotKool,Chuba Hubbard,RB,FALSE
8,1,7,NotKool,Kayshon Boutte,WR,FALSE
8,1,7,NotKool,Zach Charbonnet,RB,FALSE
8,6,8,Shnickel,Caleb Williams,QB,TRUE
8,6,8,Shnickel,Xavier Legette,WR,TRUE
8,6,8,Shnickel,Ka'imi Fairbairn,K,TRUE
8,6,8,Shnickel,Evan Engram,TE,TRUE
8,6,8,Shnickel,Tee Higgins,WR,TRUE
8,6,8,Shnickel,Alec Pierce,WR,TRUE
8,6,8,Shnickel,Jaylen Warren,RB,TRUE
8,6,8,Shnickel,Jordan Mason,RB,TRUE
8,6,8,Shnickel,Cleveland Browns,DEF,TRUE
8,6,8,Shnickel,Jayden Daniels,QB,FALSE
8,6,8,Shnickel,Brian Thomas,WR,FALSE
8,6,8,Shnickel,RJ Harvey,RB,FALSE
8,6,8,Shnickel,Ashton Jeanty,RB,FALSE
8,6,8,Shnickel,Travis Hunter,WR,FALSE
8,6,8,Shnickel,Brandon Aiyuk,WR,FALSE
8,6,8,Shnickel,Jameson Williams,WR,FALSE
8,6,8,Shnickel,Tyjae Spears,RB,FALSE
8,4,9,HurricaneEich,Brandon Aubrey,K,TRUE
8,4,9,HurricaneEich,Derrick Henry,RB,TRUE
8,4,9,HurricaneEich,Josh Jacobs,RB,TRUE
8,4,9,HurricaneEich,Deebo Samuel,WR,TRUE
8,4,9,HurricaneEich,Jalen Hurts,QB,TRUE
8,4,9,HurricaneEich,DeVonta Smith,WR,TRUE
8,4,9,HurricaneEich,Jake Ferguson,TE,TRUE
8,4,9,HurricaneEich,Marvin Mims,WR,TRUE
8,4,9,HurricaneEich,Tampa Bay Buccaneers,DEF,TRUE
8,4,9,HurricaneEich,Colston Loveland,TE,FALSE
8,4,9,HurricaneEich,Davante Adams,WR,FALSE
8,4,9,HurricaneEich,Miles Sanders,RB,FALSE
8,4,9,HurricaneEich,Jerry Jeudy,WR,FALSE
8,4,9,HurricaneEich,C.J. Stroud,QB,FALSE
8,4,9,HurricaneEich,Detroit Lions,DEF,FALSE
8,2,10,arturowong,Oronde Gadsden,TE,TRUE
8,2,10,arturowong,Tetairoa McMillan,WR,TRUE
8,2,10,arturowong,Saquon Barkley,RB,TRUE
8,2,10,arturowong,DJ Moore,WR,TRUE
8,2,10,arturowong,Josh Allen,QB,TRUE
8,2,10,arturowong,Eddy Pineiro,K,TRUE
8,2,10,arturowong,Kyle Pitts,TE,TRUE
8,2,10,arturowong,Bijan Robinson,RB,TRUE
8,2,10,arturowong,Houston Texans,DEF,TRUE
8,2,10,arturowong,Brock Bowers,TE,FALSE
8,2,10,arturowong,Ricky Pearsall,WR,FALSE
8,2,10,arturowong,Jaxson Dart,QB,FALSE
8,2,10,arturowong,Aaron Jones,RB,FALSE
8,2,10,arturowong,Tyler Allgeier,RB,FALSE
8,2,10,arturowong,Jaxon Smith-Njigba,WR,FALSE
8,2,10,arturowong,Los Angeles Rams,DEF,FALSE
8,3,11,ChexMixChester,Quinshon Judkins,RB,TRUE
8,3,11,ChexMixChester,Travis Kelce,TE,TRUE
8,3,11,ChexMixChester,Stefon Diggs,WR,TRUE
8,3,11,ChexMixChester,Harrison Butker,K,TRUE
8,3,11,ChexMixChester,Justin Fields,QB,TRUE
8,3,11,ChexMixChester,Rhamondre Stevenson,RB,TRUE
8,3,11,ChexMixChester,Khalil Shakir,WR,TRUE
8,3,11,ChexMixChester,James Cook,RB,TRUE
8,3,11,ChexMixChester,Kansas City Chiefs,DEF,TRUE
8,3,11,ChexMixChester,Keon Coleman,WR,FALSE
8,3,11,ChexMixChester,Tyrone Tracy,RB,FALSE
8,3,11,ChexMixChester,TreVeyon Henderson,RB,FALSE
8,3,11,ChexMixChester,Jared Goff,QB,FALSE
8,3,11,ChexMixChester,Calvin Ridley,WR,FALSE
8,3,11,ChexMixChester,Amon-Ra St. Brown,WR,FALSE
8,3,11,ChexMixChester,Drake London,WR,FALSE
8,1,12,Vishiga,Theo Johnson,TE,TRUE
8,1,12,Vishiga,Tez Johnson,WR,TRUE
8,1,12,Vishiga,Matthew Golden,WR,TRUE
8,1,12,Vishiga,Daniel Jones,QB,TRUE
8,1,12,Vishiga,D'Andre Swift,RB,TRUE
8,1,12,Vishiga,Justin Jefferson,WR,TRUE
8,1,12,Vishiga,Javonte Williams,RB,TRUE
8,1,12,Vishiga,Evan McPherson,K,TRUE
8,1,12,Vishiga,Minnesota Vikings,DEF,TRUE
8,1,12,Vishiga,Darren Waller,TE,FALSE
8,1,12,Vishiga,Cooper Kupp,WR,FALSE
8,1,12,Vishiga,Marquise Brown,WR,FALSE
8,1,12,Vishiga,Joe Burrow,QB,FALSE
8,1,12,Vishiga,Kenneth Gainwell,RB,FALSE
8,1,12,Vishiga,Trey McBride,TE,FALSE
8,1,12,Vishiga,Kyren Williams,RB,FALSE
9,1,1,Calcarro,Sam LaPorta,TE,TRUE
9,1,1,Calcarro,Jake Bates,K,TRUE
9,1,1,Calcarro,Rome Odunze,WR,TRUE
9,1,1,Calcarro,Marvin Harrison,WR,TRUE
9,1,1,Calcarro,Jacory Croskey-Merritt,RB,TRUE
9,1,1,Calcarro,Justin Herbert,QB,TRUE
9,1,1,Calcarro,Jonathan Taylor,RB,TRUE
9,1,1,Calcarro,Jahmyr Gibbs,RB,TRUE
9,1,1,Calcarro,Pittsburgh Steelers,DEF,TRUE
9,1,1,Calcarro,Luther Burden,WR,FALSE
9,1,1,Calcarro,Kendrick Bourne,WR,FALSE
9,1,1,Calcarro,Terry McLaurin,WR,FALSE
9,1,1,Calcarro,Devin Singletary,RB,FALSE
9,1,1,Calcarro,Cade Otton,TE,FALSE
9,1,1,Calcarro,Brian Robinson,RB,FALSE
9,5,2,garrettmowery,Jason Myers,K,TRUE
9,5,2,garrettmowery,Christian McCaffrey,RB,TRUE
9,5,2,garrettmowery,Patrick Mahomes,QB,TRUE
9,5,2,garrettmowery,George Kittle,TE,TRUE
9,5,2,garrettmowery,Michael Pittman,WR,TRUE
9,5,2,garrettmowery,Travis Etienne,RB,TRUE
9,5,2,garrettmowery,Chris Olave,WR,TRUE
9,5,2,garrettmowery,Kenneth Walker,RB,TRUE
9,5,2,garrettmowery,Indianapolis Colts,DEF,TRUE
9,5,2,garrettmowery,Brashard Smith,RB,FALSE
9,5,2,garrettmowery,Zach Ertz,TE,FALSE
9,5,2,garrettmowery,Chris Godwin,WR,FALSE
9,5,2,garrettmowery,A.J. Brown,WR,FALSE
9,5,2,garrettmowery,Chase McLaughlin,K,FALSE
9,5,2,garrettmowery,Garrett Wilson,WR,FALSE
9,6,3,Ouriginal,Oronde Gadsden,TE,TRUE
9,6,3,Ouriginal,Matt Prater,K,TRUE
9,6,3,Ouriginal,Samaje Perine,RB,TRUE
9,6,3,Ouriginal,Matthew Stafford,QB,TRUE
9,6,3,Ouriginal,DK Metcalf,WR,TRUE
9,6,3,Ouriginal,Justice Hill,RB,TRUE
9,6,3,Ouriginal,Jaylen Waddle,WR,TRUE
9,6,3,Ouriginal,Wan'Dale Robinson,WR,TRUE
9,6,3,Ouriginal,New England Patriots,DEF,TRUE
9,6,3,Ouriginal,Dalton Kincaid,TE,FALSE
9,6,3,Ouriginal,Bucky Irving,RB,FALSE
9,6,3,Ouriginal,Jake Elliott,K,FALSE
9,6,3,Ouriginal,Romeo Doubs,WR,FALSE
9,6,3,Ouriginal,Rachaad White,RB,FALSE
9,6,3,Ouriginal,Isiah Pacheco,RB,FALSE
9,6,3,Ouriginal,Philadelphia Eagles,DEF,FALSE
9,3,4,pattycan,Rashee Rice,WR,TRUE
9,3,4,pattycan,Lamar Jackson,QB,TRUE
9,3,4,pattycan,T.J. Hockenson,TE,TRUE
9,3,4,pattycan,CeeDee Lamb,WR,TRUE
9,3,4,pattycan,Jauan Jennings,WR,TRUE
9,3,4,pattycan,Michael Carter,RB,TRUE
9,3,4,pattycan,Cameron Dicker,K,TRUE
9,3,4,pattycan,De'Von Achane,RB,TRUE
9,3,4,pattycan,Green Bay Packers,DEF,TRUE
9,3,4,pattycan,Tre Tucker,WR,FALSE
9,3,4,pattycan,Drake Maye,QB,FALSE
9,3,4,pattycan,Emeka Egbuka,WR,FALSE
9,3,4,pattycan,Joe Mixon,RB,FALSE
9,3,4,pattycan,Dallas Goedert,TE,FALSE
9,3,4,pattycan,Darnell Mooney,WR,FALSE
9,3,4,pattycan,Breece Hall,RB,FALSE
9,3,5,declancarroll,Bo Nix,QB,TRUE
9,3,5,declancarroll,Kimani Vidal,RB,TRUE
9,3,5,declancarroll,Joshua Karty,K,TRUE
9,3,5,declancarroll,Courtland Sutton,WR,TRUE
9,3,5,declancarroll,Ja'Marr Chase,WR,TRUE
9,3,5,declancarroll,Chase Brown,RB,TRUE
9,3,5,declancarroll,Tucker Kraft,TE,TRUE
9,3,5,declancarroll,Jordan Addison,WR,TRUE
9,3,5,declancarroll,Los Angeles Chargers,DEF,TRUE
9,3,5,declancarroll,Isaiah Davis,RB,FALSE
9,3,5,declancarroll,Trey Benson,RB,FALSE
9,3,5,declancarroll,Xavier Worthy,WR,FALSE
9,3,5,declancarroll,Mike Evans,WR,FALSE
9,3,5,declancarroll,David Montgomery,RB,FALSE
9,3,5,declancarroll,J.K. Dobbins,RB,FALSE
9,3,5,declancarroll,Zonovan Knight,RB,FALSE
9,3,5,declancarroll,Rashid Shaheed,WR,FALSE
9,5,6,kingcarrillo,Woody Marks,RB,TRUE
9,5,6,kingcarrillo,Tyler Loop,K,TRUE
9,5,6,kingcarrillo,Kareem Hunt,RB,TRUE
9,5,6,kingcarrillo,Sam Darnold,QB,TRUE
9,5,6,kingcarrillo,Mark Andrews,TE,TRUE
9,5,6,kingcarrillo,Nico Collins,WR,TRUE
9,5,6,kingcarrillo,George Pickens,WR,TRUE
9,5,6,kingcarrillo,Puka Nacua,WR,TRUE
9,5,6,kingcarrillo,Seattle Seahawks,DEF,TRUE
9,5,6,kingcarrillo,Harold Fannin,TE,FALSE
9,5,6,kingcarrillo,Omarion Hampton,RB,FALSE
9,5,6,kingcarrillo,Alvin Kamara,RB,FALSE
9,5,6,kingcarrillo,Baker Mayfield,QB,FALSE
9,5,6,kingcarrillo,Nick Chubb,RB,FALSE
9,5,6,kingcarrillo,Jakobi Meyers,WR,FALSE
9,5,6,kingcarrillo,Brenton Strange,TE,FALSE
9,5,6,kingcarrillo,Quentin Johnston,WR,FALSE
9,1,7,NotKool,Tyler Warren,TE,TRUE
9,1,7,NotKool,Kyle Monangai,RB,TRUE
9,1,7,NotKool,Keenan Allen,WR,TRUE
9,1,7,NotKool,Chris Boswell,K,TRUE
9,1,7,NotKool,Dak Prescott,QB,TRUE
9,1,7,NotKool,Rico Dowdle,RB,TRUE
9,1,7,NotKool,Kayshon Boutte,WR,TRUE
9,1,7,NotKool,Zay Flowers,WR,TRUE
9,1,7,NotKool,Denver Broncos,DEF,TRUE
9,1,7,NotKool,Jayden Reed,WR,FALSE
9,1,7,NotKool,Troy Franklin,WR,FALSE
9,1,7,NotKool,Tory Horton,WR,FALSE
9,1,7,NotKool,Tony Pollard,RB,FALSE
9,1,7,NotKool,Chuba Hubbard,RB,FALSE
9,1,7,NotKool,Zach Charbonnet,RB,FALSE
9,6,8,Shnickel,Jayden Daniels,QB,TRUE
9,6,8,Shnickel,Brian Thomas,WR,TRUE
9,6,8,Shnickel,Ashton Jeanty,RB,TRUE
9,6,8,Shnickel,Ka'imi Fairbairn,K,TRUE
9,6,8,Shnickel,Evan Engram,TE,TRUE
9,6,8,Shnickel,Tee Higgins,WR,TRUE
9,6,8,Shnickel,Jameson Williams,WR,TRUE
9,6,8,Shnickel,Jaylen Warren,RB,TRUE
9,6,8,Shnickel,Jacksonville Jaguars,DEF,TRUE
9,6,8,Shnickel,RJ Harvey,RB,FALSE
9,6,8,Shnickel,Travis Hunter,WR,FALSE
9,6,8,Shnickel,Brandon Aiyuk,WR,FALSE
9,6,8,Shnickel,Alec Pierce,WR,FALSE
9,6,8,Shnickel,Christian Watson,WR,FALSE
9,6,8,Shnickel,Jordan Mason,RB,FALSE
9,6,8,Shnickel,Parker Washington,WR,FALSE
9,6,8,Shnickel,Tyjae Spears,RB,FALSE
9,4,9,HurricaneEich,Brandon Aubrey,K,TRUE
9,4,9,HurricaneEich,Davante Adams,WR,TRUE
9,4,9,HurricaneEich,Derrick Henry,RB,TRUE
9,4,9,HurricaneEich,Josh Jacobs,RB,TRUE
9,4,9,HurricaneEich,Deebo Samuel,WR,TRUE
9,4,9,HurricaneEich,Jordan Love,QB,TRUE
9,4,9,HurricaneEich,Jake Ferguson,TE,TRUE
9,4,9,HurricaneEich,Josh Downs,WR,TRUE
9,4,9,HurricaneEich,Detroit Lions,DEF,TRUE
9,4,9,HurricaneEich,Colston Loveland,TE,FALSE
9,4,9,HurricaneEich,Miles Sanders,RB,FALSE
9,4,9,HurricaneEich,Jerry Jeudy,WR,FALSE
9,4,9,HurricaneEich,Jalen Hurts,QB,FALSE
9,4,9,HurricaneEich,DeVonta Smith,WR,FALSE
9,4,9,HurricaneEich,Marvin Mims,WR,FALSE
9,4,9,HurricaneEich,Tampa Bay Buccaneers,DEF,FALSE
9,2,10,arturowong,Brock Bowers,TE,TRUE
9,2,10,arturowong,Ladd McConkey,WR,TRUE
9,2,10,arturowong,Tetairoa McMillan,WR,TRUE
9,2,10,arturowong,Aaron Jones,RB,TRUE
9,2,10,arturowong,Josh Allen,QB,TRUE
9,2,10,arturowong,Eddy Pineiro,K,TRUE
9,2,10,arturowong,Jaxon Smith-Njigba,WR,TRUE
9,2,10,arturowong,Bijan Robinson,RB,TRUE
9,2,10,arturowong,Los Angeles Rams,DEF,TRUE
9,2,10,arturowong,Emanuel Wilson,RB,FALSE
9,2,10,arturowong,Ricky Pearsall,WR,FALSE
9,2,10,arturowong,Jaxson Dart,QB,FALSE
9,2,10,arturowong,Saquon Barkley,RB,FALSE
9,2,10,arturowong,DJ Moore,WR,FALSE
9,2,10,arturowong,Kyle Pitts,TE,FALSE
9,2,10,arturowong,Tyler Allgeier,RB,FALSE
9,2,10,arturowong,Tank Bigsby,RB,FALSE
9,4,11,ChexMixChester,Tyrone Tracy,RB,TRUE
9,4,11,ChexMixChester,Travis Kelce,TE,TRUE
9,4,11,ChexMixChester,Stefon Diggs,WR,TRUE
9,4,11,ChexMixChester,Jared Goff,QB,TRUE
9,4,11,ChexMixChester,Harrison Butker,K,TRUE
9,4,11,ChexMixChester,Amon-Ra St. Brown,WR,TRUE
9,4,11,ChexMixChester,Khalil Shakir,WR,TRUE
9,4,11,ChexMixChester,James Cook,RB,TRUE
9,4,11,ChexMixChester,Houston Texans,DEF,TRUE
9,4,11,ChexMixChester,Keon Coleman,WR,FALSE
9,4,11,ChexMixChester,Quinshon Judkins,RB,FALSE
9,4,11,ChexMixChester,TreVeyon Henderson,RB,FALSE
9,4,11,ChexMixChester,Calvin Ridley,WR,FALSE
9,4,11,ChexMixChester,Darius Slayton,WR,FALSE
9,4,11,ChexMixChester,Rhamondre Stevenson,RB,FALSE
9,4,11,ChexMixChester,Drake London,WR,FALSE
9,2,12,Vishiga,Matthew Golden,WR,TRUE
9,2,12,Vishiga,Chimere Dike,WR,TRUE
9,2,12,Vishiga,Daniel Jones,QB,TRUE
9,2,12,Vishiga,Justin Jefferson,WR,TRUE
9,2,12,Vishiga,Javonte Williams,RB,TRUE
9,2,12,Vishiga,Evan McPherson,K,TRUE
9,2,12,Vishiga,Trey McBride,TE,TRUE
9,2,12,Vishiga,Kyren Williams,RB,TRUE
9,2,12,Vishiga,Baltimore Ravens,DEF,TRUE
9,2,12,Vishiga,Theo Johnson,TE,FALSE
9,2,12,Vishiga,Tez Johnson,WR,FALSE
9,2,12,Vishiga,Darren Waller,TE,FALSE
9,2,12,Vishiga,Cooper Kupp,WR,FALSE
9,2,12,Vishiga,Joe Burrow,QB,FALSE
9,2,12,Vishiga,D'Andre Swift,RB,FALSE
9,2,12,Vishiga,Kenneth Gainwell,RB,FALSE
9,2,12,Vishiga,Minnesota Vikings,DEF,FALSE
10,6,1,Calcarro,Sam LaPorta,TE,TRUE
10,6,1,Calcarro,Jake Bates,K,TRUE
10,6,1,Calcarro,Rome Odunze,WR,TRUE
10,6,1,Calcarro,Marvin Harrison,WR,TRUE
10,6,1,Calcarro,Devin Singletary,RB,TRUE
10,6,1,Calcarro,Justin Herbert,QB,TRUE
10,6,1,Calcarro,Jonathan Taylor,RB,TRUE
10,6,1,Calcarro,Jahmyr Gibbs,RB,TRUE
10,6,1,Calcarro,Pittsburgh Steelers,DEF,TRUE
10,6,1,Calcarro,Luther Burden,WR,FALSE
10,6,1,Calcarro,Jacory Croskey-Merritt,RB,FALSE
10,6,1,Calcarro,Kendrick Bourne,WR,FALSE
10,6,1,Calcarro,Terry McLaurin,WR,FALSE
10,6,1,Calcarro,Cade Otton,TE,FALSE
10,6,1,Calcarro,Brian Robinson,RB,FALSE
10,3,2,garrettmowery,Marcus Mariota,QB,TRUE
10,3,2,garrettmowery,Christian McCaffrey,RB,TRUE
10,3,2,garrettmowery,George Kittle,TE,TRUE
10,3,2,garrettmowery,A.J. Brown,WR,TRUE
10,3,2,garrettmowery,Chase McLaughlin,K,TRUE
10,3,2,garrettmowery,Michael Pittman,WR,TRUE
10,3,2,garrettmowery,Travis Etienne,RB,TRUE
10,3,2,garrettmowery,Chris Olave,WR,TRUE
10,3,2,garrettmowery,Indianapolis Colts,DEF,TRUE
10,3,2,garrettmowery,Zach Ertz,TE,FALSE
10,3,2,garrettmowery,Jason Myers,K,FALSE
10,3,2,garrettmowery,Chris Godwin,WR,FALSE
10,3,2,garrettmowery,Patrick Mahomes,QB,FALSE
10,3,2,garrettmowery,Garrett Wilson,WR,FALSE
10,3,2,garrettmowery,Kenneth Walker,RB,FALSE
10,1,3,Ouriginal,Oronde Gadsden,TE,TRUE
10,1,3,Ouriginal,Jake Elliott,K,TRUE
10,1,3,Ouriginal,Matthew Stafford,QB,TRUE
10,1,3,Ouriginal,Ty Johnson,RB,TRUE
10,1,3,Ouriginal,Jaylen Waddle,WR,TRUE
10,1,3,Ouriginal,Romeo Doubs,WR,TRUE
10,1,3,Ouriginal,Wan'Dale Robinson,WR,TRUE
10,1,3,Ouriginal,Rachaad White,RB,TRUE
10,1,3,Ouriginal,Philadelphia Eagles,DEF,TRUE
10,1,3,Ouriginal,Dalton Kincaid,TE,FALSE
10,1,3,Ouriginal,Bucky Irving,RB,FALSE
10,1,3,Ouriginal,Matt Prater,K,FALSE
10,1,3,Ouriginal,Samaje Perine,RB,FALSE
10,1,3,Ouriginal,DK Metcalf,WR,FALSE
10,1,3,Ouriginal,Isiah Pacheco,RB,FALSE
10,1,3,Ouriginal,New England Patriots,DEF,FALSE
10,6,4,pattycan,Tre Tucker,WR,TRUE
10,6,4,pattycan,Emeka Egbuka,WR,TRUE
10,6,4,pattycan,Lamar Jackson,QB,TRUE
10,6,4,pattycan,Dallas Goedert,TE,TRUE
10,6,4,pattycan,Jauan Jennings,WR,TRUE
10,6,4,pattycan,Breece Hall,RB,TRUE
10,6,4,pattycan,Cameron Dicker,K,TRUE
10,6,4,pattycan,De'Von Achane,RB,TRUE
10,6,4,pattycan,Green Bay Packers,DEF,TRUE
10,6,4,pattycan,Rashee Rice,WR,FALSE
10,6,4,pattycan,Drake Maye,QB,FALSE
10,6,4,pattycan,Joe Mixon,RB,FALSE
10,6,4,pattycan,T.J. Hockenson,TE,FALSE
10,6,4,pattycan,CeeDee Lamb,WR,FALSE
10,6,4,pattycan,Darnell Mooney,WR,FALSE
10,6,4,pattycan,Michael Carter,RB,FALSE
10,3,5,declancarroll,Bo Nix,QB,TRUE
10,3,5,declancarroll,Kimani Vidal,RB,TRUE
10,3,5,declancarroll,Joshua Karty,K,TRUE
10,3,5,declancarroll,Courtland Sutton,WR,TRUE
10,3,5,declancarroll,David Montgomery,RB,TRUE
10,3,5,declancarroll,J.K. Dobbins,RB,TRUE
10,3,5,declancarroll,Juwan Johnson,TE,TRUE
10,3,5,declancarroll,Jordan Addison,WR,TRUE
10,3,5,declancarroll,Los Angeles Chargers,DEF,TRUE
10,3,5,declancarroll,Isaiah Davis,RB,FALSE
10,3,5,declancarroll,Trey Benson,RB,FALSE
10,3,5,declancarroll,Xavier Worthy,WR,FALSE
10,3,5,declancarroll,Mike Evans,WR,FALSE
10,3,5,declancarroll,Ja'Marr Chase,WR,FALSE
10,3,5,declancarroll,Zonovan Knight,RB,FALSE
10,3,5,declancarroll,Rashid Shaheed,WR,FALSE
10,3,5,declancarroll,Chase Brown,RB,FALSE
10,2,6,kingcarrillo,Woody Marks,RB,TRUE
10,2,6,kingcarrillo,Tyler Loop,K,TRUE
10,2,6,kingcarrillo,Alvin Kamara,RB,TRUE
10,2,6,kingcarrillo,Baker Mayfield,QB,TRUE
10,2,6,kingcarrillo,Mark Andrews,TE,TRUE
10,2,6,kingcarrillo,Nico Collins,WR,TRUE
10,2,6,kingcarrillo,Puka Nacua,WR,TRUE
10,2,6,kingcarrillo,Quentin Johnston,WR,TRUE
10,2,6,kingcarrillo,Seattle Seahawks,DEF,TRUE
10,2,6,kingcarrillo,Devin Neal,RB,FALSE
10,2,6,kingcarrillo,Harold Fannin,TE,FALSE
10,2,6,kingcarrillo,Omarion Hampton,RB,FALSE
10,2,6,kingcarrillo,Kareem Hunt,RB,FALSE
10,2,6,kingcarrillo,Nick Chubb,RB,FALSE
10,2,6,kingcarrillo,Jakobi Meyers,WR,FALSE
10,2,6,kingcarrillo,George Pickens,WR,FALSE
10,2,6,kingcarrillo,Brenton Strange,TE,FALSE
10,1,7,NotKool,Caleb Williams,QB,TRUE
10,1,7,NotKool,Troy Franklin,WR,TRUE
10,1,7,NotKool,Tyler Warren,TE,TRUE
10,1,7,NotKool,Kyle Monangai,RB,TRUE
10,1,7,NotKool,Keenan Allen,WR,TRUE
10,1,7,NotKool,Chris Boswell,K,TRUE
10,1,7,NotKool,Rico Dowdle,RB,TRUE
10,1,7,NotKool,Zay Flowers,WR,TRUE
10,1,7,NotKool,Denver Broncos,DEF,TRUE
10,1,7,NotKool,Jayden Reed,WR,FALSE
10,1,7,NotKool,Tory Horton,WR,FALSE
10,1,7,NotKool,Dak Prescott,QB,FALSE
10,1,7,NotKool,Tony Pollard,RB,FALSE
10,1,7,NotKool,Chuba Hubbard,RB,FALSE
10,1,7,NotKool,Kayshon Boutte,WR,FALSE
10,1,7,NotKool,Zach Charbonnet,RB,FALSE
10,4,8,Shnickel,RJ Harvey,RB,TRUE
10,4,8,Shnickel,Ashton Jeanty,RB,TRUE
10,4,8,Shnickel,Jacoby Brissett,QB,TRUE
10,4,8,Shnickel,Evan Engram,TE,TRUE
10,4,8,Shnickel,Michael Badgley,K,TRUE
10,4,8,Shnickel,Alec Pierce,WR,TRUE
10,4,8,Shnickel,Jameson Williams,WR,TRUE
10,4,8,Shnickel,Jaylen Warren,RB,TRUE
10,4,8,Shnickel,Jacksonville Jaguars,DEF,TRUE
10,4,8,Shnickel,Jayden Daniels,QB,FALSE
10,4,8,Shnickel,Brian Thomas,WR,FALSE
10,4,8,Shnickel,Travis Hunter,WR,FALSE
10,4,8,Shnickel,Tee Higgins,WR,FALSE
10,4,8,Shnickel,Jordan Mason,RB,FALSE
10,4,8,Shnickel,Luke Musgrave,TE,FALSE
10,4,8,Shnickel,Parker Washington,WR,FALSE
10,4,8,Shnickel,Tyjae Spears,RB,FALSE
10,4,9,HurricaneEich,Colston Loveland,TE,TRUE
10,4,9,HurricaneEich,Cairo Santos,K,TRUE
10,4,9,HurricaneEich,Davante Adams,WR,TRUE
10,4,9,HurricaneEich,Derrick Henry,RB,TRUE
10,4,9,HurricaneEich,Josh Jacobs,RB,TRUE
10,4,9,HurricaneEich,Deebo Samuel,WR,TRUE
10,4,9,HurricaneEich,Jalen Hurts,QB,TRUE
10,4,9,HurricaneEich,DeVonta Smith,WR,TRUE
10,4,9,HurricaneEich,Detroit Lions,DEF,TRUE
10,4,9,HurricaneEich,Brandon Aubrey,K,FALSE
10,4,9,HurricaneEich,Miles Sanders,RB,FALSE
10,4,9,HurricaneEich,Jordan Love,QB,FALSE
10,4,9,HurricaneEich,Jake Ferguson,TE,FALSE
10,4,9,HurricaneEich,Marvin Mims,WR,FALSE
10,4,9,HurricaneEich,Josh Downs,WR,FALSE
10,4,9,HurricaneEich,Tampa Bay Buccaneers,DEF,FALSE
10,2,10,arturowong,Brock Bowers,TE,TRUE
10,2,10,arturowong,Ladd McConkey,WR,TRUE
10,2,10,arturowong,Saquon Barkley,RB,TRUE
10,2,10,arturowong,DJ Moore,WR,TRUE
10,2,10,arturowong,Josh Allen,QB,TRUE
10,2,10,arturowong,Eddy Pineiro,K,TRUE
10,2,10,arturowong,Jaxon Smith-Njigba,WR,TRUE
10,2,10,arturowong,Bijan Robinson,RB,TRUE
10,2,10,arturowong,Los Angeles Rams,DEF,TRUE
10,2,10,arturowong,Ricky Pearsall,WR,FALSE
10,2,10,arturowong,Jaxson Dart,QB,FALSE
10,2,10,arturowong,Tetairoa McMillan,WR,FALSE
10,2,10,arturowong,Aaron Jones,RB,FALSE
10,2,10,arturowong,Kyle Pitts,TE,FALSE
10,2,10,arturowong,Tyler Allgeier,RB,FALSE
10,2,10,arturowong,Tank Bigsby,RB,FALSE
10,5,11,ChexMixChester,Tyrone Tracy,RB,TRUE
10,5,11,ChexMixChester,Brandon McManus,K,TRUE
10,5,11,ChexMixChester,Stefon Diggs,WR,TRUE
10,5,11,ChexMixChester,Jared Goff,QB,TRUE
10,5,11,ChexMixChester,Hunter Henry,TE,TRUE
10,5,11,ChexMixChester,Amon-Ra St. Brown,WR,TRUE
10,5,11,ChexMixChester,Khalil Shakir,WR,TRUE
10,5,11,ChexMixChester,James Cook,RB,TRUE
10,5,11,ChexMixChester,Houston Texans,DEF,TRUE
10,5,11,ChexMixChester,Keon Coleman,WR,FALSE
10,5,11,ChexMixChester,Quinshon Judkins,RB,FALSE
10,5,11,ChexMixChester,TreVeyon Henderson,RB,FALSE
10,5,11,ChexMixChester,Travis Kelce,TE,FALSE
10,5,11,ChexMixChester,Calvin Ridley,WR,FALSE
10,5,11,ChexMixChester,Rhamondre Stevenson,RB,FALSE
10,5,11,ChexMixChester,Drake London,WR,FALSE
10,5,12,Vishiga,Theo Johnson,TE,TRUE
10,5,12,Vishiga,Will Reichard,K,TRUE
10,5,12,Vishiga,Tez Johnson,WR,TRUE
10,5,12,Vishiga,Daniel Jones,QB,TRUE
10,5,12,Vishiga,D'Andre Swift,RB,TRUE
10,5,12,Vishiga,Justin Jefferson,WR,TRUE
10,5,12,Vishiga,Trey McBride,TE,TRUE
10,5,12,Vishiga,Kyren Williams,RB,TRUE
10,5,12,Vishiga,Cleveland Browns,DEF,TRUE
10,5,12,Vishiga,Chimere Dike,WR,FALSE
10,5,12,Vishiga,Joe Flacco,QB,FALSE
10,5,12,Vishiga,Darren Waller,TE,FALSE
10,5,12,Vishiga,Cooper Kupp,WR,FALSE
10,5,12,Vishiga,Joe Burrow,QB,FALSE
10,5,12,Vishiga,Kenneth Gainwell,RB,FALSE
10,5,12,Vishiga,Javonte Williams,RB,FALSE
10,5,12,Vishiga,Minnesota Vikings,DEF,FALSE
11,5,1,Calcarro,Jake Bates,K,TRUE
11,5,1,Calcarro,Rome Odunze,WR,TRUE
11,5,1,Calcarro,Jacory Croskey-Merritt,RB,TRUE
11,5,1,Calcarro,Jerry Jeudy,WR,TRUE
11,5,1,Calcarro,Justin Herbert,QB,TRUE
11,5,1,Calcarro,Cade Otton,TE,TRUE
11,5,1,Calcarro,Christian Watson,WR,TRUE
11,5,1,Calcarro,Jahmyr Gibbs,RB,TRUE
11,5,1,Calcarro,Pittsburgh Steelers,DEF,TRUE
11,5,1,Calcarro,Sam LaPorta,TE,FALSE
11,5,1,Calcarro,Marvin Harrison,WR,FALSE
11,5,1,Calcarro,Luther Burden,WR,FALSE
11,5,1,Calcarro,Terry McLaurin,WR,FALSE
11,5,1,Calcarro,Devin Singletary,RB,FALSE
11,5,1,Calcarro,Darius Slayton,WR,FALSE
11,5,1,Calcarro,Jonathan Taylor,RB,FALSE
11,5,1,Calcarro,Brian Robinson,RB,FALSE
11,4,2,garrettmowery,Michael Wilson,WR,TRUE
11,4,2,garrettmowery,Christian McCaffrey,RB,TRUE
11,4,2,garrettmowery,Patrick Mahomes,QB,TRUE
11,4,2,garrettmowery,George Kittle,TE,TRUE
11,4,2,garrettmowery,A.J. Brown,WR,TRUE
11,4,2,garrettmowery,Chase McLaughlin,K,TRUE
11,4,2,garrettmowery,Travis Etienne,RB,TRUE
11,4,2,garrettmowery,Kenneth Walker,RB,TRUE
11,4,2,garrettmowery,Kansas City Chiefs,DEF,TRUE
11,4,2,garrettmowery,Zach Ertz,TE,FALSE
11,4,2,garrettmowery,Chris Godwin,WR,FALSE
11,4,2,garrettmowery,Mack Hollins,WR,FALSE
11,4,2,garrettmowery,Michael Pittman,WR,FALSE
11,4,2,garrettmowery,Chris Olave,WR,FALSE
11,4,2,garrettmowery,Garrett Wilson,WR,FALSE
11,4,2,garrettmowery,Jalen Nailor,WR,FALSE
11,4,2,garrettmowery,Indianapolis Colts,DEF,FALSE
11,2,3,Ouriginal,Emari Demercado,RB,TRUE
11,2,3,Ouriginal,Oronde Gadsden,TE,TRUE
11,2,3,Ouriginal,Jake Elliott,K,TRUE
11,2,3,Ouriginal,Matthew Stafford,QB,TRUE
11,2,3,Ouriginal,DK Metcalf,WR,TRUE
11,2,3,Ouriginal,Jaylen Waddle,WR,TRUE
11,2,3,Ouriginal,Wan'Dale Robinson,WR,TRUE
11,2,3,Ouriginal,Rachaad White,RB,TRUE
11,2,3,Ouriginal,New England Patriots,DEF,TRUE
11,2,3,Ouriginal,Dalton Kincaid,TE,FALSE
11,2,3,Ouriginal,Bucky Irving,RB,FALSE
11,2,3,Ouriginal,Matt Prater,K,FALSE
11,2,3,Ouriginal,Romeo Doubs,WR,FALSE
11,2,3,Ouriginal,Isiah Pacheco,RB,FALSE
11,2,3,Ouriginal,Philadelphia Eagles,DEF,FALSE
11,6,4,pattycan,Rashee Rice,WR,TRUE
11,6,4,pattycan,Emeka Egbuka,WR,TRUE
11,6,4,pattycan,Lamar Jackson,QB,TRUE
11,6,4,pattycan,Dallas Goedert,TE,TRUE
11,6,4,pattycan,CeeDee Lamb,WR,TRUE
11,6,4,pattycan,Breece Hall,RB,TRUE
11,6,4,pattycan,Cameron Dicker,K,TRUE
11,6,4,pattycan,De'Von Achane,RB,TRUE
11,6,4,pattycan,Green Bay Packers,DEF,TRUE
11,6,4,pattycan,Tre Tucker,WR,FALSE
11,6,4,pattycan,Drake Maye,QB,FALSE
11,6,4,pattycan,Joe Mixon,RB,FALSE
11,6,4,pattycan,T.J. Hockenson,TE,FALSE
11,6,4,pattycan,Jauan Jennings,WR,FALSE
11,6,4,pattycan,Darnell Mooney,WR,FALSE
11,6,4,pattycan,Michael Carter,RB,FALSE
11,3,5,declancarroll,Bo Nix,QB,TRUE
11,3,5,declancarroll,Kimani Vidal,RB,TRUE
11,3,5,declancarroll,Mason Taylor,TE,TRUE
11,3,5,declancarroll,Harrison Butker,K,TRUE
11,3,5,declancarroll,Courtland Sutton,WR,TRUE
11,3,5,declancarroll,Ja'Marr Chase,WR,TRUE
11,3,5,declancarroll,Chase Brown,RB,TRUE
11,3,5,declancarroll,Jordan Addison,WR,TRUE
11,3,5,declancarroll,Los Angeles Chargers,DEF,TRUE
11,3,5,declancarroll,Isaiah Davis,RB,FALSE
11,3,5,declancarroll,Trey Benson,RB,FALSE
11,3,5,declancarroll,Xavier Worthy,WR,FALSE
11,3,5,declancarroll,Mike Evans,WR,FALSE
11,3,5,declancarroll,David Montgomery,RB,FALSE
11,3,5,declancarroll,J.K. Dobbins,RB,FALSE
11,3,5,declancarroll,Juwan Johnson,TE,FALSE
11,3,5,declancarroll,Rashid Shaheed,WR,FALSE
11,1,6,kingcarrillo,Woody Marks,RB,TRUE
11,1,6,kingcarrillo,Harold Fannin,TE,TRUE
11,1,6,kingcarrillo,Tyler Loop,K,TRUE
11,1,6,kingcarrillo,Kareem Hunt,RB,TRUE
11,1,6,kingcarrillo,Baker Mayfield,QB,TRUE
11,1,6,kingcarrillo,Nico Collins,WR,TRUE
11,1,6,kingcarrillo,George Pickens,WR,TRUE
11,1,6,kingcarrillo,Puka Nacua,WR,TRUE
11,1,6,kingcarrillo,Baltimore Ravens,DEF,TRUE
11,1,6,kingcarrillo,Omarion Hampton,RB,FALSE
11,1,6,kingcarrillo,Alvin Kamara,RB,FALSE
11,1,6,kingcarrillo,Nick Chubb,RB,FALSE
11,1,6,kingcarrillo,Mark Andrews,TE,FALSE
11,1,6,kingcarrillo,Jakobi Meyers,WR,FALSE
11,1,6,kingcarrillo,Brenton Strange,TE,FALSE
11,1,6,kingcarrillo,Quentin Johnston,WR,FALSE
11,1,6,kingcarrillo,Seattle Seahawks,DEF,FALSE
11,1,7,NotKool,Troy Franklin,WR,TRUE
11,1,7,NotKool,Kyle Monangai,RB,TRUE
11,1,7,NotKool,Keenan Allen,WR,TRUE
11,1,7,NotKool,Chris Boswell,K,TRUE
11,1,7,NotKool,Dak Prescott,QB,TRUE
11,1,7,NotKool,Dalton Schultz,TE,TRUE
11,1,7,NotKool,Rico Dowdle,RB,TRUE
11,1,7,NotKool,Zay Flowers,WR,TRUE
11,1,7,NotKool,Denver Broncos,DEF,TRUE
11,1,7,NotKool,Jayden Reed,WR,FALSE
11,1,7,NotKool,Caleb Williams,QB,FALSE
11,1,7,NotKool,Tyler Warren,TE,FALSE
11,1,7,NotKool,Kyle Williams,WR,FALSE
11,1,7,NotKool,Tony Pollard,RB,FALSE
11,1,7,NotKool,Chuba Hubbard,RB,FALSE
11,1,7,NotKool,Kayshon Boutte,WR,FALSE
11,1,7,NotKool,Zach Charbonnet,RB,FALSE
11,3,8,Shnickel,Cam Little,K,TRUE
11,3,8,Shnickel,RJ Harvey,RB,TRUE
11,3,8,Shnickel,Ashton Jeanty,RB,TRUE
11,3,8,Shnickel,David Njoku,TE,TRUE
11,3,8,Shnickel,Tee Higgins,WR,TRUE
11,3,8,Shnickel,Jameson Williams,WR,TRUE
11,3,8,Shnickel,Brock Purdy,QB,TRUE
11,3,8,Shnickel,Jaylen Warren,RB,TRUE
11,3,8,Shnickel,Atlanta Falcons,DEF,TRUE
11,3,8,Shnickel,Jayden Daniels,QB,FALSE
11,3,8,Shnickel,Brian Thomas,WR,FALSE
11,3,8,Shnickel,Evan Engram,TE,FALSE
11,3,8,Shnickel,Alec Pierce,WR,FALSE
11,3,8,Shnickel,Jordan Mason,RB,FALSE
11,3,8,Shnickel,Parker Washington,WR,FALSE
11,3,8,Shnickel,Tyjae Spears,RB,FALSE
11,4,9,HurricaneEich,Brandon Aubrey,K,TRUE
11,4,9,HurricaneEich,Davante Adams,WR,TRUE
11,4,9,HurricaneEich,Derrick Henry,RB,TRUE
11,4,9,HurricaneEich,Josh Jacobs,RB,TRUE
11,4,9,HurricaneEich,Deebo Samuel,WR,TRUE
11,4,9,HurricaneEich,Jalen Hurts,QB,TRUE
11,4,9,HurricaneEich,DeVonta Smith,WR,TRUE
11,4,9,HurricaneEich,Jake Ferguson,TE,TRUE
11,4,9,HurricaneEich,Detroit Lions,DEF,TRUE
11,4,9,HurricaneEich,Colston Loveland,TE,FALSE
11,4,9,HurricaneEich,Cairo Santos,K,FALSE
11,4,9,HurricaneEich,Miles Sanders,RB,FALSE
11,4,9,HurricaneEich,Jordan Love,QB,FALSE
11,4,9,HurricaneEich,Marvin Mims,WR,FALSE
11,4,9,HurricaneEich,Josh Downs,WR,FALSE
11,4,9,HurricaneEich,Tampa Bay Buccaneers,DEF,FALSE
11,2,10,arturowong,Brock Bowers,TE,TRUE
11,2,10,arturowong,Ladd McConkey,WR,TRUE
11,2,10,arturowong,Tetairoa McMillan,WR,TRUE
11,2,10,arturowong,Jason Myers,K,TRUE
11,2,10,arturowong,Saquon Barkley,RB,TRUE
11,2,10,arturowong,Josh Allen,QB,TRUE
11,2,10,arturowong,Jaxon Smith-Njigba,WR,TRUE
11,2,10,arturowong,Bijan Robinson,RB,TRUE
11,2,10,arturowong,Los Angeles Rams,DEF,TRUE
11,2,10,arturowong,Ricky Pearsall,WR,FALSE
11,2,10,arturowong,Jaxson Dart,QB,FALSE
11,2,10,arturowong,Aaron Jones,RB,FALSE
11,2,10,arturowong,DJ Moore,WR,FALSE
11,2,10,arturowong,Kyle Pitts,TE,FALSE
11,2,10,arturowong,Tyler Allgeier,RB,FALSE
11,2,10,arturowong,Tank Bigsby,RB,FALSE
11,5,11,ChexMixChester,Quinshon Judkins,RB,TRUE
11,5,11,ChexMixChester,TreVeyon Henderson,RB,TRUE
11,5,11,ChexMixChester,Travis Kelce,TE,TRUE
11,5,11,ChexMixChester,Jared Goff,QB,TRUE
11,5,11,ChexMixChester,Daniel Carlson,K,TRUE
11,5,11,ChexMixChester,Amon-Ra St. Brown,WR,TRUE
11,5,11,ChexMixChester,Drake London,WR,TRUE
11,5,11,ChexMixChester,James Cook,RB,TRUE
11,5,11,ChexMixChester,Houston Texans,DEF,TRUE
11,5,11,ChexMixChester,Keon Coleman,WR,FALSE
11,5,11,ChexMixChester,Tyrone Tracy,RB,FALSE
11,5,11,ChexMixChester,Stefon Diggs,WR,FALSE
11,5,11,ChexMixChester,Hunter Henry,TE,FALSE
11,5,11,ChexMixChester,Calvin Ridley,WR,FALSE
11,5,11,ChexMixChester,Rhamondre Stevenson,RB,FALSE
11,5,11,ChexMixChester,Khalil Shakir,WR,FALSE
11,6,12,Vishiga,Will Reichard,K,TRUE
11,6,12,Vishiga,Tez Johnson,WR,TRUE
11,6,12,Vishiga,Joe Flacco,QB,TRUE
11,6,12,Vishiga,D'Andre Swift,RB,TRUE
11,6,12,Vishiga,Justin Jefferson,WR,TRUE
11,6,12,Vishiga,Javonte Williams,RB,TRUE
11,6,12,Vishiga,Trey McBride,TE,TRUE
11,6,12,Vishiga,Kyren Williams,RB,TRUE
11,6,12,Vishiga,Minnesota Vikings,DEF,TRUE
11,6,12,Vishiga,Theo Johnson,TE,FALSE
11,6,12,Vishiga,Chimere Dike,WR,FALSE
11,6,12,Vishiga,Darren Waller,TE,FALSE
11,6,12,Vishiga,Cooper Kupp,WR,FALSE
11,6,12,Vishiga,Daniel Jones,QB,FALSE
11,6,12,Vishiga,Joe Burrow,QB,FALSE
11,6,12,Vishiga,Kenneth Gainwell,RB,FALSE
11,6,12,Vishiga,Cleveland Browns,DEF,FALSE
12,5,1,Calcarro,Jake Bates,K,TRUE
12,5,1,Calcarro,Rome Odunze,WR,TRUE
12,5,1,Calcarro,Jacoby Brissett,QB,TRUE
12,5,1,Calcarro,Devin Singletary,RB,TRUE
12,5,1,Calcarro,Jonathan Taylor,RB,TRUE
12,5,1,Calcarro,Cade Otton,TE,TRUE
12,5,1,Calcarro,Christian Watson,WR,TRUE
12,5,1,Calcarro,Jahmyr Gibbs,RB,TRUE
12,5,1,Calcarro,Pittsburgh Steelers,DEF,TRUE
12,5,1,Calcarro,Sam LaPorta,TE,FALSE
12,5,1,Calcarro,Marvin Harrison,WR,FALSE
12,5,1,Calcarro,Luther Burden,WR,FALSE
12,5,1,Calcarro,Jacory Croskey-Merritt,RB,FALSE
12,5,1,Calcarro,Terry McLaurin,WR,FALSE
12,5,1,Calcarro,Jerry Jeudy,WR,FALSE
12,5,1,Calcarro,Justin Herbert,QB,FALSE
12,5,1,Calcarro,Brian Robinson,RB,FALSE
12,3,2,garrettmowery,Michael Wilson,WR,TRUE
12,3,2,garrettmowery,Christian McCaffrey,RB,TRUE
12,3,2,garrettmowery,Patrick Mahomes,QB,TRUE
12,3,2,garrettmowery,George Kittle,TE,TRUE
12,3,2,garrettmowery,A.J. Brown,WR,TRUE
12,3,2,garrettmowery,Chase McLaughlin,K,TRUE
12,3,2,garrettmowery,Travis Etienne,RB,TRUE
12,3,2,garrettmowery,Chris Olave,WR,TRUE
12,3,2,garrettmowery,Kansas City Chiefs,DEF,TRUE
12,3,2,garrettmowery,Zach Ertz,TE,FALSE
12,3,2,garrettmowery,Chris Godwin,WR,FALSE
12,3,2,garrettmowery,Mack Hollins,WR,FALSE
12,3,2,garrettmowery,Michael Pittman,WR,FALSE
12,3,2,garrettmowery,Garrett Wilson,WR,FALSE
12,3,2,garrettmowery,Kenneth Walker,RB,FALSE
12,3,2,garrettmowery,Indianapolis Colts,DEF,FALSE
12,6,3,Ouriginal,Bhayshul Tuten,RB,TRUE
12,6,3,Ouriginal,David Njoku,TE,TRUE
12,6,3,Ouriginal,Jake Elliott,K,TRUE
12,6,3,Ouriginal,Matthew Stafford,QB,TRUE
12,6,3,Ouriginal,DK Metcalf,WR,TRUE
12,6,3,Ouriginal,Romeo Doubs,WR,TRUE
12,6,3,Ouriginal,Wan'Dale Robinson,WR,TRUE
12,6,3,Ouriginal,Rachaad White,RB,TRUE
12,6,3,Ouriginal,New England Patriots,DEF,TRUE
12,6,3,Ouriginal,Dalton Kincaid,TE,FALSE
12,6,3,Ouriginal,Bucky Irving,RB,FALSE
12,6,3,Ouriginal,Oronde Gadsden,TE,FALSE
12,6,3,Ouriginal,Matt Prater,K,FALSE
12,6,3,Ouriginal,Jaylen Waddle,WR,FALSE
12,6,3,Ouriginal,Isiah Pacheco,RB,FALSE
12,6,3,Ouriginal,Philadelphia Eagles,DEF,FALSE
12,4,4,pattycan,Rashee Rice,WR,TRUE
12,4,4,pattycan,Emeka Egbuka,WR,TRUE
12,4,4,pattycan,Lamar Jackson,QB,TRUE
12,4,4,pattycan,Dallas Goedert,TE,TRUE
12,4,4,pattycan,Matt Gay,K,TRUE
12,4,4,pattycan,CeeDee Lamb,WR,TRUE
12,4,4,pattycan,Zonovan Knight,RB,TRUE
12,4,4,pattycan,Breece Hall,RB,TRUE
12,4,4,pattycan,Green Bay Packers,DEF,TRUE
12,4,4,pattycan,Tre Tucker,WR,FALSE
12,4,4,pattycan,Drake Maye,QB,FALSE
12,4,4,pattycan,Joe Mixon,RB,FALSE
12,4,4,pattycan,Eddy Pineiro,K,FALSE
12,4,4,pattycan,Jauan Jennings,WR,FALSE
12,4,4,pattycan,Darnell Mooney,WR,FALSE
12,4,4,pattycan,De'Von Achane,RB,FALSE
12,2,5,declancarroll,Bo Nix,QB,TRUE
12,2,5,declancarroll,Mason Taylor,TE,TRUE
12,2,5,declancarroll,Harrison Butker,K,TRUE
12,2,5,declancarroll,Courtland Sutton,WR,TRUE
12,2,5,declancarroll,David Montgomery,RB,TRUE
12,2,5,declancarroll,Ja'Marr Chase,WR,TRUE
12,2,5,declancarroll,Chase Brown,RB,TRUE
12,2,5,declancarroll,Jordan Addison,WR,TRUE
12,2,5,declancarroll,Los Angeles Chargers,DEF,TRUE
12,2,5,declancarroll,Isaiah Davis,RB,FALSE
12,2,5,declancarroll,Trey Benson,RB,FALSE
12,2,5,declancarroll,Xavier Worthy,WR,FALSE
12,2,5,declancarroll,Kimani Vidal,RB,FALSE
12,2,5,declancarroll,Mike Evans,WR,FALSE
12,2,5,declancarroll,J.K. Dobbins,RB,FALSE
12,2,5,declancarroll,Juwan Johnson,TE,FALSE
12,2,5,declancarroll,Rashid Shaheed,WR,FALSE
12,6,6,kingcarrillo,Woody Marks,RB,TRUE
12,6,6,kingcarrillo,Tyler Loop,K,TRUE
12,6,6,kingcarrillo,Alvin Kamara,RB,TRUE
12,6,6,kingcarrillo,Baker Mayfield,QB,TRUE
12,6,6,kingcarrillo,Mark Andrews,TE,TRUE
12,6,6,kingcarrillo,Nico Collins,WR,TRUE
12,6,6,kingcarrillo,George Pickens,WR,TRUE
12,6,6,kingcarrillo,Puka Nacua,WR,TRUE
12,6,6,kingcarrillo,Seattle Seahawks,DEF,TRUE
12,6,6,kingcarrillo,Harold Fannin,TE,FALSE
12,6,6,kingcarrillo,Omarion Hampton,RB,FALSE
12,6,6,kingcarrillo,Kareem Hunt,RB,FALSE
12,6,6,kingcarrillo,Nick Chubb,RB,FALSE
12,6,6,kingcarrillo,Jakobi Meyers,WR,FALSE
12,6,6,kingcarrillo,Brenton Strange,TE,FALSE
12,6,6,kingcarrillo,Quentin Johnston,WR,FALSE
12,1,7,NotKool,Tyler Warren,TE,TRUE
12,1,7,NotKool,Kyle Monangai,RB,TRUE
12,1,7,NotKool,Chris Boswell,K,TRUE
12,1,7,NotKool,Dak Prescott,QB,TRUE
12,1,7,NotKool,Rico Dowdle,RB,TRUE
12,1,7,NotKool,Kayshon Boutte,WR,TRUE
12,1,7,NotKool,Zach Charbonnet,RB,TRUE
12,1,7,NotKool,Zay Flowers,WR,TRUE
12,1,7,NotKool,Chicago Bears,DEF,TRUE
12,1,7,NotKool,Jayden Reed,WR,FALSE
12,1,7,NotKool,Troy Franklin,WR,FALSE
12,1,7,NotKool,Keenan Allen,WR,FALSE
12,1,7,NotKool,Dalton Schultz,TE,FALSE
12,1,7,NotKool,Tony Pollard,RB,FALSE
12,1,7,NotKool,Chuba Hubbard,RB,FALSE
12,1,7,NotKool,Jordan Mason,RB,FALSE
12,1,7,NotKool,Denver Broncos,DEF,FALSE
12,3,8,Shnickel,Emanuel Wilson,RB,TRUE
12,3,8,Shnickel,AJ Barner,TE,TRUE
12,3,8,Shnickel,Cam Little,K,TRUE
12,3,8,Shnickel,Ashton Jeanty,RB,TRUE
12,3,8,Shnickel,Tee Higgins,WR,TRUE
12,3,8,Shnickel,Jameson Williams,WR,TRUE
12,3,8,Shnickel,Brock Purdy,QB,TRUE
12,3,8,Shnickel,Sean Tucker,RB,TRUE
12,3,8,Shnickel,Atlanta Falcons,DEF,TRUE
12,3,8,Shnickel,Jayden Daniels,QB,FALSE
12,3,8,Shnickel,Brian Thomas,WR,FALSE
12,3,8,Shnickel,RJ Harvey,RB,FALSE
12,3,8,Shnickel,Evan Engram,TE,FALSE
12,3,8,Shnickel,Alec Pierce,WR,FALSE
12,3,8,Shnickel,Jaylen Warren,RB,FALSE
12,3,8,Shnickel,Parker Washington,WR,FALSE
12,3,8,Shnickel,Tyjae Spears,RB,FALSE
12,2,9,HurricaneEich,Brandon Aubrey,K,TRUE
12,2,9,HurricaneEich,Davante Adams,WR,TRUE
12,2,9,HurricaneEich,Derrick Henry,RB,TRUE
12,2,9,HurricaneEich,Jalen Hurts,QB,TRUE
12,2,9,HurricaneEich,DeVonta Smith,WR,TRUE
12,2,9,HurricaneEich,Michael Carter,RB,TRUE
12,2,9,HurricaneEich,Jake Ferguson,TE,TRUE
12,2,9,HurricaneEich,Josh Downs,WR,TRUE
12,2,9,HurricaneEich,Detroit Lions,DEF,TRUE
12,2,9,HurricaneEich,Colston Loveland,TE,FALSE
12,2,9,HurricaneEich,Josh Jacobs,RB,FALSE
12,2,9,HurricaneEich,Deebo Samuel,WR,FALSE
12,2,9,HurricaneEich,Miles Sanders,RB,FALSE
12,2,9,HurricaneEich,Jordan Love,QB,FALSE
12,2,9,HurricaneEich,Marvin Mims,WR,FALSE
12,2,9,HurricaneEich,Tampa Bay Buccaneers,DEF,FALSE
12,1,10,arturowong,Brock Bowers,TE,TRUE
12,1,10,arturowong,Tetairoa McMillan,WR,TRUE
12,1,10,arturowong,Jason Myers,K,TRUE
12,1,10,arturowong,Aaron Jones,RB,TRUE
12,1,10,arturowong,Saquon Barkley,RB,TRUE
12,1,10,arturowong,Josh Allen,QB,TRUE
12,1,10,arturowong,Jaxon Smith-Njigba,WR,TRUE
12,1,10,arturowong,Bijan Robinson,RB,TRUE
12,1,10,arturowong,Las Vegas Raiders,DEF,TRUE
12,1,10,arturowong,Ladd McConkey,WR,FALSE
12,1,10,arturowong,Ricky Pearsall,WR,FALSE
12,1,10,arturowong,Jaxson Dart,QB,FALSE
12,1,10,arturowong,DJ Moore,WR,FALSE
12,1,10,arturowong,Kyle Pitts,TE,FALSE
12,1,10,arturowong,Tyler Allgeier,RB,FALSE
12,1,10,arturowong,Los Angeles Rams,DEF,FALSE
12,4,11,ChexMixChester,Quinshon Judkins,RB,TRUE
12,4,11,ChexMixChester,TreVeyon Henderson,RB,TRUE
12,4,11,ChexMixChester,Travis Kelce,TE,TRUE
12,4,11,ChexMixChester,Jared Goff,QB,TRUE
12,4,11,ChexMixChester,Daniel Carlson,K,TRUE
12,4,11,ChexMixChester,Greg Dortch,WR,TRUE
12,4,11,ChexMixChester,Amon-Ra St. Brown,WR,TRUE
12,4,11,ChexMixChester,James Cook,RB,TRUE
12,4,11,ChexMixChester,Houston Texans,DEF,TRUE
12,4,11,ChexMixChester,Keon Coleman,WR,FALSE
12,4,11,ChexMixChester,Tyrone Tracy,RB,FALSE
12,4,11,ChexMixChester,Stefon Diggs,WR,FALSE
12,4,11,ChexMixChester,Hunter Henry,TE,FALSE
12,4,11,ChexMixChester,Calvin Ridley,WR,FALSE
12,4,11,ChexMixChester,Rhamondre Stevenson,RB,FALSE
12,4,11,ChexMixChester,Drake London,WR,FALSE
12,4,11,ChexMixChester,Khalil Shakir,WR,FALSE
12,5,12,Vishiga,Will Reichard,K,TRUE
12,5,12,Vishiga,Tez Johnson,WR,TRUE
12,5,12,Vishiga,Daniel Jones,QB,TRUE
12,5,12,Vishiga,D'Andre Swift,RB,TRUE
12,5,12,Vishiga,Justin Jefferson,WR,TRUE
12,5,12,Vishiga,Javonte Williams,RB,TRUE
12,5,12,Vishiga,Trey McBride,TE,TRUE
12,5,12,Vishiga,Kyren Williams,RB,TRUE
12,5,12,Vishiga,Cleveland Browns,DEF,TRUE
12,5,12,Vishiga,Theo Johnson,TE,FALSE
12,5,12,Vishiga,Chimere Dike,WR,FALSE
12,5,12,Vishiga,Joe Flacco,QB,FALSE
12,5,12,Vishiga,Darren Waller,TE,FALSE
12,5,12,Vishiga,Cooper Kupp,WR,FALSE
12,5,12,Vishiga,Joe Burrow,QB,FALSE
12,5,12,Vishiga,Kenneth Gainwell,RB,FALSE
12,5,12,Vishiga,Minnesota Vikings,DEF,FALSE
13,6,1,Calcarro,Jake Bates,K,TRUE
13,6,1,Calcarro,Rome Odunze,WR,TRUE
13,6,1,Calcarro,Marvin Harrison,WR,TRUE
13,6,1,Calcarro,Terry McLaurin,WR,TRUE
13,6,1,Calcarro,Justin Herbert,QB,TRUE
13,6,1,Calcarro,Jonathan Taylor,RB,TRUE
13,6,1,Calcarro,Cade Otton,TE,TRUE
13,6,1,Calcarro,Jahmyr Gibbs,RB,TRUE
13,6,1,Calcarro,Pittsburgh Steelers,DEF,TRUE
13,6,1,Calcarro,Sam LaPorta,TE,FALSE
13,6,1,Calcarro,Luther Burden,WR,FALSE
13,6,1,Calcarro,Jacory Croskey-Merritt,RB,FALSE
13,6,1,Calcarro,Jacoby Brissett,QB,FALSE
13,6,1,Calcarro,Devin Singletary,RB,FALSE
13,6,1,Calcarro,Brian Robinson,RB,FALSE
13,6,1,Calcarro,Christian Watson,WR,FALSE
13,3,2,garrettmowery,Michael Wilson,WR,TRUE
13,3,2,garrettmowery,Christian McCaffrey,RB,TRUE
13,3,2,garrettmowery,Patrick Mahomes,QB,TRUE
13,3,2,garrettmowery,George Kittle,TE,TRUE
13,3,2,garrettmowery,A.J. Brown,WR,TRUE
13,3,2,garrettmowery,Chase McLaughlin,K,TRUE
13,3,2,garrettmowery,Travis Etienne,RB,TRUE
13,3,2,garrettmowery,Chris Olave,WR,TRUE
13,3,2,garrettmowery,Indianapolis Colts,DEF,TRUE
13,3,2,garrettmowery,Zach Ertz,TE,FALSE
13,3,2,garrettmowery,Chris Godwin,WR,FALSE
13,3,2,garrettmowery,Mack Hollins,WR,FALSE
13,3,2,garrettmowery,Michael Pittman,WR,FALSE
13,3,2,garrettmowery,Garrett Wilson,WR,FALSE
13,3,2,garrettmowery,Kenneth Walker,RB,FALSE
13,3,2,garrettmowery,Kansas City Chiefs,DEF,FALSE
13,5,3,Ouriginal,Bucky Irving,RB,TRUE
13,5,3,Ouriginal,Oronde Gadsden,TE,TRUE
13,5,3,Ouriginal,Jake Elliott,K,TRUE
13,5,3,Ouriginal,Matthew Stafford,QB,TRUE
13,5,3,Ouriginal,Jaylen Waddle,WR,TRUE
13,5,3,Ouriginal,Romeo Doubs,WR,TRUE
13,5,3,Ouriginal,Wan'Dale Robinson,WR,TRUE
13,5,3,Ouriginal,Isiah Pacheco,RB,TRUE
13,5,3,Ouriginal,New England Patriots,DEF,TRUE
13,5,3,Ouriginal,Dalton Kincaid,TE,FALSE
13,5,3,Ouriginal,Bhayshul Tuten,RB,FALSE
13,5,3,Ouriginal,David Njoku,TE,FALSE
13,5,3,Ouriginal,DK Metcalf,WR,FALSE
13,5,3,Ouriginal,Rachaad White,RB,FALSE
13,5,3,Ouriginal,Philadelphia Eagles,DEF,FALSE
13,4,4,pattycan,Rashee Rice,WR,TRUE
13,4,4,pattycan,Emeka Egbuka,WR,TRUE
13,4,4,pattycan,Lamar Jackson,QB,TRUE
13,4,4,pattycan,Dallas Goedert,TE,TRUE
13,4,4,pattycan,Matt Gay,K,TRUE
13,4,4,pattycan,CeeDee Lamb,WR,TRUE
13,4,4,pattycan,Breece Hall,RB,TRUE
13,4,4,pattycan,De'Von Achane,RB,TRUE
13,4,4,pattycan,Green Bay Packers,DEF,TRUE
13,4,4,pattycan,Tre Tucker,WR,FALSE
13,4,4,pattycan,Drake Maye,QB,FALSE
13,4,4,pattycan,Joe Mixon,RB,FALSE
13,4,4,pattycan,Eddy Pineiro,K,FALSE
13,4,4,pattycan,Jauan Jennings,WR,FALSE
13,4,4,pattycan,Darnell Mooney,WR,FALSE
13,4,4,pattycan,Zonovan Knight,RB,FALSE
13,1,5,declancarroll,Bo Nix,QB,TRUE
13,1,5,declancarroll,Xavier Worthy,WR,TRUE
13,1,5,declancarroll,Harrison Butker,K,TRUE
13,1,5,declancarroll,Courtland Sutton,WR,TRUE
13,1,5,declancarroll,David Montgomery,RB,TRUE
13,1,5,declancarroll,Juwan Johnson,TE,TRUE
13,1,5,declancarroll,Ja'Marr Chase,WR,TRUE
13,1,5,declancarroll,Chase Brown,RB,TRUE
13,1,5,declancarroll,Los Angeles Chargers,DEF,TRUE
13,1,5,declancarroll,Isaiah Davis,RB,FALSE
13,1,5,declancarroll,Trey Benson,RB,FALSE
13,1,5,declancarroll,Kimani Vidal,RB,FALSE
13,1,5,declancarroll,Mason Taylor,TE,FALSE
13,1,5,declancarroll,Mike Evans,WR,FALSE
13,1,5,declancarroll,J.K. Dobbins,RB,FALSE
13,1,5,declancarroll,Rashid Shaheed,WR,FALSE
13,1,5,declancarroll,Jordan Addison,WR,FALSE
13,6,6,kingcarrillo,Woody Marks,RB,TRUE
13,6,6,kingcarrillo,Tyler Loop,K,TRUE
13,6,6,kingcarrillo,Kareem Hunt,RB,TRUE
13,6,6,kingcarrillo,Mark Andrews,TE,TRUE
13,6,6,kingcarrillo,Trevor Lawrence,QB,TRUE
13,6,6,kingcarrillo,Nico Collins,WR,TRUE
13,6,6,kingcarrillo,George Pickens,WR,TRUE
13,6,6,kingcarrillo,Puka Nacua,WR,TRUE
13,6,6,kingcarrillo,Seattle Seahawks,DEF,TRUE
13,6,6,kingcarrillo,Harold Fannin,TE,FALSE
13,6,6,kingcarrillo,Omarion Hampton,RB,FALSE
13,6,6,kingcarrillo,Alvin Kamara,RB,FALSE
13,6,6,kingcarrillo,Baker Mayfield,QB,FALSE
13,6,6,kingcarrillo,Nick Chubb,RB,FALSE
13,6,6,kingcarrillo,Jakobi Meyers,WR,FALSE
13,6,6,kingcarrillo,Quentin Johnston,WR,FALSE
13,1,7,NotKool,Troy Franklin,WR,TRUE
13,1,7,NotKool,Devin Neal,RB,TRUE
13,1,7,NotKool,Tyler Warren,TE,TRUE
13,1,7,NotKool,Keenan Allen,WR,TRUE
13,1,7,NotKool,Chris Boswell,K,TRUE
13,1,7,NotKool,Dak Prescott,QB,TRUE
13,1,7,NotKool,Rico Dowdle,RB,TRUE
13,1,7,NotKool,Zay Flowers,WR,TRUE
13,1,7,NotKool,Denver Broncos,DEF,TRUE
13,1,7,NotKool,Jayden Reed,WR,FALSE
13,1,7,NotKool,Kyle Monangai,RB,FALSE
13,1,7,NotKool,Tony Pollard,RB,FALSE
13,1,7,NotKool,Jordan Mason,RB,FALSE
13,1,7,NotKool,Kayshon Boutte,WR,FALSE
13,1,7,NotKool,Zach Charbonnet,RB,FALSE
13,1,7,NotKool,Chicago Bears,DEF,FALSE
13,4,8,Shnickel,Emanuel Wilson,RB,TRUE
13,4,8,Shnickel,AJ Barner,TE,TRUE
13,4,8,Shnickel,Brian Thomas,WR,TRUE
13,4,8,Shnickel,Cam Little,K,TRUE
13,4,8,Shnickel,RJ Harvey,RB,TRUE
13,4,8,Shnickel,Ashton Jeanty,RB,TRUE
13,4,8,Shnickel,Jameson Williams,WR,TRUE
13,4,8,Shnickel,Brock Purdy,QB,TRUE
13,4,8,Shnickel,Atlanta Falcons,DEF,TRUE
13,4,8,Shnickel,Jayden Daniels,QB,FALSE
13,4,8,Shnickel,Evan Engram,TE,FALSE
13,4,8,Shnickel,Tee Higgins,WR,FALSE
13,4,8,Shnickel,Alec Pierce,WR,FALSE
13,4,8,Shnickel,Jaylen Warren,RB,FALSE
13,4,8,Shnickel,Sean Tucker,RB,FALSE
13,2,9,HurricaneEich,Brandon Aubrey,K,TRUE
13,2,9,HurricaneEich,Davante Adams,WR,TRUE
13,2,9,HurricaneEich,Derrick Henry,RB,TRUE
13,2,9,HurricaneEich,Josh Jacobs,RB,TRUE
13,2,9,HurricaneEich,Deebo Samuel,WR,TRUE
13,2,9,HurricaneEich,Jalen Hurts,QB,TRUE
13,2,9,HurricaneEich,DeVonta Smith,WR,TRUE
13,2,9,HurricaneEich,Jake Ferguson,TE,TRUE
13,2,9,HurricaneEich,Tampa Bay Buccaneers,DEF,TRUE
13,2,9,HurricaneEich,Colston Loveland,TE,FALSE
13,2,9,HurricaneEich,Miles Sanders,RB,FALSE
13,2,9,HurricaneEich,Jordan Love,QB,FALSE
13,2,9,HurricaneEich,Michael Carter,RB,FALSE
13,2,9,HurricaneEich,Marvin Mims,WR,FALSE
13,2,9,HurricaneEich,Josh Downs,WR,FALSE
13,2,9,HurricaneEich,Detroit Lions,DEF,FALSE
13,2,10,arturowong,Brock Bowers,TE,TRUE
13,2,10,arturowong,Ladd McConkey,WR,TRUE
13,2,10,arturowong,Tetairoa McMillan,WR,TRUE
13,2,10,arturowong,Jason Myers,K,TRUE
13,2,10,arturowong,Saquon Barkley,RB,TRUE
13,2,10,arturowong,Josh Allen,QB,TRUE
13,2,10,arturowong,Jaxon Smith-Njigba,WR,TRUE
13,2,10,arturowong,Bijan Robinson,RB,TRUE
13,2,10,arturowong,Los Angeles Rams,DEF,TRUE
13,2,10,arturowong,Ricky Pearsall,WR,FALSE
13,2,10,arturowong,Jaxson Dart,QB,FALSE
13,2,10,arturowong,Aaron Jones,RB,FALSE
13,2,10,arturowong,DJ Moore,WR,FALSE
13,2,10,arturowong,Kyle Pitts,TE,FALSE
13,2,10,arturowong,Tyler Allgeier,RB,FALSE
13,3,11,ChexMixChester,TreVeyon Henderson,RB,TRUE
13,3,11,ChexMixChester,Travis Kelce,TE,TRUE
13,3,11,ChexMixChester,Stefon Diggs,WR,TRUE
13,3,11,ChexMixChester,Jared Goff,QB,TRUE
13,3,11,ChexMixChester,Amon-Ra St. Brown,WR,TRUE
13,3,11,ChexMixChester,Khalil Shakir,WR,TRUE
13,3,11,ChexMixChester,James Cook,RB,TRUE
13,3,11,ChexMixChester,Cameron Dicker,K,TRUE
13,3,11,ChexMixChester,Houston Texans,DEF,TRUE
13,3,11,ChexMixChester,Keon Coleman,WR,FALSE
13,3,11,ChexMixChester,Tyrone Tracy,RB,FALSE
13,3,11,ChexMixChester,Quinshon Judkins,RB,FALSE
13,3,11,ChexMixChester,Hunter Henry,TE,FALSE
13,3,11,ChexMixChester,Calvin Ridley,WR,FALSE
13,3,11,ChexMixChester,Greg Dortch,WR,FALSE
13,3,11,ChexMixChester,Rhamondre Stevenson,RB,FALSE
13,3,11,ChexMixChester,Drake London,WR,FALSE
13,5,12,Vishiga,Will Reichard,K,TRUE
13,5,12,Vishiga,Chimere Dike,WR,TRUE
13,5,12,Vishiga,Joe Burrow,QB,TRUE
13,5,12,Vishiga,Justin Jefferson,WR,TRUE
13,5,12,Vishiga,Kenneth Gainwell,RB,TRUE
13,5,12,Vishiga,Javonte Williams,RB,TRUE
13,5,12,Vishiga,Trey McBride,TE,TRUE
13,5,12,Vishiga,Kyren Williams,RB,TRUE
13,5,12,Vishiga,Cleveland Browns,DEF,TRUE
13,5,12,Vishiga,Theo Johnson,TE,FALSE
13,5,12,Vishiga,Jayden Higgins,WR,FALSE
13,5,12,Vishiga,Tez Johnson,WR,FALSE
13,5,12,Vishiga,Daniel Jones,QB,FALSE
13,5,12,Vishiga,D'Andre Swift,RB,FALSE
13,5,12,Vishiga,John Metchie,WR,FALSE
14,6,1,Calcarro,Jake Bates,K,TRUE
14,6,1,Calcarro,Luther Burden,WR,TRUE
14,6,1,Calcarro,Terry McLaurin,WR,TRUE
14,6,1,Calcarro,Justin Herbert,QB,TRUE
14,6,1,Calcarro,Jonathan Taylor,RB,TRUE
14,6,1,Calcarro,Cade Otton,TE,TRUE
14,6,1,Calcarro,Christian Watson,WR,TRUE
14,6,1,Calcarro,Jahmyr Gibbs,RB,TRUE
14,6,1,Calcarro,Pittsburgh Steelers,DEF,TRUE
14,6,1,Calcarro,Sam LaPorta,TE,FALSE
14,6,1,Calcarro,Rome Odunze,WR,FALSE
14,6,1,Calcarro,Marvin Harrison,WR,FALSE
14,6,1,Calcarro,Jacory Croskey-Merritt,RB,FALSE
14,6,1,Calcarro,Jacoby Brissett,QB,FALSE
14,6,1,Calcarro,Devin Singletary,RB,FALSE
14,6,1,Calcarro,Brian Robinson,RB,FALSE
14,3,2,garrettmowery,Michael Wilson,WR,TRUE
14,3,2,garrettmowery,Zach Ertz,TE,TRUE
14,3,2,garrettmowery,Patrick Mahomes,QB,TRUE
14,3,2,garrettmowery,A.J. Brown,WR,TRUE
14,3,2,garrettmowery,Chase McLaughlin,K,TRUE
14,3,2,garrettmowery,Travis Etienne,RB,TRUE
14,3,2,garrettmowery,Chris Olave,WR,TRUE
14,3,2,garrettmowery,Kenneth Walker,RB,TRUE
14,3,2,garrettmowery,Indianapolis Colts,DEF,TRUE
14,3,2,garrettmowery,Christian McCaffrey,RB,FALSE
14,3,2,garrettmowery,Chris Godwin,WR,FALSE
14,3,2,garrettmowery,Mack Hollins,WR,FALSE
14,3,2,garrettmowery,George Kittle,TE,FALSE
14,3,2,garrettmowery,Michael Pittman,WR,FALSE
14,3,2,garrettmowery,Garrett Wilson,WR,FALSE
14,3,2,garrettmowery,Kansas City Chiefs,DEF,FALSE
14,6,3,Ouriginal,Bucky Irving,RB,TRUE
14,6,3,Ouriginal,Bhayshul Tuten,RB,TRUE
14,6,3,Ouriginal,Oronde Gadsden,TE,TRUE
14,6,3,Ouriginal,Jake Elliott,K,TRUE
14,6,3,Ouriginal,Matthew Stafford,QB,TRUE
14,6,3,Ouriginal,DK Metcalf,WR,TRUE
14,6,3,Ouriginal,Jaylen Waddle,WR,TRUE
14,6,3,Ouriginal,Romeo Doubs,WR,TRUE
14,6,3,Ouriginal,Philadelphia Eagles,DEF,TRUE
14,6,3,Ouriginal,Dalton Kincaid,TE,FALSE
14,6,3,Ouriginal,David Njoku,TE,FALSE
14,6,3,Ouriginal,Wan'Dale Robinson,WR,FALSE
14,6,3,Ouriginal,Rachaad White,RB,FALSE
14,6,3,Ouriginal,Isiah Pacheco,RB,FALSE
14,6,3,Ouriginal,New England Patriots,DEF,FALSE
14,3,4,pattycan,Rashee Rice,WR,TRUE
14,3,4,pattycan,Emeka Egbuka,WR,TRUE
14,3,4,pattycan,Wil Lutz,K,TRUE
14,3,4,pattycan,Lamar Jackson,QB,TRUE
14,3,4,pattycan,Dallas Goedert,TE,TRUE
14,3,4,pattycan,CeeDee Lamb,WR,TRUE
14,3,4,pattycan,Breece Hall,RB,TRUE
14,3,4,pattycan,De'Von Achane,RB,TRUE
14,3,4,pattycan,Green Bay Packers,DEF,TRUE
14,3,4,pattycan,Tre Tucker,WR,FALSE
14,3,4,pattycan,Drake Maye,QB,FALSE
14,3,4,pattycan,Joe Mixon,RB,FALSE
14,3,4,pattycan,Matt Gay,K,FALSE
14,3,4,pattycan,Jauan Jennings,WR,FALSE
14,3,4,pattycan,Darnell Mooney,WR,FALSE
14,3,4,pattycan,Zonovan Knight,RB,FALSE
14,2,5,declancarroll,Bo Nix,QB,TRUE
14,2,5,declancarroll,Xavier Worthy,WR,TRUE
14,2,5,declancarroll,Harrison Butker,K,TRUE
14,2,5,declancarroll,Courtland Sutton,WR,TRUE
14,2,5,declancarroll,David Montgomery,RB,TRUE
14,2,5,declancarroll,Juwan Johnson,TE,TRUE
14,2,5,declancarroll,Ja'Marr Chase,WR,TRUE
14,2,5,declancarroll,Chase Brown,RB,TRUE
14,2,5,declancarroll,Los Angeles Chargers,DEF,TRUE
14,2,5,declancarroll,Isaiah Davis,RB,FALSE
14,2,5,declancarroll,Trey Benson,RB,FALSE
14,2,5,declancarroll,Kimani Vidal,RB,FALSE
14,2,5,declancarroll,Mason Taylor,TE,FALSE
14,2,5,declancarroll,Mike Evans,WR,FALSE
14,2,5,declancarroll,J.K. Dobbins,RB,FALSE
14,2,5,declancarroll,Rashid Shaheed,WR,FALSE
14,2,5,declancarroll,Jordan Addison,WR,FALSE
14,5,6,kingcarrillo,Woody Marks,RB,TRUE
14,5,6,kingcarrillo,Omarion Hampton,RB,TRUE
14,5,6,kingcarrillo,Tyler Loop,K,TRUE
14,5,6,kingcarrillo,Baker Mayfield,QB,TRUE
14,5,6,kingcarrillo,Mark Andrews,TE,TRUE
14,5,6,kingcarrillo,Nico Collins,WR,TRUE
14,5,6,kingcarrillo,George Pickens,WR,TRUE
14,5,6,kingcarrillo,Puka Nacua,WR,TRUE
14,5,6,kingcarrillo,Seattle Seahawks,DEF,TRUE
14,5,6,kingcarrillo,Harold Fannin,TE,FALSE
14,5,6,kingcarrillo,Alvin Kamara,RB,FALSE
14,5,6,kingcarrillo,Kareem Hunt,RB,FALSE
14,5,6,kingcarrillo,Jakobi Meyers,WR,FALSE
14,5,6,kingcarrillo,Trevor Lawrence,QB,FALSE
14,5,6,kingcarrillo,Quentin Johnston,WR,FALSE
14,1,7,NotKool,Troy Franklin,WR,TRUE
14,1,7,NotKool,Devin Neal,RB,TRUE
14,1,7,NotKool,Tyler Warren,TE,TRUE
14,1,7,NotKool,Kyle Monangai,RB,TRUE
14,1,7,NotKool,Keenan Allen,WR,TRUE
14,1,7,NotKool,Chris Boswell,K,TRUE
14,1,7,NotKool,Dak Prescott,QB,TRUE
14,1,7,NotKool,Zay Flowers,WR,TRUE
14,1,7,NotKool,Denver Broncos,DEF,TRUE
14,1,7,NotKool,Jayden Reed,WR,FALSE
14,1,7,NotKool,Tony Pollard,RB,FALSE
14,1,7,NotKool,Rico Dowdle,RB,FALSE
14,1,7,NotKool,Jordan Mason,RB,FALSE
14,1,7,NotKool,Kayshon Boutte,WR,FALSE
14,1,7,NotKool,Zach Charbonnet,RB,FALSE
14,1,7,NotKool,Chicago Bears,DEF,FALSE
14,4,8,Shnickel,Caleb Williams,QB,TRUE
14,4,8,Shnickel,AJ Barner,TE,TRUE
14,4,8,Shnickel,Cam Little,K,TRUE
14,4,8,Shnickel,RJ Harvey,RB,TRUE
14,4,8,Shnickel,Ashton Jeanty,RB,TRUE
14,4,8,Shnickel,Tee Higgins,WR,TRUE
14,4,8,Shnickel,Jameson Williams,WR,TRUE
14,4,8,Shnickel,Jaylen Warren,RB,TRUE
14,4,8,Shnickel,Washington Commanders,DEF,TRUE
14,4,8,Shnickel,Emanuel Wilson,RB,FALSE
14,4,8,Shnickel,Jayden Daniels,QB,FALSE
14,4,8,Shnickel,Brian Thomas,WR,FALSE
14,4,8,Shnickel,Evan Engram,TE,FALSE
14,4,8,Shnickel,Alec Pierce,WR,FALSE
14,4,8,Shnickel,Sean Tucker,RB,FALSE
14,1,9,HurricaneEich,Brandon Aubrey,K,TRUE
14,1,9,HurricaneEich,Davante Adams,WR,TRUE
14,1,9,HurricaneEich,Derrick Henry,RB,TRUE
14,1,9,HurricaneEich,Josh Jacobs,RB,TRUE
14,1,9,HurricaneEich,Deebo Samuel,WR,TRUE
14,1,9,HurricaneEich,Jalen Hurts,QB,TRUE
14,1,9,HurricaneEich,DeVonta Smith,WR,TRUE
14,1,9,HurricaneEich,Jake Ferguson,TE,TRUE
14,1,9,HurricaneEich,Tampa Bay Buccaneers,DEF,TRUE
14,1,9,HurricaneEich,Colston Loveland,TE,FALSE
14,1,9,HurricaneEich,Miles Sanders,RB,FALSE
14,1,9,HurricaneEich,Jordan Love,QB,FALSE
14,1,9,HurricaneEich,Michael Carter,RB,FALSE
14,1,9,HurricaneEich,Marvin Mims,WR,FALSE
14,1,9,HurricaneEich,Josh Downs,WR,FALSE
14,1,9,HurricaneEich,Detroit Lions,DEF,FALSE
14,2,10,arturowong,Brock Bowers,TE,TRUE
14,2,10,arturowong,Ladd McConkey,WR,TRUE
14,2,10,arturowong,Jason Myers,K,TRUE
14,2,10,arturowong,Saquon Barkley,RB,TRUE
14,2,10,arturowong,Josh Allen,QB,TRUE
14,2,10,arturowong,Kyle Pitts,TE,TRUE
14,2,10,arturowong,Jaxon Smith-Njigba,WR,TRUE
14,2,10,arturowong,Bijan Robinson,RB,TRUE
14,2,10,arturowong,Los Angeles Rams,DEF,TRUE
14,2,10,arturowong,Adonai Mitchell,WR,FALSE
14,2,10,arturowong,Ricky Pearsall,WR,FALSE
14,2,10,arturowong,Tetairoa McMillan,WR,FALSE
14,2,10,arturowong,Aaron Jones,RB,FALSE
14,2,10,arturowong,DJ Moore,WR,FALSE
14,2,10,arturowong,Tyler Allgeier,RB,FALSE
14,4,11,ChexMixChester,Quinshon Judkins,RB,TRUE
14,4,11,ChexMixChester,Travis Kelce,TE,TRUE
14,4,11,ChexMixChester,Jared Goff,QB,TRUE
14,4,11,ChexMixChester,Amon-Ra St. Brown,WR,TRUE
14,4,11,ChexMixChester,Drake London,WR,TRUE
14,4,11,ChexMixChester,Khalil Shakir,WR,TRUE
14,4,11,ChexMixChester,James Cook,RB,TRUE
14,4,11,ChexMixChester,Cameron Dicker,K,TRUE
14,4,11,ChexMixChester,Houston Texans,DEF,TRUE
14,4,11,ChexMixChester,Keon Coleman,WR,FALSE
14,4,11,ChexMixChester,Tyrone Tracy,RB,FALSE
14,4,11,ChexMixChester,TreVeyon Henderson,RB,FALSE
14,4,11,ChexMixChester,Stefon Diggs,WR,FALSE
14,4,11,ChexMixChester,Hunter Henry,TE,FALSE
14,4,11,ChexMixChester,Rhamondre Stevenson,RB,FALSE
14,5,12,Vishiga,Will Reichard,K,TRUE
14,5,12,Vishiga,Jayden Higgins,WR,TRUE
14,5,12,Vishiga,Joe Burrow,QB,TRUE
14,5,12,Vishiga,D'Andre Swift,RB,TRUE
14,5,12,Vishiga,Justin Jefferson,WR,TRUE
14,5,12,Vishiga,Javonte Williams,RB,TRUE
14,5,12,Vishiga,Trey McBride,TE,TRUE
14,5,12,Vishiga,Kyren Williams,RB,TRUE
14,5,12,Vishiga,Cleveland Browns,DEF,TRUE
14,5,12,Vishiga,Theo Johnson,TE,FALSE
14,5,12,Vishiga,Tez Johnson,WR,FALSE
14,5,12,Vishiga,Chimere Dike,WR,FALSE
14,5,12,Vishiga,Daniel Jones,QB,FALSE
14,5,12,Vishiga,Kenneth Gainwell,RB,FALSE
14,5,12,Vishiga,John Metchie,WR,FALSE
15,2,1,Calcarro,Jake Bates,K,TRUE
15,2,1,Calcarro,Rome Odunze,WR,TRUE
15,2,1,Calcarro,Dalton Schultz,TE,TRUE
15,2,1,Calcarro,Terry McLaurin,WR,TRUE
15,2,1,Calcarro,Justin Herbert,QB,TRUE
15,2,1,Calcarro,Jonathan Taylor,RB,TRUE
15,2,1,Calcarro,Christian Watson,WR,TRUE
15,2,1,Calcarro,Jahmyr Gibbs,RB,TRUE
15,2,1,Calcarro,Pittsburgh Steelers,DEF,TRUE
15,2,1,Calcarro,Sam LaPorta,TE,FALSE
15,2,1,Calcarro,Marvin Harrison,WR,FALSE
15,2,1,Calcarro,Luther Burden,WR,FALSE
15,2,1,Calcarro,Jacory Croskey-Merritt,RB,FALSE
15,2,1,Calcarro,Jacoby Brissett,QB,FALSE
15,2,1,Calcarro,Devin Singletary,RB,FALSE
15,2,1,Calcarro,Brian Robinson,RB,FALSE
15,,2,garrettmowery,Michael Wilson,WR,TRUE
15,,2,garrettmowery,Patrick Mahomes,QB,TRUE
15,,2,garrettmowery,George Kittle,TE,TRUE
15,,2,garrettmowery,A.J. Brown,WR,TRUE
15,,2,garrettmowery,Chase McLaughlin,K,TRUE
15,,2,garrettmowery,Travis Etienne,RB,TRUE
15,,2,garrettmowery,Chris Olave,WR,TRUE
15,,2,garrettmowery,Kenneth Walker,RB,TRUE
15,,2,garrettmowery,Indianapolis Colts,DEF,TRUE
15,,2,garrettmowery,Christian McCaffrey,RB,FALSE
15,,2,garrettmowery,Chris Godwin,WR,FALSE
15,,2,garrettmowery,Mack Hollins,WR,FALSE
15,,2,garrettmowery,Michael Pittman,WR,FALSE
15,,2,garrettmowery,Garrett Wilson,WR,FALSE
15,,2,garrettmowery,Brock Purdy,QB,FALSE
15,,2,garrettmowery,Kansas City Chiefs,DEF,FALSE
15,,3,Ouriginal,Dalton Kincaid,TE,TRUE
15,,3,Ouriginal,Bucky Irving,RB,TRUE
15,,3,Ouriginal,Blake Corum,RB,TRUE
15,,3,Ouriginal,Matthew Stafford,QB,TRUE
15,,3,Ouriginal,DK Metcalf,WR,TRUE
15,,3,Ouriginal,Jaylen Waddle,WR,TRUE
15,,3,Ouriginal,Evan McPherson,K,TRUE
15,,3,Ouriginal,Wan'Dale Robinson,WR,TRUE
15,,3,Ouriginal,Philadelphia Eagles,DEF,TRUE
15,,3,Ouriginal,Oronde Gadsden,TE,FALSE
15,,3,Ouriginal,Jake Elliott,K,FALSE
15,,3,Ouriginal,Romeo Doubs,WR,FALSE
15,,3,Ouriginal,Rachaad White,RB,FALSE
15,,3,Ouriginal,Isiah Pacheco,RB,FALSE
15,,3,Ouriginal,New England Patriots,DEF,FALSE
15,4,4,pattycan,Rashee Rice,WR,TRUE
15,4,4,pattycan,Emeka Egbuka,WR,TRUE
15,4,4,pattycan,Wil Lutz,K,TRUE
15,4,4,pattycan,Lamar Jackson,QB,TRUE
15,4,4,pattycan,Dallas Goedert,TE,TRUE
15,4,4,pattycan,CeeDee Lamb,WR,TRUE
15,4,4,pattycan,Breece Hall,RB,TRUE
15,4,4,pattycan,De'Von Achane,RB,TRUE
15,4,4,pattycan,Green Bay Packers,DEF,TRUE
15,4,4,pattycan,Tre Tucker,WR,FALSE
15,4,4,pattycan,Drake Maye,QB,FALSE
15,4,4,pattycan,Joe Mixon,RB,FALSE
15,4,4,pattycan,Matt Gay,K,FALSE
15,4,4,pattycan,Jauan Jennings,WR,FALSE
15,4,4,pattycan,Darnell Mooney,WR,FALSE
15,4,4,pattycan,Zonovan Knight,RB,FALSE
15,,5,declancarroll,Bo Nix,QB,TRUE
15,,5,declancarroll,Xavier Worthy,WR,TRUE
15,,5,declancarroll,Harrison Butker,K,TRUE
15,,5,declancarroll,Courtland Sutton,WR,TRUE
15,,5,declancarroll,David Montgomery,RB,TRUE
15,,5,declancarroll,Juwan Johnson,TE,TRUE
15,,5,declancarroll,Ja'Marr Chase,WR,TRUE
15,,5,declancarroll,Chase Brown,RB,TRUE
15,,5,declancarroll,Los Angeles Chargers,DEF,TRUE
15,,5,declancarroll,Isaiah Davis,RB,FALSE
15,,5,declancarroll,Trey Benson,RB,FALSE
15,,5,declancarroll,Kimani Vidal,RB,FALSE
15,,5,declancarroll,Mason Taylor,TE,FALSE
15,,5,declancarroll,Mike Evans,WR,FALSE
15,,5,declancarroll,J.K. Dobbins,RB,FALSE
15,,5,declancarroll,Rashid Shaheed,WR,FALSE
15,,5,declancarroll,Jordan Addison,WR,FALSE
15,2,6,kingcarrillo,Woody Marks,RB,TRUE
15,2,6,kingcarrillo,Harold Fannin,TE,TRUE
15,2,6,kingcarrillo,Omarion Hampton,RB,TRUE
15,2,6,kingcarrillo,Tyler Loop,K,TRUE
15,2,6,kingcarrillo,Baker Mayfield,QB,TRUE
15,2,6,kingcarrillo,Nico Collins,WR,TRUE
15,2,6,kingcarrillo,George Pickens,WR,TRUE
15,2,6,kingcarrillo,Puka Nacua,WR,TRUE
15,2,6,kingcarrillo,Seattle Seahawks,DEF,TRUE
15,2,6,kingcarrillo,Alvin Kamara,RB,FALSE
15,2,6,kingcarrillo,Kareem Hunt,RB,FALSE
15,2,6,kingcarrillo,Mark Andrews,TE,FALSE
15,2,6,kingcarrillo,Jakobi Meyers,WR,FALSE
15,2,6,kingcarrillo,Trevor Lawrence,QB,FALSE
15,2,6,kingcarrillo,Quentin Johnston,WR,FALSE
15,4,7,NotKool,Devin Neal,RB,TRUE
15,4,7,NotKool,Tyler Warren,TE,TRUE
15,4,7,NotKool,Chris Boswell,K,TRUE
15,4,7,NotKool,Dak Prescott,QB,TRUE
15,4,7,NotKool,Tony Pollard,RB,TRUE
15,4,7,NotKool,Rico Dowdle,RB,TRUE
15,4,7,NotKool,Kayshon Boutte,WR,TRUE
15,4,7,NotKool,Zay Flowers,WR,TRUE
15,4,7,NotKool,Denver Broncos,DEF,TRUE
15,4,7,NotKool,Jayden Reed,WR,FALSE
15,4,7,NotKool,Troy Franklin,WR,FALSE
15,4,7,NotKool,Kyle Monangai,RB,FALSE
15,4,7,NotKool,Keenan Allen,WR,FALSE
15,4,7,NotKool,Jordan Mason,RB,FALSE
15,4,7,NotKool,Zach Charbonnet,RB,FALSE
15,5,8,Shnickel,Caleb Williams,QB,TRUE
15,5,8,Shnickel,AJ Barner,TE,TRUE
15,5,8,Shnickel,Brian Thomas,WR,TRUE
15,5,8,Shnickel,Cam Little,K,TRUE
15,5,8,Shnickel,RJ Harvey,RB,TRUE
15,5,8,Shnickel,Ashton Jeanty,RB,TRUE
15,5,8,Shnickel,Jameson Williams,WR,TRUE
15,5,8,Shnickel,Jaylen Warren,RB,TRUE
15,5,8,Shnickel,Washington Commanders,DEF,TRUE
15,5,8,Shnickel,Jayden Daniels,QB,FALSE
15,5,8,Shnickel,Evan Engram,TE,FALSE
15,5,8,Shnickel,Jerry Jeudy,WR,FALSE
15,5,8,Shnickel,Tee Higgins,WR,FALSE
15,5,8,Shnickel,Chuba Hubbard,RB,FALSE
15,5,8,Shnickel,Alec Pierce,WR,FALSE
15,5,8,Shnickel,Sean Tucker,RB,FALSE
15,1,9,HurricaneEich,Brandon Aubrey,K,TRUE
15,1,9,HurricaneEich,Davante Adams,WR,TRUE
15,1,9,HurricaneEich,Derrick Henry,RB,TRUE
15,1,9,HurricaneEich,Josh Jacobs,RB,TRUE
15,1,9,HurricaneEich,Deebo Samuel,WR,TRUE
15,1,9,HurricaneEich,Jalen Hurts,QB,TRUE
15,1,9,HurricaneEich,DeVonta Smith,WR,TRUE
15,1,9,HurricaneEich,Jake Ferguson,TE,TRUE
15,1,9,HurricaneEich,Tampa Bay Buccaneers,DEF,TRUE
15,1,9,HurricaneEich,Colston Loveland,TE,FALSE
15,1,9,HurricaneEich,Miles Sanders,RB,FALSE
15,1,9,HurricaneEich,Jordan Love,QB,FALSE
15,1,9,HurricaneEich,Michael Carter,RB,FALSE
15,1,9,HurricaneEich,Marvin Mims,WR,FALSE
15,1,9,HurricaneEich,Josh Downs,WR,FALSE
15,1,9,HurricaneEich,Detroit Lions,DEF,FALSE
15,,10,arturowong,Ladd McConkey,WR,TRUE
15,,10,arturowong,Ricky Pearsall,WR,TRUE
15,,10,arturowong,Jason Myers,K,TRUE
15,,10,arturowong,Aaron Jones,RB,TRUE
15,,10,arturowong,DJ Moore,WR,TRUE
15,,10,arturowong,Josh Allen,QB,TRUE
15,,10,arturowong,Kyle Pitts,TE,TRUE
15,,10,arturowong,Tyler Allgeier,RB,TRUE
15,,10,arturowong,Buffalo Bills,DEF,TRUE
15,,10,arturowong,Brock Bowers,TE,FALSE
15,,10,arturowong,Tetairoa McMillan,WR,FALSE
15,,10,arturowong,Saquon Barkley,RB,FALSE
15,,10,arturowong,Jaxon Smith-Njigba,WR,FALSE
15,,10,arturowong,Bijan Robinson,RB,FALSE
15,,10,arturowong,Los Angeles Rams,DEF,FALSE
15,5,11,ChexMixChester,Jaxson Dart,QB,TRUE
15,5,11,ChexMixChester,Quinshon Judkins,RB,TRUE
15,5,11,ChexMixChester,TreVeyon Henderson,RB,TRUE
15,5,11,ChexMixChester,Travis Kelce,TE,TRUE
15,5,11,ChexMixChester,Stefon Diggs,WR,TRUE
15,5,11,ChexMixChester,Amon-Ra St. Brown,WR,TRUE
15,5,11,ChexMixChester,James Cook,RB,TRUE
15,5,11,ChexMixChester,Cameron Dicker,K,TRUE
15,5,11,ChexMixChester,Houston Texans,DEF,TRUE
15,5,11,ChexMixChester,Keon Coleman,WR,FALSE
15,5,11,ChexMixChester,Tyrone Tracy,RB,FALSE
15,5,11,ChexMixChester,Jared Goff,QB,FALSE
15,5,11,ChexMixChester,Rhamondre Stevenson,RB,FALSE
15,5,11,ChexMixChester,Drake London,WR,FALSE
15,5,11,ChexMixChester,Khalil Shakir,WR,FALSE
15,1,12,Vishiga,Will Reichard,K,TRUE
15,1,12,Vishiga,Jayden Higgins,WR,TRUE
15,1,12,Vishiga,Joe Burrow,QB,TRUE
15,1,12,Vishiga,D'Andre Swift,RB,TRUE
15,1,12,Vishiga,Justin Jefferson,WR,TRUE
15,1,12,Vishiga,Javonte Williams,RB,TRUE
15,1,12,Vishiga,Trey McBride,TE,TRUE
15,1,12,Vishiga,Kyren Williams,RB,TRUE
15,1,12,Vishiga,Jacksonville Jaguars,DEF,TRUE
15,1,12,Vishiga,Theo Johnson,TE,FALSE
15,1,12,Vishiga,Ryan Flournoy,WR,FALSE
15,1,12,Vishiga,Chimere Dike,WR,FALSE
15,1,12,Vishiga,Kenneth Gainwell,RB,FALSE
15,1,12,Vishiga,John Metchie,WR,FALSE
15,1,12,Vishiga,Cleveland Browns,DEF,FALSE
16,3,1,Calcarro,Jake Bates,K,TRUE
16,3,1,Calcarro,Marvin Harrison,WR,TRUE
16,3,1,Calcarro,Dalton Schultz,TE,TRUE
16,3,1,Calcarro,Terry McLaurin,WR,TRUE
16,3,1,Calcarro,Justin Herbert,QB,TRUE
16,3,1,Calcarro,Jonathan Taylor,RB,TRUE
16,3,1,Calcarro,Christian Watson,WR,TRUE
16,3,1,Calcarro,Jahmyr Gibbs,RB,TRUE
16,3,1,Calcarro,Pittsburgh Steelers,DEF,TRUE
16,3,1,Calcarro,Sam LaPorta,TE,FALSE
16,3,1,Calcarro,Rome Odunze,WR,FALSE
16,3,1,Calcarro,Luther Burden,WR,FALSE
16,3,1,Calcarro,Jacory Croskey-Merritt,RB,FALSE
16,3,1,Calcarro,Jacoby Brissett,QB,FALSE
16,3,1,Calcarro,Devin Singletary,RB,FALSE
16,3,1,Calcarro,Brian Robinson,RB,FALSE
16,1,2,garrettmowery,Michael Wilson,WR,TRUE
16,1,2,garrettmowery,Christian McCaffrey,RB,TRUE
16,1,2,garrettmowery,George Kittle,TE,TRUE
16,1,2,garrettmowery,A.J. Brown,WR,TRUE
16,1,2,garrettmowery,Chase McLaughlin,K,TRUE
16,1,2,garrettmowery,Travis Etienne,RB,TRUE
16,1,2,garrettmowery,Chris Olave,WR,TRUE
16,1,2,garrettmowery,Brock Purdy,QB,TRUE
16,1,2,garrettmowery,Kansas City Chiefs,DEF,TRUE
16,1,2,garrettmowery,Chris Godwin,WR,FALSE
16,1,2,garrettmowery,Michael Pittman,WR,FALSE
16,1,2,garrettmowery,Garrett Wilson,WR,FALSE
16,1,2,garrettmowery,Kenneth Walker,RB,FALSE
16,1,2,garrettmowery,Indianapolis Colts,DEF,FALSE
16,4,3,Ouriginal,Bucky Irving,RB,TRUE
16,4,3,Ouriginal,Blake Corum,RB,TRUE
16,4,3,Ouriginal,Oronde Gadsden,TE,TRUE
16,4,3,Ouriginal,Jake Elliott,K,TRUE
16,4,3,Ouriginal,Matthew Stafford,QB,TRUE
16,4,3,Ouriginal,DK Metcalf,WR,TRUE
16,4,3,Ouriginal,Jaylen Waddle,WR,TRUE
16,4,3,Ouriginal,Wan'Dale Robinson,WR,TRUE
16,4,3,Ouriginal,Philadelphia Eagles,DEF,TRUE
16,4,3,Ouriginal,Dalton Kincaid,TE,FALSE
16,4,3,Ouriginal,Evan McPherson,K,FALSE
16,4,3,Ouriginal,Romeo Doubs,WR,FALSE
16,4,3,Ouriginal,Rachaad White,RB,FALSE
16,4,3,Ouriginal,Isiah Pacheco,RB,FALSE
16,4,3,Ouriginal,New England Patriots,DEF,FALSE
16,6,4,pattycan,Emeka Egbuka,WR,TRUE
16,6,4,pattycan,Wil Lutz,K,TRUE
16,6,4,pattycan,Lamar Jackson,QB,TRUE
16,6,4,pattycan,Dallas Goedert,TE,TRUE
16,6,4,pattycan,CeeDee Lamb,WR,TRUE
16,6,4,pattycan,Jauan Jennings,WR,TRUE
16,6,4,pattycan,Breece Hall,RB,TRUE
16,6,4,pattycan,De'Von Achane,RB,TRUE
16,6,4,pattycan,Green Bay Packers,DEF,TRUE
16,6,4,pattycan,Tre Tucker,WR,FALSE
16,6,4,pattycan,Rashee Rice,WR,FALSE
16,6,4,pattycan,Drake Maye,QB,FALSE
16,6,4,pattycan,Joe Mixon,RB,FALSE
16,6,4,pattycan,Matt Gay,K,FALSE
16,6,4,pattycan,Darnell Mooney,WR,FALSE
16,6,4,pattycan,Zonovan Knight,RB,FALSE
16,5,5,declancarroll,Bo Nix,QB,TRUE
16,5,5,declancarroll,Mike Evans,WR,TRUE
16,5,5,declancarroll,Harrison Butker,K,TRUE
16,5,5,declancarroll,Courtland Sutton,WR,TRUE
16,5,5,declancarroll,David Montgomery,RB,TRUE
16,5,5,declancarroll,Juwan Johnson,TE,TRUE
16,5,5,declancarroll,Ja'Marr Chase,WR,TRUE
16,5,5,declancarroll,Chase Brown,RB,TRUE
16,5,5,declancarroll,Los Angeles Chargers,DEF,TRUE
16,5,5,declancarroll,Isaiah Davis,RB,FALSE
16,5,5,declancarroll,Trey Benson,RB,FALSE
16,5,5,declancarroll,Xavier Worthy,WR,FALSE
16,5,5,declancarroll,Kimani Vidal,RB,FALSE
16,5,5,declancarroll,Mason Taylor,TE,FALSE
16,5,5,declancarroll,Rashid Shaheed,WR,FALSE
16,5,5,declancarroll,Jordan Addison,WR,FALSE
16,2,6,kingcarrillo,Jawhar Jordan,RB,TRUE
16,2,6,kingcarrillo,Harold Fannin,TE,TRUE
16,2,6,kingcarrillo,Omarion Hampton,RB,TRUE
16,2,6,kingcarrillo,Ka'imi Fairbairn,K,TRUE
16,2,6,kingcarrillo,Baker Mayfield,QB,TRUE
16,2,6,kingcarrillo,Nico Collins,WR,TRUE
16,2,6,kingcarrillo,George Pickens,WR,TRUE
16,2,6,kingcarrillo,Puka Nacua,WR,TRUE
16,2,6,kingcarrillo,New Orleans Saints,DEF,TRUE
16,2,6,kingcarrillo,Woody Marks,RB,FALSE
16,2,6,kingcarrillo,Kareem Hunt,RB,FALSE
16,2,6,kingcarrillo,Mark Andrews,TE,FALSE
16,2,6,kingcarrillo,Jakobi Meyers,WR,FALSE
16,2,6,kingcarrillo,Quentin Johnston,WR,FALSE
16,2,6,kingcarrillo,Seattle Seahawks,DEF,FALSE
16,4,7,NotKool,Jayden Reed,WR,TRUE
16,4,7,NotKool,Troy Franklin,WR,TRUE
16,4,7,NotKool,Tyler Shough,QB,TRUE
16,4,7,NotKool,Chris Boswell,K,TRUE
16,4,7,NotKool,T.J. Hockenson,TE,TRUE
16,4,7,NotKool,Tony Pollard,RB,TRUE
16,4,7,NotKool,Rico Dowdle,RB,TRUE
16,4,7,NotKool,Zay Flowers,WR,TRUE
16,4,7,NotKool,Denver Broncos,DEF,TRUE
16,4,7,NotKool,Tyler Warren,TE,FALSE
16,4,7,NotKool,Kyle Monangai,RB,FALSE
16,4,7,NotKool,Keenan Allen,WR,FALSE
16,4,7,NotKool,Dak Prescott,QB,FALSE
16,4,7,NotKool,Kayshon Boutte,WR,FALSE
16,5,8,Shnickel,Caleb Williams,QB,TRUE
16,5,8,Shnickel,AJ Barner,TE,TRUE
16,5,8,Shnickel,Brian Thomas,WR,TRUE
16,5,8,Shnickel,Cam Little,K,TRUE
16,5,8,Shnickel,RJ Harvey,RB,TRUE
16,5,8,Shnickel,Ashton Jeanty,RB,TRUE
16,5,8,Shnickel,Jameson Williams,WR,TRUE
16,5,8,Shnickel,Jaylen Warren,RB,TRUE
16,5,8,Shnickel,Washington Commanders,DEF,TRUE
16,5,8,Shnickel,Emanuel Wilson,RB,FALSE
16,5,8,Shnickel,Jayden Daniels,QB,FALSE
16,5,8,Shnickel,Evan Engram,TE,FALSE
16,5,8,Shnickel,Jerry Jeudy,WR,FALSE
16,5,8,Shnickel,Tee Higgins,WR,FALSE
16,5,8,Shnickel,Chuba Hubbard,RB,FALSE
16,5,8,Shnickel,Alec Pierce,WR,FALSE
16,3,9,HurricaneEich,Brandon Aubrey,K,TRUE
16,3,9,HurricaneEich,Derrick Henry,RB,TRUE
16,3,9,HurricaneEich,Josh Jacobs,RB,TRUE
16,3,9,HurricaneEich,Deebo Samuel,WR,TRUE
16,3,9,HurricaneEich,Jalen Hurts,QB,TRUE
16,3,9,HurricaneEich,DeVonta Smith,WR,TRUE
16,3,9,HurricaneEich,Jake Ferguson,TE,TRUE
16,3,9,HurricaneEich,Josh Downs,WR,TRUE
16,3,9,HurricaneEich,Tampa Bay Buccaneers,DEF,TRUE
16,3,9,HurricaneEich,Colston Loveland,TE,FALSE
16,3,9,HurricaneEich,Davante Adams,WR,FALSE
16,3,9,HurricaneEich,Miles Sanders,RB,FALSE
16,3,9,HurricaneEich,Jordan Love,QB,FALSE
16,3,9,HurricaneEich,Michael Carter,RB,FALSE
16,3,9,HurricaneEich,Marvin Mims,WR,FALSE
16,3,9,HurricaneEich,Detroit Lions,DEF,FALSE
16,2,10,arturowong,Brock Bowers,TE,TRUE
16,2,10,arturowong,Tetairoa McMillan,WR,TRUE
16,2,10,arturowong,Jason Myers,K,TRUE
16,2,10,arturowong,Saquon Barkley,RB,TRUE
16,2,10,arturowong,Josh Allen,QB,TRUE
16,2,10,arturowong,Kyle Pitts,TE,TRUE
16,2,10,arturowong,Jaxon Smith-Njigba,WR,TRUE
16,2,10,arturowong,Bijan Robinson,RB,TRUE
16,2,10,arturowong,Buffalo Bills,DEF,TRUE
16,2,10,arturowong,Ladd McConkey,WR,FALSE
16,2,10,arturowong,Ricky Pearsall,WR,FALSE
16,2,10,arturowong,Aaron Jones,RB,FALSE
16,2,10,arturowong,DJ Moore,WR,FALSE
16,2,10,arturowong,Tyler Allgeier,RB,FALSE
16,2,10,arturowong,Los Angeles Rams,DEF,FALSE
16,6,11,ChexMixChester,Jaxson Dart,QB,TRUE
16,6,11,ChexMixChester,Quinshon Judkins,RB,TRUE
16,6,11,ChexMixChester,TreVeyon Henderson,RB,TRUE
16,6,11,ChexMixChester,Travis Kelce,TE,TRUE
16,6,11,ChexMixChester,Stefon Diggs,WR,TRUE
16,6,11,ChexMixChester,Amon-Ra St. Brown,WR,TRUE
16,6,11,ChexMixChester,James Cook,RB,TRUE
16,6,11,ChexMixChester,Cameron Dicker,K,TRUE
16,6,11,ChexMixChester,Houston Texans,DEF,TRUE
16,6,11,ChexMixChester,Keon Coleman,WR,FALSE
16,6,11,ChexMixChester,Tyrone Tracy,RB,FALSE
16,6,11,ChexMixChester,Jared Goff,QB,FALSE
16,6,11,ChexMixChester,Rhamondre Stevenson,RB,FALSE
16,6,11,ChexMixChester,Drake London,WR,FALSE
16,6,11,ChexMixChester,Khalil Shakir,WR,FALSE
16,1,12,Vishiga,Adonai Mitchell,WR,TRUE
16,1,12,Vishiga,Will Reichard,K,TRUE
16,1,12,Vishiga,Joe Burrow,QB,TRUE
16,1,12,Vishiga,D'Andre Swift,RB,TRUE
16,1,12,Vishiga,Justin Jefferson,WR,TRUE
16,1,12,Vishiga,Javonte Williams,RB,TRUE
16,1,12,Vishiga,Trey McBride,TE,TRUE
16,1,12,Vishiga,Kyren Williams,RB,TRUE
16,1,12,Vishiga,Jacksonville Jaguars,DEF,TRUE
16,1,12,Vishiga,Theo Johnson,TE,FALSE
16,1,12,Vishiga,Ryan Flournoy,WR,FALSE
16,1,12,Vishiga,Jayden Higgins,WR,FALSE
16,1,12,Vishiga,Chimere Dike,WR,FALSE
16,1,12,Vishiga,Kenneth Gainwell,RB,FALSE
16,1,12,Vishiga,Cleveland Browns,DEF,FALSE
17,,1,Calcarro,Jake Bates,K,TRUE
17,,1,Calcarro,Marvin Harrison,WR,TRUE
17,,1,Calcarro,Dalton Schultz,TE,TRUE
17,,1,Calcarro,Terry McLaurin,WR,TRUE
17,,1,Calcarro,Justin Herbert,QB,TRUE
17,,1,Calcarro,Jonathan Taylor,RB,TRUE
17,,1,Calcarro,Christian Watson,WR,TRUE
17,,1,Calcarro,Jahmyr Gibbs,RB,TRUE
17,,1,Calcarro,Pittsburgh Steelers,DEF,TRUE
17,,1,Calcarro,Sam LaPorta,TE,FALSE
17,,1,Calcarro,Rome Odunze,WR,FALSE
17,,1,Calcarro,Luther Burden,WR,FALSE
17,,1,Calcarro,Jacory Croskey-Merritt,RB,FALSE
17,,1,Calcarro,Jacoby Brissett,QB,FALSE
17,,1,Calcarro,Devin Singletary,RB,FALSE
17,,1,Calcarro,Brian Robinson,RB,FALSE
17,1,2,garrettmowery,Michael Wilson,WR,TRUE
17,1,2,garrettmowery,Christian McCaffrey,RB,TRUE
17,1,2,garrettmowery,Taysom Hill,TE,TRUE
17,1,2,garrettmowery,A.J. Brown,WR,TRUE
17,1,2,garrettmowery,Chase McLaughlin,K,TRUE
17,1,2,garrettmowery,Travis Etienne,RB,TRUE
17,1,2,garrettmowery,Chris Olave,WR,TRUE
17,1,2,garrettmowery,Brock Purdy,QB,TRUE
17,1,2,garrettmowery,New York Giants,DEF,TRUE
17,1,2,garrettmowery,Chris Godwin,WR,FALSE
17,1,2,garrettmowery,George Kittle,TE,FALSE
17,1,2,garrettmowery,Michael Pittman,WR,FALSE
17,1,2,garrettmowery,Garrett Wilson,WR,FALSE
17,1,2,garrettmowery,Kenneth Walker,RB,FALSE
17,1,2,garrettmowery,Brenton Strange,TE,FALSE
17,1,2,garrettmowery,Indianapolis Colts,DEF,FALSE
17,1,2,garrettmowery,Kansas City Chiefs,DEF,FALSE
17,4,3,Ouriginal,Bucky Irving,RB,TRUE
17,4,3,Ouriginal,Blake Corum,RB,TRUE
17,4,3,Ouriginal,Oronde Gadsden,TE,TRUE
17,4,3,Ouriginal,Matthew Stafford,QB,TRUE
17,4,3,Ouriginal,Jaylen Waddle,WR,TRUE
17,4,3,Ouriginal,Evan McPherson,K,TRUE
17,4,3,Ouriginal,Romeo Doubs,WR,TRUE
17,4,3,Ouriginal,Wan'Dale Robinson,WR,TRUE
17,4,3,Ouriginal,New England Patriots,DEF,TRUE
17,4,3,Ouriginal,Dalton Kincaid,TE,FALSE
17,4,3,Ouriginal,Jake Elliott,K,FALSE
17,4,3,Ouriginal,DK Metcalf,WR,FALSE
17,4,3,Ouriginal,Rachaad White,RB,FALSE
17,4,3,Ouriginal,Isiah Pacheco,RB,FALSE
17,4,3,Ouriginal,Philadelphia Eagles,DEF,FALSE
17,,4,pattycan,Emeka Egbuka,WR,TRUE
17,,4,pattycan,Wil Lutz,K,TRUE
17,,4,pattycan,Lamar Jackson,QB,TRUE
17,,4,pattycan,Dallas Goedert,TE,TRUE
17,,4,pattycan,CeeDee Lamb,WR,TRUE
17,,4,pattycan,Jauan Jennings,WR,TRUE
17,,4,pattycan,Breece Hall,RB,TRUE
17,,4,pattycan,De'Von Achane,RB,TRUE
17,,4,pattycan,Green Bay Packers,DEF,TRUE
17,,4,pattycan,Tre Tucker,WR,FALSE
17,,4,pattycan,Rashee Rice,WR,FALSE
17,,4,pattycan,Drake Maye,QB,FALSE
17,,4,pattycan,Joe Mixon,RB,FALSE
17,,4,pattycan,Matt Gay,K,FALSE
17,,4,pattycan,Darnell Mooney,WR,FALSE
17,,4,pattycan,Zonovan Knight,RB,FALSE
17,4,5,declancarroll,Bo Nix,QB,TRUE
17,4,5,declancarroll,Mike Evans,WR,TRUE
17,4,5,declancarroll,Harrison Butker,K,TRUE
17,4,5,declancarroll,Courtland Sutton,WR,TRUE
17,4,5,declancarroll,David Montgomery,RB,TRUE
17,4,5,declancarroll,Juwan Johnson,TE,TRUE
17,4,5,declancarroll,Ja'Marr Chase,WR,TRUE
17,4,5,declancarroll,Chase Brown,RB,TRUE
17,4,5,declancarroll,Los Angeles Chargers,DEF,TRUE
17,4,5,declancarroll,Isaiah Davis,RB,FALSE
17,4,5,declancarroll,Trey Benson,RB,FALSE
17,4,5,declancarroll,Xavier Worthy,WR,FALSE
17,4,5,declancarroll,Kimani Vidal,RB,FALSE
17,4,5,declancarroll,Mason Taylor,TE,FALSE
17,4,5,declancarroll,Rashid Shaheed,WR,FALSE
17,4,5,declancarroll,Jordan Addison,WR,FALSE
17,1,6,kingcarrillo,Harold Fannin,TE,TRUE
17,1,6,kingcarrillo,Omarion Hampton,RB,TRUE
17,1,6,kingcarrillo,Ka'imi Fairbairn,K,TRUE
17,1,6,kingcarrillo,Jakobi Meyers,WR,TRUE
17,1,6,kingcarrillo,Trevor Lawrence,QB,TRUE
17,1,6,kingcarrillo,George Pickens,WR,TRUE
17,1,6,kingcarrillo,Puka Nacua,WR,TRUE
17,1,6,kingcarrillo,Zach Charbonnet,RB,TRUE
17,1,6,kingcarrillo,Seattle Seahawks,DEF,TRUE
17,1,6,kingcarrillo,Woody Marks,RB,FALSE
17,1,6,kingcarrillo,Kareem Hunt,RB,FALSE
17,1,6,kingcarrillo,Baker Mayfield,QB,FALSE
17,1,6,kingcarrillo,Nico Collins,WR,FALSE
17,1,6,kingcarrillo,Quentin Johnston,WR,FALSE
17,1,6,kingcarrillo,New Orleans Saints,DEF,FALSE
17,5,7,NotKool,Jayden Reed,WR,TRUE
17,5,7,NotKool,Troy Franklin,WR,TRUE
17,5,7,NotKool,Tyler Warren,TE,TRUE
17,5,7,NotKool,Tyler Shough,QB,TRUE
17,5,7,NotKool,Chris Boswell,K,TRUE
17,5,7,NotKool,Tony Pollard,RB,TRUE
17,5,7,NotKool,Rico Dowdle,RB,TRUE
17,5,7,NotKool,Zay Flowers,WR,TRUE
17,5,7,NotKool,Denver Broncos,DEF,TRUE
17,5,7,NotKool,Kyle Monangai,RB,FALSE
17,5,7,NotKool,Keenan Allen,WR,FALSE
17,5,7,NotKool,Dak Prescott,QB,FALSE
17,5,7,NotKool,T.J. Hockenson,TE,FALSE
17,5,7,NotKool,Kayshon Boutte,WR,FALSE
17,5,8,Shnickel,Caleb Williams,QB,TRUE
17,5,8,Shnickel,AJ Barner,TE,TRUE
17,5,8,Shnickel,Brian Thomas,WR,TRUE
17,5,8,Shnickel,Cam Little,K,TRUE
17,5,8,Shnickel,RJ Harvey,RB,TRUE
17,5,8,Shnickel,Ashton Jeanty,RB,TRUE
17,5,8,Shnickel,Jameson Williams,WR,TRUE
17,5,8,Shnickel,Jaylen Warren,RB,TRUE
17,5,8,Shnickel,Washington Commanders,DEF,TRUE
17,5,8,Shnickel,Emanuel Wilson,RB,FALSE
17,5,8,Shnickel,Jayden Daniels,QB,FALSE
17,5,8,Shnickel,Evan Engram,TE,FALSE
17,5,8,Shnickel,Jerry Jeudy,WR,FALSE
17,5,8,Shnickel,Tee Higgins,WR,FALSE
17,5,8,Shnickel,Chuba Hubbard,RB,FALSE
17,5,8,Shnickel,Alec Pierce,WR,FALSE
17,,9,HurricaneEich,Brandon Aubrey,K,TRUE
17,,9,HurricaneEich,Derrick Henry,RB,TRUE
17,,9,HurricaneEich,Josh Jacobs,RB,TRUE
17,,9,HurricaneEich,Deebo Samuel,WR,TRUE
17,,9,HurricaneEich,Jalen Hurts,QB,TRUE
17,,9,HurricaneEich,DeVonta Smith,WR,TRUE
17,,9,HurricaneEich,Jake Ferguson,TE,TRUE
17,,9,HurricaneEich,Josh Downs,WR,TRUE
17,,9,HurricaneEich,Tampa Bay Buccaneers,DEF,TRUE
17,,9,HurricaneEich,Colston Loveland,TE,FALSE
17,,9,HurricaneEich,Davante Adams,WR,FALSE
17,,9,HurricaneEich,Miles Sanders,RB,FALSE
17,,9,HurricaneEich,Jordan Love,QB,FALSE
17,,9,HurricaneEich,Michael Carter,RB,FALSE
17,,9,HurricaneEich,Marvin Mims,WR,FALSE
17,,9,HurricaneEich,Detroit Lions,DEF,FALSE
17,2,10,arturowong,Tetairoa McMillan,WR,TRUE
17,2,10,arturowong,Jason Myers,K,TRUE
17,2,10,arturowong,Saquon Barkley,RB,TRUE
17,2,10,arturowong,DJ Moore,WR,TRUE
17,2,10,arturowong,Josh Allen,QB,TRUE
17,2,10,arturowong,Kyle Pitts,TE,TRUE
17,2,10,arturowong,Jaxon Smith-Njigba,WR,TRUE
17,2,10,arturowong,Bijan Robinson,RB,TRUE
17,2,10,arturowong,Los Angeles Rams,DEF,TRUE
17,2,10,arturowong,Brock Bowers,TE,FALSE
17,2,10,arturowong,Ladd McConkey,WR,FALSE
17,2,10,arturowong,Ricky Pearsall,WR,FALSE
17,2,10,arturowong,Aaron Jones,RB,FALSE
17,2,10,arturowong,Tyler Allgeier,RB,FALSE
17,2,10,arturowong,Buffalo Bills,DEF,FALSE
17,,11,ChexMixChester,Jaxson Dart,QB,TRUE
17,,11,ChexMixChester,Quinshon Judkins,RB,TRUE
17,,11,ChexMixChester,TreVeyon Henderson,RB,TRUE
17,,11,ChexMixChester,Travis Kelce,TE,TRUE
17,,11,ChexMixChester,Stefon Diggs,WR,TRUE
17,,11,ChexMixChester,Amon-Ra St. Brown,WR,TRUE
17,,11,ChexMixChester,James Cook,RB,TRUE
17,,11,ChexMixChester,Cameron Dicker,K,TRUE
17,,11,ChexMixChester,Houston Texans,DEF,TRUE
17,,11,ChexMixChester,Keon Coleman,WR,FALSE
17,,11,ChexMixChester,Tyrone Tracy,RB,FALSE
17,,11,ChexMixChester,Jared Goff,QB,FALSE
17,,11,ChexMixChester,Rhamondre Stevenson,RB,FALSE
17,,11,ChexMixChester,Drake London,WR,FALSE
17,,11,ChexMixChester,Khalil Shakir,WR,FALSE
17,2,12,Vishiga,Adonai Mitchell,WR,TRUE
17,2,12,Vishiga,Will Reichard,K,TRUE
17,2,12,Vishiga,Joe Burrow,QB,TRUE
17,2,12,Vishiga,Justin Jefferson,WR,TRUE
17,2,12,Vishiga,Kenneth Gainwell,RB,TRUE
17,2,12,Vishiga,Javonte Williams,RB,TRUE
17,2,12,Vishiga,Trey McBride,TE,TRUE
17,2,12,Vishiga,Kyren Williams,RB,TRUE
17,2,12,Vishiga,Jacksonville Jaguars,DEF,TRUE
17,2,12,Vishiga,Theo Johnson,TE,FALSE
17,2,12,Vishiga,Ryan Flournoy,WR,FALSE
17,2,12,Vishiga,Jayden Higgins,WR,FALSE
17,2,12,Vishiga,Chimere Dike,WR,FALSE
17,2,12,Vishiga,D'Andre Swift,RB,FALSE
17,2,12,Vishiga,Cleveland Browns,DEF,FALSE
